$SPEC_ID:
No sample description was entered.
$SPEC_REM:
DET# 1
DETDESC# DESKTOP-LO9J119 MCB 337
AP# Maestro Version 5.35.01
$DATE_MEA:
01/26/2026 15:38:36
$MEAS_TIM:
429	441
$DATA:
0 8191
	-54.2764	1.67341
	-53.1929	1.65663
	-54.4311	1.6758
	-56.1853	1.70259
	-52.0063	1.63804
	-52.8317	1.65099
	-50.5616	1.61513
	-50.9744	1.62171
	-49.9941	1.60604
	-49.2202	1.59356
	-49.9425	1.60521
	-48.9106	1.58854
	-46.8985	1.55552
	-49.9425	1.60521
	-46.8985	1.55552
	-47.5176	1.56576
	-50.2521	1.61018
	-46.7953	1.55381
	-48.2915	1.57846
	-46.7437	1.55296
	-48.2399	1.57761
	-46.6921	1.5521
	-45.1443	1.52616
	-41.636	1.46566
	-44.68	1.51829
	-46.5889	1.55038
	-41.0684	1.45563
	-42.9774	1.48908
	-41.7391	1.46747
	-41.4812	1.46293
	-41.5328	1.46384
	-43.0806	1.49086
	-41.12	1.45655
	-42.2551	1.47651
	-42.2035	1.47561
	-38.6951	1.41295
	-43.9061	1.50508
	-39.6754	1.43073
	-41.2748	1.45928
	-39.985	1.4363
	-39.6754	1.43073
	-40.7589	1.45014
	-35.9091	1.36113
	-40.3461	1.44277
	-40.7073	1.44922
	-37.818	1.39684
	-37.5601	1.39207
	-37.1473	1.3844
	-39.8818	1.43445
	-40.3977	1.4437
	-36.4766	1.37184
	-37.9212	1.39875
	-37.3021	1.38728
	-35.5995	1.35525
	-35.7543	1.35819
	-37.4569	1.39016
	-36.5798	1.37378
	-35.9607	1.36211
	-36.3218	1.36893
	-35.5479	1.35427
	-34.4645	1.33347
	-34.7224	1.33845
	-36.9925	1.38151
	-33.8969	1.32245
	-37.5601	1.39207
	-36.683	1.37572
	-35.0836	1.34539
	-32.1943	1.28881
	-34.5676	1.33546
	-33.0714	1.30624
	-35.0836	1.34539
	-34.3097	1.33047
	-33.3294	1.31133
	-32.8135	1.30114
	-32.8135	1.30114
	-31.9364	1.28363
	-34.1549	1.32747
	-32.0912	1.28674
	-31.8848	1.28259
	-33.8969	1.32245
	-33.8969	1.32245
	-31.4204	1.27322
	-30.6981	1.2585
	-34.4645	1.33347
	-30.1822	1.24788
	-32.2459	1.28984
	-29.7179	1.23824
	-30.7497	1.25956
	-33.3294	1.31133
	-30.2338	1.24895
	-29.2535	1.22853
	-31.2141	1.26903
	-29.3567	1.2307
	-32.0912	1.28674
	-29.9758	1.24361
	-29.2535	1.22853
	-30.1306	1.24681
	-26.0031	1.15827
	-29.2535	1.22853
	-29.6663	1.23717
	-30.2338	1.24895
	-28.944	1.22201
	-29.0471	1.22419
	-29.5115	1.23394
	-31.2657	1.27008
	-26.6738	1.17311
	-27.3962	1.18889
	-28.9956	1.2231
	-28.9956	1.2231
	-26.8802	1.17764
	-29.7695	1.23932
	-26.6222	1.17198
	-27.7573	1.1967
	-27.1382	1.18328
	-27.0866	1.18216
	-26.8286	1.17651
	-26.3127	1.16515
	-28.1185	1.20446
	-26.9834	1.1799
	-27.4477	1.19001
	-28.9956	1.2231
	-25.5904	1.14904
	-28.3764	1.20997
	-26.3643	1.16629
	-26.2611	1.164
	-27.3446	1.18777
	-26.2611	1.164
	-24.3005	1.11971
	-25.9515	1.15712
	-27.4993	1.19113
	-25.0229	1.13623
	-25.8483	1.15482
	-25.0229	1.13623
	-24.5585	1.12564
	-24.9197	1.13388
	-25.6936	1.15136
	-26.3643	1.16629
	-25.7452	1.15251
	-24.3005	1.11971
	-27.293	1.18665
	-24.8681	1.13271
	-24.9197	1.13388
	-24.9197	1.13388
	-25.0744	1.1374
	-23.8362	1.10896
	-22.9591	1.08837
	-23.2171	1.09446
	-25.3324	1.14324
	-22.7527	1.08346
	-23.3203	1.09689
	-26.8802	1.17764
	-26.3643	1.16629
	-25.5388	1.14788
	-24.6617	1.128
	-25.7968	1.15367
	-25.5904	1.14904
	-25.6936	1.15136
	-27.6025	1.19336
	-24.8165	1.13153
	-25.2808	1.14207
	-26.9834	1.1799
	-23.2687	1.09568
	-25.3324	1.14324
	-22.5464	1.07854
	-24.8165	1.13153
	-25.4872	1.14672
	-24.4037	1.12208
	-25.384	1.1444
	-25.7452	1.15251
	-23.2687	1.09568
	-24.7133	1.12918
	-25.384	1.1444
	-26.6738	1.17311
	-25.3324	1.14324
	-24.9197	1.13388
	-25.5904	1.14904
	-25.7968	1.15367
	-24.9713	1.13506
	-25.0229	1.13623
	-25.7968	1.15367
	-26.3643	1.16629
	-25.1776	1.13974
	-25.2292	1.1409
	-27.3962	1.18889
	-28.428	1.21107
	-25.9515	1.15712
	-25.126	1.13857
	-24.8165	1.13153
	-26.6738	1.17311
	-27.9121	1.20003
	-27.293	1.18665
	-26.0031	1.15827
	-28.3764	1.20997
	-26.8286	1.17651
	-26.0547	1.15942
	-26.3127	1.16515
	-27.035	1.18103
	-26.1063	1.16057
	-27.2414	1.18553
	-24.9197	1.13388
	-28.7376	1.21765
	-25.642	1.1502
	-27.7057	1.19559
	-27.8089	1.19781
	-26.7254	1.17425
	-26.8286	1.17651
	-26.5191	1.16971
	-26.4675	1.16857
	-27.6025	1.19336
	-29.5631	1.23502
	-26.777	1.17538
	-27.9121	1.20003
	-26.9834	1.1799
	-28.2216	1.20667
	-28.1185	1.20446
	-29.7695	1.23932
	-29.9242	1.24254
	-28.8408	1.21983
	-30.1306	1.24681
	-29.1503	1.22636
	-28.9956	1.2231
	-29.5631	1.23502
	-32.6071	1.29704
	-29.7179	1.23824
	-29.0987	1.22528
	-31.6268	1.2774
	-31.1109	1.26693
	-30.337	1.25108
	-31.5236	1.27531
	-30.6465	1.25744
	-30.337	1.25108
	-28.2732	1.20777
	-30.2854	1.25001
	-31.8848	1.28259
	-30.7497	1.25956
	-31.3689	1.27217
	-32.5039	1.29499
	-31.9364	1.28363
	-31.6784	1.27844
	-30.9045	1.26272
	-31.6784	1.27844
	-30.9045	1.26272
	-32.0912	1.28674
	-32.5555	1.29601
	-30.8529	1.26167
	-29.9242	1.24254
	-31.472	1.27427
	-32.1428	1.28777
	-31.8848	1.28259
	-33.3294	1.31133
	-31.5752	1.27635
	-30.6465	1.25744
	-30.6981	1.2585
	-31.7816	1.28052
	-30.5949	1.25638
	-33.381	1.31234
	-35.3931	1.35132
	-34.8772	1.34143
	-35.29	1.34935
	-33.381	1.31234
	-31.3689	1.27217
	-33.0714	1.30624
	-32.7619	1.30012
	-31.7816	1.28052
	-32.8135	1.30114
	-34.2065	1.32847
	-32.9167	1.30318
	-32.7619	1.30012
	-32.1943	1.28881
	-34.0517	1.32546
	-32.9683	1.3042
	-34.0517	1.32546
	-33.3294	1.31133
	-34.1549	1.32747
	-34.1549	1.32747
	-34.1033	1.32646
	-34.1549	1.32747
	-33.6906	1.31841
	-35.3416	1.35033
	-36.0123	1.36308
	-35.5479	1.35427
	-36.7862	1.37765
	-35.7027	1.35721
	-34.1549	1.32747
	-35.8059	1.35917
	-35.032	1.3444
	-35.8575	1.36015
	-34.9804	1.34341
	-35.3416	1.35033
	-35.4447	1.3523
	-35.1868	1.34737
	-37.2505	1.38632
	-37.5085	1.39111
	-34.3613	1.33147
	-32.0396	1.2857
	-34.9288	1.34242
	-34.6708	1.33746
	-36.941	1.38055
	-33.2262	1.3093
	-36.0123	1.36308
	-35.8575	1.36015
	-35.5995	1.35525
	-35.2384	1.34836
	-38.2308	1.40444
	-35.4963	1.35328
	-34.1033	1.32646
	-38.2308	1.40444
	-37.7149	1.39493
	-35.1352	1.34638
	-37.4569	1.39016
	-34.7224	1.33845
	-35.9091	1.36113
	-38.2308	1.40444
	-36.3734	1.3699
	-36.683	1.37572
	-33.1746	1.30828
	-37.3021	1.38728
	-34.1549	1.32747
	-36.167	1.36601
	-37.3021	1.38728
	-34.8256	1.34044
	-38.9015	1.41671
	-36.3218	1.36893
	-37.2505	1.38632
	-37.8696	1.39779
	-34.5676	1.33546
	-36.8894	1.37958
	-34.1033	1.32646
	-34.774	1.33945
	-35.3416	1.35033
	-38.7983	1.41483
	-36.4766	1.37184
	-36.167	1.36601
	-38.6435	1.412
	-34.1549	1.32747
	-37.4569	1.39016
	-34.774	1.33945
	-34.8256	1.34044
	-35.8575	1.36015
	-36.0639	1.36406
	-36.1155	1.36504
	-36.4766	1.37184
	-35.032	1.3444
	-35.5479	1.35427
	-38.1792	1.4035
	-37.5085	1.39111
	-34.7224	1.33845
	-37.6117	1.39302
	-35.9091	1.36113
	-36.8378	1.37862
	-37.2505	1.38632
	-33.2778	1.31031
	-35.1868	1.34737
	-34.5161	1.33447
	-34.5676	1.33546
	-36.8894	1.37958
	-35.032	1.3444
	-33.7422	1.31942
	-36.1155	1.36504
	-33.8453	1.32144
	-34.3613	1.33147
	-32.1943	1.28881
	-34.774	1.33945
	-32.9167	1.30318
	-34.6192	1.33646
	-36.7346	1.37669
	-37.8696	1.39779
	-37.4569	1.39016
	-34.4129	1.33247
	-33.9485	1.32345
	-36.3218	1.36893
	-35.3416	1.35033
	-32.8651	1.30216
	-32.5039	1.29499
	-33.6906	1.31841
	-33.6906	1.31841
	-36.0639	1.36406
	-36.425	1.37087
	-34.1549	1.32747
	-34.5676	1.33546
	-35.8059	1.35917
	-34.7224	1.33845
	-31.7816	1.28052
	-33.639	1.3174
	-34.6708	1.33746
	-33.0198	1.30522
	-33.7937	1.32043
	-34.3613	1.33147
	-35.4963	1.35328
	-32.3491	1.2919
	-33.0714	1.30624
	-32.9683	1.3042
	-34.3613	1.33147
	-34.3097	1.33047
	-33.8969	1.32245
	-33.8969	1.32245
	-35.9091	1.36113
	-33.4842	1.31437
	-31.472	1.27427
	-30.8013	1.26061
	-31.3173	1.27113
	-32.2975	1.29087
	-34.6708	1.33746
	-31.988	1.28467
	-32.7103	1.29909
	-35.7027	1.35721
	-30.6981	1.2585
	-32.2459	1.28984
	-33.9485	1.32345
	-33.5358	1.31538
	-31.8848	1.28259
	-32.4523	1.29396
	-28.686	1.21656
	-33.1746	1.30828
	-32.0912	1.28674
	-31.3173	1.27113
	-31.2141	1.26903
	-33.2262	1.3093
	-29.4083	1.23178
	-33.2778	1.31031
	-31.7816	1.28052
	-32.1428	1.28777
	-31.8332	1.28156
	-31.2657	1.27008
	-32.1428	1.28777
	-31.7816	1.28052
	-32.7619	1.30012
	-28.9956	1.2231
	-32.1428	1.28777
	-29.9758	1.24361
	-28.5312	1.21327
	-29.9758	1.24361
	-35.29	1.34935
	-29.4599	1.23286
	-30.5434	1.25532
	-30.6981	1.2585
	-28.8924	1.22093
	-32.2975	1.29087
	-30.5434	1.25532
	-31.8332	1.28156
	-29.7179	1.23824
	-30.0274	1.24468
	-28.3764	1.20997
	-31.472	1.27427
	-30.079	1.24575
	-28.944	1.22201
	-28.8924	1.22093
	-27.8605	1.19892
	-28.0153	1.20225
	-29.7695	1.23932
	-27.9637	1.20114
	-29.5115	1.23394
	-28.0153	1.20225
	-28.6344	1.21546
	-29.5631	1.23502
	-28.2216	1.20667
	-29.0987	1.22528
	-29.2019	1.22745
	-30.8529	1.26167
	-29.4083	1.23178
	-28.1701	1.20557
	-31.0077	1.26483
	-31.3173	1.27113
	-27.7057	1.19559
	-28.9956	1.2231
	-29.5631	1.23502
	-25.7452	1.15251
	-26.777	1.17538
	-28.1185	1.20446
	-27.035	1.18103
	-27.1898	1.18441
	-26.9318	1.17877
	-29.4599	1.23286
	-27.1382	1.18328
	-29.7179	1.23824
	-27.9121	1.20003
	-27.3446	1.18777
	-26.777	1.17538
	-26.8802	1.17764
	-26.1579	1.16171
	-26.4159	1.16743
	-27.7573	1.1967
	-25.7452	1.15251
	-27.7573	1.1967
	-26.3643	1.16629
	-27.3962	1.18889
	-26.9318	1.17877
	-26.5707	1.17084
	-27.035	1.18103
	-26.0547	1.15942
	-25.7968	1.15367
	-26.5707	1.17084
	-26.2611	1.164
	-26.5191	1.16971
	-23.8362	1.10896
	-28.5312	1.21327
	-27.0866	1.18216
	-25.4872	1.14672
	-25.8999	1.15597
	-25.7452	1.15251
	-24.0426	1.11375
	-25.2292	1.1409
	-26.9834	1.1799
	-24.9713	1.13506
	-24.5585	1.12564
	-26.0031	1.15827
	-24.1974	1.11733
	-25.3324	1.14324
	-26.3643	1.16629
	-27.0866	1.18216
	-25.0229	1.13623
	-23.8878	1.11016
	-24.5585	1.12564
	-25.6936	1.15136
	-22.7527	1.08346
	-23.8362	1.10896
	-25.642	1.1502
	-24.1458	1.11614
	-23.8878	1.11016
	-25.8483	1.15482
	-24.8681	1.13271
	-24.3521	1.1209
	-24.6617	1.128
	-26.2095	1.16286
	-26.2095	1.16286
	-26.9318	1.17877
	-26.0031	1.15827
	-23.9394	1.11136
	-25.1776	1.13974
	-24.9197	1.13388
	-21.4629	1.05231
	-21.6693	1.05735
	-22.2368	1.07111
	-23.5266	1.10174
	-22.7527	1.08346
	-22.9591	1.08837
	-21.2049	1.04596
	-22.34	1.07359
	-22.3916	1.07483
	-22.4432	1.07607
	-19.5023	1.00309
	-21.2049	1.04596
	-22.4432	1.07607
	-21.8241	1.06112
	-22.4948	1.0773
	-23.1139	1.09203
	-22.7011	1.08223
	-19.9667	1.01496
	-20.947	1.03958
	-22.0304	1.06613
	-22.7527	1.08346
	-19.9667	1.01496
	-23.0107	1.08959
	-20.947	1.03958
	-21.3597	1.04977
	-21.1533	1.04469
	-22.34	1.07359
	-22.4948	1.0773
	-21.3597	1.04977
	-20.3794	1.0254
	-19.6571	1.00707
	-21.9272	1.06363
	-22.082	1.06737
	-20.8954	1.0383
	-19.3476	0.999104
	-20.7406	1.03445
	-19.296	0.997771
	-19.6055	1.00574
	-21.2565	1.04723
	-18.9348	0.988389
	-20.5342	1.02929
	-21.8241	1.06112
	-22.7527	1.08346
	-20.1215	1.01889
	-21.2565	1.04723
	-20.2762	1.0228
	-21.4113	1.05104
	-20.1731	1.0202
	-19.8635	1.01234
	-19.038	0.991079
	-19.3476	0.999104
	-19.9151	1.01365
	-19.6571	1.00707
	-20.0183	1.01627
	-19.0896	0.992421
	-18.0061	0.963846
	-19.7603	1.0097
	-20.9986	1.04086
	-19.1412	0.993761
	-18.4189	0.974831
	-20.7922	1.03573
	-19.6055	1.00574
	-19.8119	1.01102
	-21.0502	1.04214
	-17.4902	0.949937
	-20.3278	1.0241
	-18.7284	0.982988
	-20.5858	1.03058
	-18.78	0.984341
	-19.9667	1.01496
	-19.0896	0.992421
	-19.9667	1.01496
	-19.7087	1.00839
	-18.9348	0.988389
	-18.9348	0.988389
	-19.5539	1.00442
	-16.8711	0.932973
	-18.5737	0.978918
	-18.4705	0.976195
	-19.1412	0.993761
	-18.5737	0.978918
	-17.9545	0.962464
	-18.9864	0.989735
	-17.5934	0.952735
	-17.9029	0.961081
	-18.6768	0.981633
	-17.9029	0.961081
	-17.387	0.947131
	-18.7284	0.982988
	-17.9545	0.962464
	-18.4705	0.976195
	-17.7998	0.958307
	-18.0577	0.965226
	-16.9743	0.935821
	-18.0577	0.965226
	-17.8514	0.959695
	-17.3354	0.945725
	-17.387	0.947131
	-17.8514	0.959695
	-17.4902	0.949937
	-18.4189	0.974831
	-16.8711	0.932973
	-16.5615	0.924374
	-17.645	0.954131
	-16.9227	0.934398
	-16.8711	0.932973
	-17.5418	0.951337
	-17.2838	0.944316
	-18.3157	0.972096
	-15.6328	0.898083
	-17.129	0.940078
	-16.9743	0.935821
	-18.8832	0.987042
	-15.736	0.901042
	-17.7482	0.956917
	-16.2004	0.914239
	-16.0972	0.911323
	-15.9424	0.906931
	-17.0259	0.937243
	-14.9105	0.87709
	-15.2717	0.887648
	-15.736	0.901042
	-15.8392	0.903991
	-16.0972	0.911323
	-16.8711	0.932973
	-16.6131	0.925812
	-16.8711	0.932973
	-16.0972	0.911323
	-16.4067	0.920044
	-16.8195	0.931545
	-15.2717	0.887648
	-15.736	0.901042
	-15.7876	0.902518
	-16.8711	0.932973
	-16.3551	0.918596
	-15.3749	0.890642
	-15.5812	0.8966
	-17.0775	0.938662
	-14.8589	0.875571
	-14.8073	0.874049
	-15.9424	0.906931
	-15.736	0.901042
	-14.601	0.867937
	-14.8073	0.874049
	-14.343	0.860236
	-14.3946	0.861781
	-14.085	0.852465
	-15.0137	0.880119
	-16.2004	0.914239
	-15.736	0.901042
	-15.994	0.908397
	-16.4583	0.921489
	-14.4978	0.864865
	-18.3673	0.973464
	-17.4902	0.949937
	-23.9394	1.11136
	-26.5707	1.17084
	-27.5509	1.19225
	-26.3127	1.16515
	-22.1336	1.06862
	-16.7679	0.930115
	-15.3749	0.890642
	-16.5615	0.924374
	-14.7041	0.870999
	-16.252	0.915694
	-15.8908	0.905462
	-18.3157	0.972096
	-16.3035	0.917146
	-15.7876	0.902518
	-15.2201	0.886148
	-14.4978	0.864865
	-13.1563	0.823882
	-13.4143	0.83192
	-14.4978	0.864865
	-13.1048	0.822265
	-12.6404	0.807566
	-12.692	0.809213
	-13.6723	0.839881
	-13.1563	0.823882
	-12.8468	0.814132
	-13.0532	0.820645
	-11.8149	0.780751
	-13.8787	0.846196
	-12.7952	0.812495
	-11.299	0.763514
	-14.8073	0.874049
	-11.041	0.754748
	-12.3824	0.799283
	-12.0729	0.789229
	-12.2793	0.795946
	-13.7239	0.841465
	-12.7436	0.810856
	-12.2277	0.794272
	-12.2277	0.794272
	-11.8665	0.782454
	-13.2079	0.825496
	-13.0016	0.819022
	-13.8271	0.844622
	-12.95	0.817395
	-11.041	0.754748
	-12.2793	0.795946
	-12.3824	0.799283
	-12.3308	0.797616
	-13.5691	0.836706
	-12.1245	0.790913
	-12.1761	0.792594
	-12.1761	0.792594
	-11.1442	0.758267
	-11.9181	0.784153
	-12.95	0.817395
	-11.299	0.763514
	-11.8665	0.782454
	-11.8149	0.780751
	-11.8149	0.780751
	-11.4022	0.766993
	-12.5372	0.804263
	-12.0213	0.787541
	-10.8862	0.749439
	-11.6601	0.77562
	-11.6085	0.773903
	-11.4538	0.768726
	-11.9697	0.785849
	-11.1958	0.76002
	-11.299	0.763514
	-10.7314	0.744092
	-12.0213	0.787541
	-11.2474	0.761769
	-12.0729	0.789229
	-10.783	0.745879
	-11.8665	0.782454
	-11.4022	0.766993
	-11.8665	0.782454
	-11.7633	0.779045
	-10.9378	0.751213
	-11.3506	0.765255
	-10.8862	0.749439
	-10.3187	0.729642
	-10.8862	0.749439
	-11.299	0.763514
	-11.041	0.754748
	-10.1123	0.722309
	-10.3703	0.731464
	-9.90595	0.714901
	-11.3506	0.765255
	-10.3703	0.731464
	-10.1639	0.724149
	-10.3703	0.731464
	-10.3187	0.729642
	-11.299	0.763514
	-11.8149	0.780751
	-10.1639	0.724149
	-12.5888	0.805916
	-11.9697	0.785849
	-11.1958	0.76002
	-12.1245	0.790913
	-12.1761	0.792594
	-13.0532	0.820645
	-10.2155	0.725985
	-11.9697	0.785849
	-10.2155	0.725985
	-9.95755	0.71676
	-11.041	0.754748
	-9.49321	0.699848
	-9.80277	0.711167
	-10.8862	0.749439
	-9.85436	0.713036
	-9.75117	0.709293
	-9.13205	0.686407
	-9.5448	0.701748
	-10.2155	0.725985
	-10.2671	0.727816
	-10.4735	0.735094
	-9.44161	0.697944
	-10.8862	0.749439
	-11.2474	0.761769
	-10.783	0.745879
	-10.4735	0.735094
	-10.1123	0.722309
	-10.7314	0.744092
	-8.7709	0.672697
	-10.6799	0.742301
	-10.8862	0.749439
	-10.1639	0.724149
	-8.7709	0.672697
	-9.33842	0.69412
	-10.1123	0.722309
	-10.2671	0.727816
	-10.4735	0.735094
	-11.9181	0.784153
	-9.33842	0.69412
	-10.5767	0.738707
	-10.2155	0.725985
	-8.87408	0.676642
	-9.44161	0.697944
	-9.69958	0.707415
	-8.97727	0.680565
	-9.23524	0.690274
	-9.39002	0.696034
	-9.13205	0.686407
	-9.64799	0.705531
	-10.0607	0.720464
	-9.59639	0.703642
	-10.0091	0.718614
	-9.39002	0.696034
	-9.80277	0.711167
	-9.5448	0.701748
	-9.59639	0.703642
	-9.64799	0.705531
	-8.40974	0.658702
	-10.1123	0.722309
	-9.59639	0.703642
	-9.59639	0.703642
	-9.08046	0.684465
	-9.69958	0.707415
	-7.79062	0.633992
	-9.5448	0.701748
	-8.7193	0.670716
	-10.0607	0.720464
	-9.59639	0.703642
	-8.20337	0.650569
	-8.66771	0.668728
	-7.89381	0.638176
	-9.33842	0.69412
	-9.5448	0.701748
	-8.35815	0.656678
	-8.82249	0.674673
	-9.13205	0.686407
	-11.5054	0.770455
	-13.1048	0.822265
	-13.8271	0.844622
	-15.6328	0.898083
	-13.6723	0.839881
	-14.4978	0.864865
	-10.6799	0.742301
	-9.64799	0.705531
	-10.6799	0.742301
	-9.39002	0.696034
	-8.40974	0.658702
	-8.97727	0.680565
	-8.51293	0.662731
	-9.18364	0.688343
	-8.51293	0.662731
	-9.80277	0.711167
	-8.92568	0.678607
	-9.69958	0.707415
	-10.6799	0.742301
	-9.59639	0.703642
	-9.5448	0.701748
	-9.75117	0.709293
	-8.20337	0.650569
	-7.9454	0.640259
	-8.61612	0.666735
	-9.5448	0.701748
	-7.58425	0.625538
	-8.66771	0.668728
	-8.25496	0.652612
	-8.46133	0.660719
	-7.79062	0.633992
	-8.56452	0.664736
	-8.7193	0.670716
	-7.73903	0.631889
	-8.7193	0.670716
	-6.91353	0.597238
	-7.63584	0.627662
	-8.10018	0.646465
	-6.346	0.5722
	-8.82249	0.674673
	-8.51293	0.662731
	-8.10018	0.646465
	-9.02886	0.682518
	-9.69958	0.707415
	-8.51293	0.662731
	-7.32628	0.614808
	-8.25496	0.652612
	-8.66771	0.668728
	-7.22309	0.610463
	-9.59639	0.703642
	-7.63584	0.627662
	-7.9454	0.640259
	-7.9454	0.640259
	-7.1715	0.608278
	-8.25496	0.652612
	-7.58425	0.625538
	-7.68743	0.629779
	-9.23524	0.690274
	-7.63584	0.627662
	-8.40974	0.658702
	-8.10018	0.646465
	-7.37787	0.616969
	-7.1199	0.606086
	-7.53265	0.623407
	-7.68743	0.629779
	-6.39759	0.574521
	-7.53265	0.623407
	-9.5448	0.701748
	-7.73903	0.631889
	-7.48106	0.621268
	-7.22309	0.610463
	-8.46133	0.660719
	-7.89381	0.638176
	-8.30655	0.654648
	-7.48106	0.621268
	-7.9454	0.640259
	-7.79062	0.633992
	-7.48106	0.621268
	-6.81034	0.592764
	-5.93325	0.553279
	-7.73903	0.631889
	-8.10018	0.646465
	-7.1715	0.608278
	-8.35815	0.656678
	-8.10018	0.646465
	-7.79062	0.633992
	-7.73903	0.631889
	-6.346	0.5722
	-7.01672	0.601678
	-6.50078	0.579136
	-7.73903	0.631889
	-7.37787	0.616969
	-7.53265	0.623407
	-6.55238	0.581429
	-6.346	0.5722
	-6.91353	0.597238
	-6.81034	0.592764
	-6.39759	0.574521
	-7.27468	0.612639
	-6.75875	0.590515
	-6.86194	0.595005
	-7.1199	0.606086
	-8.30655	0.654648
	-7.79062	0.633992
	-8.15177	0.64852
	-7.89381	0.638176
	-7.01672	0.601678
	-7.1199	0.606086
	-7.1199	0.606086
	-7.27468	0.612639
	-6.86194	0.595005
	-8.15177	0.64852
	-6.96512	0.599462
	-7.53265	0.623407
	-6.65556	0.58599
	-7.58425	0.625538
	-8.04859	0.644403
	-6.44919	0.576833
	-7.42946	0.619122
	-6.19122	0.565179
	-7.22309	0.610463
	-7.22309	0.610463
	-6.96512	0.599462
	-6.19122	0.565179
	-6.44919	0.576833
	-6.91353	0.597238
	-6.39759	0.574521
	-5.72688	0.543571
	-7.79062	0.633992
	-6.24281	0.567529
	-5.52051	0.533687
	-6.29441	0.569869
	-6.81034	0.592764
	-8.35815	0.656678
	-8.7709	0.672697
	-10.6283	0.740506
	-9.02886	0.682518
	-8.92568	0.678607
	-8.10018	0.646465
	-5.88166	0.550868
	-7.9454	0.640259
	-7.01672	0.601678
	-8.04859	0.644403
	-6.39759	0.574521
	-6.44919	0.576833
	-6.75875	0.590515
	-6.08803	0.560449
	-6.70716	0.588256
	-6.03644	0.558069
	-6.91353	0.597238
	-5.83007	0.548446
	-6.81034	0.592764
	-5.88166	0.550868
	-6.65556	0.58599
	-5.88166	0.550868
	-6.24281	0.567529
	-6.81034	0.592764
	-6.44919	0.576833
	-6.03644	0.558069
	-6.29441	0.569869
	-6.08803	0.560449
	-6.19122	0.565179
	-6.81034	0.592764
	-6.346	0.5722
	-6.86194	0.595005
	-5.98485	0.555679
	-5.83007	0.548446
	-5.83007	0.548446
	-7.06831	0.603887
	-6.70716	0.588256
	-5.93325	0.553279
	-6.50078	0.579136
	-5.67529	0.541117
	-6.75875	0.590515
	-9.59639	0.703642
	-11.2474	0.761769
	-14.7041	0.870999
	-16.9743	0.935821
	-17.7482	0.956917
	-14.7041	0.870999
	-11.299	0.763514
	-7.99699	0.642334
	-7.1715	0.608278
	-5.98485	0.555679
	-5.31413	0.523617
	-5.36572	0.526153
	-5.36572	0.526153
	-5.10776	0.513349
	-5.88166	0.550868
	-5.00457	0.508137
	-4.64342	0.489459
	-6.03644	0.558069
	-5.67529	0.541117
	-5.10776	0.513349
	-5.98485	0.555679
	-4.84979	0.500218
	-4.95298	0.505511
	-5.36572	0.526153
	-4.95298	0.505511
	-5.36572	0.526153
	-5.41732	0.528676
	-4.7982	0.49755
	-6.55238	0.581429
	-5.31413	0.523617
	-6.346	0.5722
	-5.62369	0.538652
	-6.13963	0.562819
	-5.00457	0.508137
	-4.84979	0.500218
	-5.5721	0.536175
	-5.67529	0.541117
	-5.41732	0.528676
	-4.54023	0.48399
	-4.43704	0.478458
	-5.36572	0.526153
	-5.41732	0.528676
	-4.7982	0.49755
	-5.05616	0.51075
	-5.31413	0.523617
	-5.10776	0.513349
	-5.10776	0.513349
	-5.00457	0.508137
	-5.21094	0.518508
	-4.95298	0.505511
	-6.50078	0.579136
	-5.62369	0.538652
	-4.7466	0.494868
	-5.15935	0.515935
	-5.21094	0.518508
	-5.5721	0.536175
	-5.46891	0.531188
	-5.10776	0.513349
	-5.00457	0.508137
	-5.26254	0.521069
	-5.46891	0.531188
	-5.31413	0.523617
	-6.13963	0.562819
	-4.84979	0.500218
	-4.54023	0.48399
	-5.52051	0.533687
	-5.88166	0.550868
	-5.77847	0.546014
	-5.62369	0.538652
	-4.7982	0.49755
	-4.33385	0.472862
	-5.05616	0.51075
	-5.36572	0.526153
	-5.83007	0.548446
	-5.41732	0.528676
	-5.83007	0.548446
	-5.46891	0.531188
	-5.77847	0.546014
	-5.31413	0.523617
	-4.54023	0.48399
	-5.77847	0.546014
	-4.43704	0.478458
	-5.36572	0.526153
	-6.346	0.5722
	-5.31413	0.523617
	-6.96512	0.599462
	-4.84979	0.500218
	-4.84979	0.500218
	-5.21094	0.518508
	-4.64342	0.489459
	-4.23067	0.467199
	-5.10776	0.513349
	-5.41732	0.528676
	-4.48863	0.481232
	-4.33385	0.472862
	-5.26254	0.521069
	-4.84979	0.500218
	-5.41732	0.528676
	-4.48863	0.481232
	-5.52051	0.533687
	-5.26254	0.521069
	-5.15935	0.515935
	-5.41732	0.528676
	-4.90138	0.502871
	-4.12748	0.461466
	-5.41732	0.528676
	-4.7466	0.494868
	-5.21094	0.518508
	-5.41732	0.528676
	-4.33385	0.472862
	-5.62369	0.538652
	-4.7466	0.494868
	-4.23067	0.467199
	-4.38545	0.475669
	-4.84979	0.500218
	-5.10776	0.513349
	-4.7466	0.494868
	-4.59182	0.486732
	-5.10776	0.513349
	-4.38545	0.475669
	-5.52051	0.533687
	-4.7466	0.494868
	-4.48863	0.481232
	-4.12748	0.461466
	-3.86951	0.446813
	-4.02429	0.455662
	-4.54023	0.48399
	-5.05616	0.51075
	-4.7982	0.49755
	-3.55995	0.428568
	-3.92111	0.449782
	-5.21094	0.518508
	-4.43704	0.478458
	-4.64342	0.489459
	-5.15935	0.515935
	-5.36572	0.526153
	-4.48863	0.481232
	-4.59182	0.486732
	-5.93325	0.553279
	-4.38545	0.475669
	-4.02429	0.455662
	-4.02429	0.455662
	-5.41732	0.528676
	-4.33385	0.472862
	-4.43704	0.478458
	-5.26254	0.521069
	-4.64342	0.489459
	-4.48863	0.481232
	-4.38545	0.475669
	-4.59182	0.486732
	-4.33385	0.472862
	-3.9727	0.452731
	-4.84979	0.500218
	-5.21094	0.518508
	-4.23067	0.467199
	-4.17907	0.464342
	-3.9727	0.452731
	-4.64342	0.489459
	-5.05616	0.51075
	-5.36572	0.526153
	-4.84979	0.500218
	-3.9727	0.452731
	-4.33385	0.472862
	-4.7982	0.49755
	-4.84979	0.500218
	-4.12748	0.461466
	-4.54023	0.48399
	-3.76633	0.440815
	-5.62369	0.538652
	-4.90138	0.502871
	-3.66314	0.434735
	-4.54023	0.48399
	-3.25039	0.409511
	-4.48863	0.481232
	-3.92111	0.449782
	-3.61155	0.431662
	-3.9727	0.452731
	-4.12748	0.461466
	-4.43704	0.478458
	-4.95298	0.505511
	-4.48863	0.481232
	-5.72688	0.543571
	-3.35358	0.41596
	-5.31413	0.523617
	-4.38545	0.475669
	-3.66314	0.434735
	-4.69501	0.492171
	-4.12748	0.461466
	-5.36572	0.526153
	-4.7466	0.494868
	-3.81792	0.443824
	-4.48863	0.481232
	-4.48863	0.481232
	-4.07589	0.458573
	-4.7466	0.494868
	-3.71473	0.437785
	-3.61155	0.431662
	-3.50836	0.425451
	-4.64342	0.489459
	-4.12748	0.461466
	-4.43704	0.478458
	-3.25039	0.409511
	-3.86951	0.446813
	-4.59182	0.486732
	-4.64342	0.489459
	-4.12748	0.461466
	-4.84979	0.500218
	-3.86951	0.446813
	-4.43704	0.478458
	-4.43704	0.478458
	-3.61155	0.431662
	-4.43704	0.478458
	-4.28226	0.470039
	-3.92111	0.449782
	-3.04402	0.396297
	-4.28226	0.470039
	-4.43704	0.478458
	-4.54023	0.48399
	-4.12748	0.461466
	-4.48863	0.481232
	-4.38545	0.475669
	-4.43704	0.478458
	-4.02429	0.455662
	-3.50836	0.425451
	-4.23067	0.467199
	-3.92111	0.449782
	-3.66314	0.434735
	-4.23067	0.467199
	-4.7466	0.494868
	-3.9727	0.452731
	-3.35358	0.41596
	-4.7982	0.49755
	-4.23067	0.467199
	-3.71473	0.437785
	-4.7466	0.494868
	-4.17907	0.464342
	-4.23067	0.467199
	-3.9727	0.452731
	-4.69501	0.492171
	-3.50836	0.425451
	-4.28226	0.470039
	-4.48863	0.481232
	-4.95298	0.505511
	-4.02429	0.455662
	-3.9727	0.452731
	-3.92111	0.449782
	-4.17907	0.464342
	-3.50836	0.425451
	-4.07589	0.458573
	-4.28226	0.470039
	-3.40517	0.419148
	-3.92111	0.449782
	-3.45676	0.422311
	-4.59182	0.486732
	-3.86951	0.446813
	-3.25039	0.409511
	-3.45676	0.422311
	-3.30198	0.412748
	-3.35358	0.41596
	-4.02429	0.455662
	-4.07589	0.458573
	-3.9727	0.452731
	-3.76633	0.440815
	-3.76633	0.440815
	-3.45676	0.422311
	-3.45676	0.422311
	-3.71473	0.437785
	-3.61155	0.431662
	-4.38545	0.475669
	-4.23067	0.467199
	-3.92111	0.449782
	-3.66314	0.434735
	-3.9727	0.452731
	-3.76633	0.440815
	-3.71473	0.437785
	-3.40517	0.419148
	-3.81792	0.443824
	-3.50836	0.425451
	-3.71473	0.437785
	-3.76633	0.440815
	-3.35358	0.41596
	-3.35358	0.41596
	-3.45676	0.422311
	-3.66314	0.434735
	-4.23067	0.467199
	-3.81792	0.443824
	-3.71473	0.437785
	-3.40517	0.419148
	-3.1472	0.402958
	-3.40517	0.419148
	-3.50836	0.425451
	-3.76633	0.440815
	-2.63127	0.368451
	-3.09561	0.399642
	-3.1472	0.402958
	-3.76633	0.440815
	-4.07589	0.458573
	-3.55995	0.428568
	-3.81792	0.443824
	-3.55995	0.428568
	-3.81792	0.443824
	-2.88924	0.38609
	-3.45676	0.422311
	-3.55995	0.428568
	-3.04402	0.396297
	-3.50836	0.425451
	-3.45676	0.422311
	-2.94083	0.389522
	-3.25039	0.409511
	-3.09561	0.399642
	-3.30198	0.412748
	-3.66314	0.434735
	-3.40517	0.419148
	-3.61155	0.431662
	-3.76633	0.440815
	-3.45676	0.422311
	-3.35358	0.41596
	-3.25039	0.409511
	-4.12748	0.461466
	-3.35358	0.41596
	-4.12748	0.461466
	-3.09561	0.399642
	-4.02429	0.455662
	-2.99242	0.392924
	-2.94083	0.389522
	-3.04402	0.396297
	-2.94083	0.389522
	-2.99242	0.392924
	-3.45676	0.422311
	-3.35358	0.41596
	-3.45676	0.422311
	-2.99242	0.392924
	-3.66314	0.434735
	-3.61155	0.431662
	-4.17907	0.464342
	-4.07589	0.458573
	-3.61155	0.431662
	-3.9727	0.452731
	-3.71473	0.437785
	-3.35358	0.41596
	-3.35358	0.41596
	-3.50836	0.425451
	-3.9727	0.452731
	-4.69501	0.492171
	-4.02429	0.455662
	-4.95298	0.505511
	-3.92111	0.449782
	-3.66314	0.434735
	-3.40517	0.419148
	-3.40517	0.419148
	-3.61155	0.431662
	-3.40517	0.419148
	-2.42489	0.353707
	-3.50836	0.425451
	-3.30198	0.412748
	-3.1472	0.402958
	-3.1988	0.406248
	-3.30198	0.412748
	-2.78605	0.379133
	-3.50836	0.425451
	-3.71473	0.437785
	-2.78605	0.379133
	-2.83764	0.382628
	-3.35358	0.41596
	-3.9727	0.452731
	-3.9727	0.452731
	-2.47649	0.35745
	-4.02429	0.455662
	-3.1988	0.406248
	-3.25039	0.409511
	-3.40517	0.419148
	-2.42489	0.353707
	-2.78605	0.379133
	-3.1988	0.406248
	-2.57968	0.364821
	-3.1472	0.402958
	-4.12748	0.461466
	-3.50836	0.425451
	-3.09561	0.399642
	-3.04402	0.396297
	-3.35358	0.41596
	-2.73446	0.375606
	-3.04402	0.396297
	-2.63127	0.368451
	-3.25039	0.409511
	-3.61155	0.431662
	-3.09561	0.399642
	-2.99242	0.392924
	-2.94083	0.389522
	-3.76633	0.440815
	-3.1988	0.406248
	-3.1472	0.402958
	-2.78605	0.379133
	-3.71473	0.437785
	-3.40517	0.419148
	-3.25039	0.409511
	-3.81792	0.443824
	-3.35358	0.41596
	-3.61155	0.431662
	-2.88924	0.38609
	-2.57968	0.364821
	-3.55995	0.428568
	-2.68286	0.372046
	-2.21852	0.338321
	-2.88924	0.38609
	-3.1472	0.402958
	-3.1472	0.402958
	-2.68286	0.372046
	-2.94083	0.389522
	-3.1472	0.402958
	-3.09561	0.399642
	-2.99242	0.392924
	-2.47649	0.35745
	-3.04402	0.396297
	-2.83764	0.382628
	-3.30198	0.412748
	-2.06374	0.326306
	-2.68286	0.372046
	-3.35358	0.41596
	-3.40517	0.419148
	-3.50836	0.425451
	-3.09561	0.399642
	-3.35358	0.41596
	-3.40517	0.419148
	-2.63127	0.368451
	-2.78605	0.379133
	-3.1472	0.402958
	-3.50836	0.425451
	-3.40517	0.419148
	-3.09561	0.399642
	-4.33385	0.472862
	-3.40517	0.419148
	-2.73446	0.375606
	-3.25039	0.409511
	-3.50836	0.425451
	-3.25039	0.409511
	-2.88924	0.38609
	-2.99242	0.392924
	-3.09561	0.399642
	-2.83764	0.382628
	-2.52808	0.361155
	-3.40517	0.419148
	-2.78605	0.379133
	-3.1472	0.402958
	-2.78605	0.379133
	-2.99242	0.392924
	-3.04402	0.396297
	-2.94083	0.389522
	-4.28226	0.470039
	-3.35358	0.41596
	-3.04402	0.396297
	-2.57968	0.364821
	-3.04402	0.396297
	-2.68286	0.372046
	-3.09561	0.399642
	-3.30198	0.412748
	-2.32171	0.3461
	-2.68286	0.372046
	-3.04402	0.396297
	-2.73446	0.375606
	-2.78605	0.379133
	-3.61155	0.431662
	-3.04402	0.396297
	-2.68286	0.372046
	-2.63127	0.368451
	-2.68286	0.372046
	-2.42489	0.353707
	-2.99242	0.392924
	-3.81792	0.443824
	-3.71473	0.437785
	-2.68286	0.372046
	-2.73446	0.375606
	-2.88924	0.38609
	-2.99242	0.392924
	-3.04402	0.396297
	-3.30198	0.412748
	-3.04402	0.396297
	-2.83764	0.382628
	-3.55995	0.428568
	-2.73446	0.375606
	-3.1472	0.402958
	-2.68286	0.372046
	-3.35358	0.41596
	-2.94083	0.389522
	-2.99242	0.392924
	-2.99242	0.392924
	-4.28226	0.470039
	-5.31413	0.523617
	-5.83007	0.548446
	-5.98485	0.555679
	-6.86194	0.595005
	-5.72688	0.543571
	-5.36572	0.526153
	-5.05616	0.51075
	-5.46891	0.531188
	-4.90138	0.502871
	-3.40517	0.419148
	-3.09561	0.399642
	-3.04402	0.396297
	-4.07589	0.458573
	-2.47649	0.35745
	-2.78605	0.379133
	-3.04402	0.396297
	-2.52808	0.361155
	-2.63127	0.368451
	-2.94083	0.389522
	-2.94083	0.389522
	-2.52808	0.361155
	-2.16693	0.334364
	-2.57968	0.364821
	-2.83764	0.382628
	-2.63127	0.368451
	-2.88924	0.38609
	-2.94083	0.389522
	-1.85737	0.309561
	-3.04402	0.396297
	-2.94083	0.389522
	-3.04402	0.396297
	-2.68286	0.372046
	-2.78605	0.379133
	-2.88924	0.38609
	-2.88924	0.38609
	-3.1472	0.402958
	-2.42489	0.353707
	-3.09561	0.399642
	-3.55995	0.428568
	-2.63127	0.368451
	-2.68286	0.372046
	-2.27011	0.342233
	-2.06374	0.326306
	-2.47649	0.35745
	-2.06374	0.326306
	-1.96055	0.318044
	-2.63127	0.368451
	-2.27011	0.342233
	-2.32171	0.3461
	-2.47649	0.35745
	-2.57968	0.364821
	-3.09561	0.399642
	-2.3733	0.349924
	-2.52808	0.361155
	-2.83764	0.382628
	-2.88924	0.38609
	-2.57968	0.364821
	-2.47649	0.35745
	-2.63127	0.368451
	-2.68286	0.372046
	-2.27011	0.342233
	-2.63127	0.368451
	-2.68286	0.372046
	-2.42489	0.353707
	-2.27011	0.342233
	-2.3733	0.349924
	-3.30198	0.412748
	-2.11533	0.33036
	-2.78605	0.379133
	-3.09561	0.399642
	-2.83764	0.382628
	-2.3733	0.349924
	-2.3733	0.349924
	-2.27011	0.342233
	-2.73446	0.375606
	-2.21852	0.338321
	-2.78605	0.379133
	-2.52808	0.361155
	-1.65099	0.291857
	-2.52808	0.361155
	-2.3733	0.349924
	-2.78605	0.379133
	-3.09561	0.399642
	-2.73446	0.375606
	-2.16693	0.334364
	-2.57968	0.364821
	-2.63127	0.368451
	-2.78605	0.379133
	-2.73446	0.375606
	-2.11533	0.33036
	-2.83764	0.382628
	-2.63127	0.368451
	-3.09561	0.399642
	-2.06374	0.326306
	-2.88924	0.38609
	-2.11533	0.33036
	-3.1988	0.406248
	-1.80577	0.305231
	-1.80577	0.305231
	-2.21852	0.338321
	-1.70259	0.296382
	-2.11533	0.33036
	-2.27011	0.342233
	-2.68286	0.372046
	-2.52808	0.361155
	-1.96055	0.318044
	-2.42489	0.353707
	-2.57968	0.364821
	-2.63127	0.368451
	-2.52808	0.361155
	-2.52808	0.361155
	-2.52808	0.361155
	-1.70259	0.296382
	-2.42489	0.353707
	-2.47649	0.35745
	-2.68286	0.372046
	-3.30198	0.412748
	-2.94083	0.389522
	-2.27011	0.342233
	-2.01215	0.322201
	-2.52808	0.361155
	-2.27011	0.342233
	-2.11533	0.33036
	-2.63127	0.368451
	-3.1988	0.406248
	-2.52808	0.361155
	-2.68286	0.372046
	-2.83764	0.382628
	-2.57968	0.364821
	-2.57968	0.364821
	-2.73446	0.375606
	-3.25039	0.409511
	-1.96055	0.318044
	-2.68286	0.372046
	-2.06374	0.326306
	-2.3733	0.349924
	-2.27011	0.342233
	-2.78605	0.379133
	-2.42489	0.353707
	-2.32171	0.3461
	-2.32171	0.3461
	-2.27011	0.342233
	-1.44462	0.273007
	-2.16693	0.334364
	-2.21852	0.338321
	-2.73446	0.375606
	-2.11533	0.33036
	-2.06374	0.326306
	-2.57968	0.364821
	-2.68286	0.372046
	-2.88924	0.38609
	-2.42489	0.353707
	-2.73446	0.375606
	-2.32171	0.3461
	-2.27011	0.342233
	-2.47649	0.35745
	-2.11533	0.33036
	-2.11533	0.33036
	-2.73446	0.375606
	-2.78605	0.379133
	-2.27011	0.342233
	-2.32171	0.3461
	-2.88924	0.38609
	-3.25039	0.409511
	-2.01215	0.322201
	-3.25039	0.409511
	-2.3733	0.349924
	-2.27011	0.342233
	-1.96055	0.318044
	-2.68286	0.372046
	-2.11533	0.33036
	-2.42489	0.353707
	-2.42489	0.353707
	-2.99242	0.392924
	-2.52808	0.361155
	-2.88924	0.38609
	-2.11533	0.33036
	-2.11533	0.33036
	-3.09561	0.399642
	-2.94083	0.389522
	-1.90896	0.313831
	-2.94083	0.389522
	-2.11533	0.33036
	-2.32171	0.3461
	-2.21852	0.338321
	-2.57968	0.364821
	-2.32171	0.3461
	-2.32171	0.3461
	-2.42489	0.353707
	-2.3733	0.349924
	-2.16693	0.334364
	-2.06374	0.326306
	-2.94083	0.389522
	-2.47649	0.35745
	-2.57968	0.364821
	-2.32171	0.3461
	-2.01215	0.322201
	-2.42489	0.353707
	-2.73446	0.375606
	-2.52808	0.361155
	-2.63127	0.368451
	-2.01215	0.322201
	-2.52808	0.361155
	-2.27011	0.342233
	-2.94083	0.389522
	-2.88924	0.38609
	-1.44462	0.273007
	-2.42489	0.353707
	-2.52808	0.361155
	-1.70259	0.296382
	-2.47649	0.35745
	-2.06374	0.326306
	-2.47649	0.35745
	-2.27011	0.342233
	-2.83764	0.382628
	-2.47649	0.35745
	-2.73446	0.375606
	-1.63127	1.06572
	-1.90896	0.313831
	-2.32171	0.3461
	-2.01215	0.322201
	-2.42489	0.353707
	-3.76633	0.440815
	-4.28226	0.470039
	-5.00457	0.508137
	-6.55238	0.581429
	-9.08046	0.684465
	-8.35815	0.656678
	-7.63584	0.627662
	-5.88166	0.550868
	-3.35358	0.41596
	-3.1472	0.402958
	-3.04402	0.396297
	-2.11533	0.33036
	-2.11533	0.33036
	-1.85737	0.309561
	-2.63127	0.368451
	-2.32171	0.3461
	-1.85737	0.309561
	-2.68286	0.372046
	-2.06374	0.326306
	-2.27011	0.342233
	-2.52808	0.361155
	-2.52808	0.361155
	-2.57968	0.364821
	-1.90896	0.313831
	-1.75418	0.300839
	-2.42489	0.353707
	-1.85737	0.309561
	-2.21852	0.338321
	-2.11533	0.33036
	-2.27011	0.342233
	-2.27011	0.342233
	-1.96055	0.318044
	-2.27011	0.342233
	-2.32171	0.3461
	-2.06374	0.326306
	-1.96055	0.318044
	-2.06374	0.326306
	-2.52808	0.361155
	-2.11533	0.33036
	-2.11533	0.33036
	-2.11533	0.33036
	-2.01215	0.322201
	-2.21852	0.338321
	-2.63127	0.368451
	-2.21852	0.338321
	-1.80577	0.305231
	-2.27011	0.342233
	-1.85737	0.309561
	-1.70259	0.296382
	-1.70259	0.296382
	-1.75418	0.300839
	-2.06374	0.326306
	-1.70259	0.296382
	-1.85737	0.309561
	-2.11533	0.33036
	-1.96055	0.318044
	-2.01215	0.322201
	-1.80577	0.305231
	-2.73446	0.375606
	-2.42489	0.353707
	-1.75418	0.300839
	-2.01215	0.322201
	-1.65099	0.291857
	-2.01215	0.322201
	-2.47649	0.35745
	-2.16693	0.334364
	-2.06374	0.326306
	-1.70259	0.296382
	-2.06374	0.326306
	-1.75418	0.300839
	-2.01215	0.322201
	-2.16693	0.334364
	-1.75418	0.300839
	-1.85737	0.309561
	-2.21852	0.338321
	-2.11533	0.33036
	-2.21852	0.338321
	-1.39302	0.268088
	-2.32171	0.3461
	-2.63127	0.368451
	-3.1988	0.406248
	-5.67529	0.541117
	-7.27468	0.612639
	-11.1958	0.76002
	-11.8149	0.780751
	-13.3111	0.828714
	-12.692	0.809213
	-6.50078	0.579136
	-4.95298	0.505511
	-3.09561	0.399642
	-1.96055	0.318044
	-2.21852	0.338321
	-2.68286	0.372046
	-2.47649	0.35745
	-2.73446	0.375606
	-1.44462	0.273007
	-1.80577	0.305231
	-2.27011	0.342233
	-1.80577	0.305231
	-2.57968	0.364821
	-1.75418	0.300839
	-1.44462	0.273007
	-2.3733	0.349924
	-1.80577	0.305231
	-1.5994	0.28726
	-1.90896	0.313831
	-2.52808	0.361155
	-1.96055	0.318044
	-1.28984	0.257968
	-1.90896	0.313831
	-2.01215	0.322201
	-1.54781	0.282589
	-2.57968	0.364821
	-1.65099	0.291857
	-2.52808	0.361155
	-1.65099	0.291857
	-1.90896	0.313831
	-1.70259	0.296382
	-1.85737	0.309561
	-1.44462	0.273007
	-2.16693	0.334364
	-1.75418	0.300839
	-1.85737	0.309561
	-1.90896	0.313831
	-2.3733	0.349924
	-2.01215	0.322201
	-2.3733	0.349924
	-1.18665	0.247434
	-1.65099	0.291857
	-2.27011	0.342233
	-2.06374	0.326306
	-1.70259	0.296382
	-2.01215	0.322201
	-1.85737	0.309561
	-1.54781	0.282589
	-2.32171	0.3461
	-2.27011	0.342233
	-2.06374	0.326306
	-2.06374	0.326306
	-1.49621	0.27784
	-1.70259	0.296382
	-1.5994	0.28726
	-1.80577	0.305231
	-1.23824	0.252756
	-2.06374	0.326306
	-1.85737	0.309561
	-1.54781	0.282589
	-2.42489	0.353707
	-1.80577	0.305231
	-1.44462	0.273007
	-1.90896	0.313831
	-1.65099	0.291857
	-1.85737	0.309561
	-1.5994	0.28726
	-2.01215	0.322201
	-2.06374	0.326306
	-1.80577	0.305231
	-1.96055	0.318044
	-1.34143	0.263076
	-1.44462	0.273007
	-1.85737	0.309561
	-1.54781	0.282589
	-2.06374	0.326306
	-1.80577	0.305231
	-1.70259	0.296382
	-1.5994	0.28726
	-1.39302	0.268088
	-2.32171	0.3461
	-1.80577	0.305231
	-2.21852	0.338321
	-2.3733	0.349924
	-2.01215	0.322201
	-1.96055	0.318044
	-1.80577	0.305231
	-1.08346	0.236431
	-2.27011	0.342233
	-1.96055	0.318044
	-1.39302	0.268088
	-1.49621	0.27784
	-1.75418	0.300839
	-1.90896	0.313831
	-1.85737	0.309561
	-2.32171	0.3461
	-1.65099	0.291857
	-2.06374	0.326306
	-1.5994	0.28726
	-1.90896	0.313831
	-1.44462	0.273007
	-1.5994	0.28726
	-1.54781	0.282589
	-1.65099	0.291857
	-1.34143	0.263076
	-1.54781	0.282589
	-1.70259	0.296382
	-1.90896	0.313831
	-1.65099	0.291857
	-1.75418	0.300839
	-1.80577	0.305231
	-2.27011	0.342233
	-1.54781	0.282589
	-1.85737	0.309561
	-1.96055	0.318044
	-1.65099	0.291857
	-1.5994	0.28726
	-2.21852	0.338321
	-1.28984	0.257968
	-2.32171	0.3461
	-2.01215	0.322201
	-1.70259	0.296382
	-1.80577	0.305231
	-1.70259	0.296382
	-1.90896	0.313831
	-1.90896	0.313831
	-1.54781	0.282589
	-1.44462	0.273007
	-1.85737	0.309561
	-2.01215	0.322201
	-1.5994	0.28726
	-1.39302	0.268088
	-2.01215	0.322201
	-1.70259	0.296382
	-1.28984	0.257968
	-1.75418	0.300839
	-2.21852	0.338321
	-1.54781	0.282589
	-2.16693	0.334364
	-1.80577	0.305231
	-1.65099	0.291857
	-1.65099	0.291857
	-1.65099	0.291857
	-1.49621	0.27784
	-1.5994	0.28726
	-1.65099	0.291857
	-1.5994	0.28726
	-2.42489	0.353707
	-1.44462	0.273007
	-1.90896	0.313831
	-1.08346	0.236431
	-1.54781	0.282589
	-1.49621	0.27784
	-1.80577	0.305231
	-1.90896	0.313831
	-1.75418	0.300839
	-1.85737	0.309561
	-1.65099	0.291857
	-1.49621	0.27784
	-1.75418	0.300839
	-1.85737	0.309561
	-1.44462	0.273007
	-1.44462	0.273007
	-1.75418	0.300839
	-1.54781	0.282589
	-1.39302	0.268088
	-1.75418	0.300839
	-2.32171	0.3461
	-1.96055	0.318044
	-2.01215	0.322201
	-1.80577	0.305231
	-2.47649	0.35745
	-2.06374	0.326306
	-1.96055	0.318044
	-1.54781	0.282589
	-1.96055	0.318044
	-1.54781	0.282589
	-1.34143	0.263076
	-1.44462	0.273007
	-2.06374	0.326306
	-2.27011	0.342233
	-1.96055	0.318044
	-1.85737	0.309561
	-1.85737	0.309561
	-1.75418	0.300839
	-1.23824	0.252756
	-2.01215	0.322201
	-2.06374	0.326306
	-1.54781	0.282589
	-2.16693	0.334364
	-1.39302	0.268088
	-1.65099	0.291857
	-1.49621	0.27784
	-1.44462	0.273007
	-1.49621	0.27784
	-1.70259	0.296382
	-1.5994	0.28726
	-0.980277	0.224891
	-2.11533	0.33036
	-1.90896	0.313831
	-1.5994	0.28726
	-1.44462	0.273007
	-1.80577	0.305231
	-1.85737	0.309561
	-1.54781	0.282589
	-1.34143	0.263076
	-1.70259	0.296382
	-1.49621	0.27784
	-1.5994	0.28726
	-2.21852	0.338321
	-1.49621	0.27784
	-2.16693	0.334364
	-1.85737	0.309561
	-1.65099	0.291857
	-1.70259	0.296382
	-1.75418	0.300839
	-2.06374	0.326306
	-1.54781	0.282589
	-1.49621	0.27784
	-2.01215	0.322201
	-1.44462	0.273007
	-1.75418	0.300839
	-1.5994	0.28726
	-1.18665	0.247434
	-1.70259	0.296382
	-1.70259	0.296382
	-1.39302	0.268088
	-1.34143	0.263076
	-1.90896	0.313831
	-1.65099	0.291857
	-1.54781	0.282589
	-1.96055	0.318044
	-1.34143	0.263076
	-1.39302	0.268088
	-1.18665	0.247434
	-1.49621	0.27784
	-1.75418	0.300839
	-1.5994	0.28726
	-1.65099	0.291857
	-1.44462	0.273007
	-1.44462	0.273007
	-1.54781	0.282589
	-1.70259	0.296382
	-1.39302	0.268088
	-1.65099	0.291857
	-1.54781	0.282589
	-1.54781	0.282589
	-1.54781	0.282589
	-1.80577	0.305231
	-1.75418	0.300839
	-1.28984	0.257968
	-2.27011	0.342233
	-2.01215	0.322201
	-1.54781	0.282589
	-1.70259	0.296382
	-1.75418	0.300839
	-1.90896	0.313831
	-1.90896	0.313831
	-1.49621	0.27784
	-1.90896	0.313831
	-1.75418	0.300839
	-1.44462	0.273007
	-2.01215	0.322201
	-1.96055	0.318044
	-1.18665	0.247434
	-1.44462	0.273007
	-1.5994	0.28726
	-1.54781	0.282589
	-1.85737	0.309561
	-1.49621	0.27784
	-1.13506	0.241995
	-1.23824	0.252756
	-1.39302	0.268088
	-1.80577	0.305231
	-1.90896	0.313831
	-1.39302	0.268088
	-1.75418	0.300839
	-1.70259	0.296382
	-1.28984	0.257968
	-1.80577	0.305231
	-1.54781	0.282589
	-1.13506	0.241995
	-1.28984	0.257968
	-1.49621	0.27784
	-1.75418	0.300839
	-1.49621	0.27784
	-1.70259	0.296382
	-1.44462	0.273007
	-1.23824	0.252756
	-1.49621	0.27784
	-1.39302	0.268088
	-1.28984	0.257968
	-1.5994	0.28726
	-1.39302	0.268088
	-1.34143	0.263076
	-1.75418	0.300839
	-1.90896	0.313831
	-1.39302	0.268088
	-1.96055	0.318044
	-1.80577	0.305231
	-1.90896	0.313831
	-1.49621	0.27784
	-1.54781	0.282589
	-1.80577	0.305231
	-1.70259	0.296382
	-1.5994	0.28726
	-1.34143	0.263076
	-1.70259	0.296382
	-1.5994	0.28726
	-1.18665	0.247434
	-1.90896	0.313831
	-1.28984	0.257968
	-1.54781	0.282589
	-1.5994	0.28726
	-1.54781	0.282589
	-1.49621	0.27784
	-1.70259	0.296382
	-1.96055	0.318044
	-1.28984	0.257968
	-2.11533	0.33036
	-1.28984	0.257968
	-1.18665	0.247434
	-1.70259	0.296382
	-1.13506	0.241995
	-1.39302	0.268088
	-1.5994	0.28726
	-1.39302	0.268088
	-1.28984	0.257968
	-1.96055	0.318044
	-1.08346	0.236431
	-1.80577	0.305231
	-1.85737	0.309561
	-0.980277	0.224891
	-1.90896	0.313831
	-1.75418	0.300839
	-1.54781	0.282589
	-1.5994	0.28726
	-1.28984	0.257968
	-1.44462	0.273007
	-1.70259	0.296382
	-1.13506	0.241995
	-1.5994	0.28726
	-0.980277	0.224891
	-1.5994	0.28726
	-1.80577	0.305231
	-1.44462	0.273007
	-1.75418	0.300839
	-1.39302	0.268088
	-2.06374	0.326306
	-1.23824	0.252756
	-2.01215	0.322201
	-1.65099	0.291857
	-1.54781	0.282589
	-1.85737	0.309561
	-1.13506	0.241995
	-1.90896	0.313831
	-1.5994	0.28726
	-1.65099	0.291857
	-1.80577	0.305231
	-3.04402	0.396297
	-2.27011	0.342233
	-2.73446	0.375606
	-1.90896	0.313831
	-1.65099	0.291857
	-2.21852	0.338321
	-1.39302	0.268088
	-2.06374	0.326306
	-1.18665	0.247434
	-1.44462	0.273007
	-1.54781	0.282589
	-1.44462	0.273007
	-1.70259	0.296382
	-1.23824	0.252756
	-1.34143	0.263076
	-1.34143	0.263076
	-1.18665	0.247434
	-1.44462	0.273007
	-1.13506	0.241995
	-1.34143	0.263076
	-1.28984	0.257968
	-1.34143	0.263076
	-1.75418	0.300839
	-1.75418	0.300839
	-0.980277	0.224891
	-1.65099	0.291857
	-1.08346	0.236431
	-0.928683	0.218893
	-1.90896	0.313831
	-1.44462	0.273007
	-1.65099	0.291857
	-1.34143	0.263076
	-1.49621	0.27784
	-1.28984	0.257968
	-1.34143	0.263076
	-1.5994	0.28726
	-1.5994	0.28726
	-0.87709	0.212725
	-1.08346	0.236431
	-1.34143	0.263076
	-1.39302	0.268088
	-1.28984	0.257968
	-1.34143	0.263076
	-1.54781	0.282589
	-1.80577	0.305231
	-1.23824	0.252756
	-1.39302	0.268088
	-1.44462	0.273007
	-1.85737	0.309561
	-1.34143	0.263076
	-1.85737	0.309561
	-1.49621	0.27784
	-1.03187	0.230733
	-1.39302	0.268088
	-1.75418	0.300839
	-1.39302	0.268088
	-1.54781	0.282589
	-1.49621	0.27784
	-1.49621	0.27784
	-1.34143	0.263076
	-1.28984	0.257968
	-1.18665	0.247434
	-1.70259	0.296382
	-1.08346	0.236431
	-1.23824	0.252756
	-1.65099	0.291857
	-1.44462	0.273007
	-2.01215	0.322201
	-1.49621	0.27784
	-0.87709	0.212725
	-1.65099	0.291857
	-1.28984	0.257968
	-1.39302	0.268088
	-1.39302	0.268088
	-1.75418	0.300839
	-1.65099	0.291857
	-1.54781	0.282589
	-1.39302	0.268088
	-1.5994	0.28726
	-1.39302	0.268088
	-1.54781	0.282589
	-1.54781	0.282589
	-1.18665	0.247434
	-1.54781	0.282589
	-1.80577	0.305231
	-1.49621	0.27784
	-0.980277	0.224891
	-1.80577	0.305231
	-1.39302	0.268088
	-1.28984	0.257968
	-1.39302	0.268088
	-1.54781	0.282589
	-1.18665	0.247434
	-2.11533	0.33036
	-1.13506	0.241995
	-1.23824	0.252756
	-0.980277	0.224891
	-1.49621	0.27784
	-1.5994	0.28726
	-1.28984	0.257968
	-1.34143	0.263076
	-1.34143	0.263076
	-0.980277	0.224891
	-1.08346	0.236431
	-1.75418	0.300839
	-1.49621	0.27784
	-1.03187	0.230733
	-1.65099	0.291857
	-1.23824	0.252756
	-1.39302	0.268088
	-0.980277	0.224891
	-1.75418	0.300839
	-1.39302	0.268088
	-2.21852	0.338321
	-1.65099	0.291857
	-1.28984	0.257968
	-1.28984	0.257968
	-1.39302	0.268088
	-1.39302	0.268088
	-0.980277	0.224891
	-1.65099	0.291857
	-1.5994	0.28726
	-1.08346	0.236431
	-1.70259	0.296382
	-1.49621	0.27784
	-2.32171	0.3461
	-1.54781	0.282589
	-2.32171	0.3461
	-2.11533	0.33036
	-1.96055	0.318044
	-1.80577	0.305231
	-1.80577	0.305231
	-1.49621	0.27784
	-1.49621	0.27784
	-1.70259	0.296382
	-1.28984	0.257968
	-1.49621	0.27784
	-1.28984	0.257968
	-1.49621	0.27784
	-1.5994	0.28726
	-1.70259	0.296382
	-1.70259	0.296382
	-1.85737	0.309561
	-1.18665	0.247434
	-1.23824	0.252756
	-1.13506	0.241995
	-1.34143	0.263076
	-0.87709	0.212725
	-1.28984	0.257968
	-1.23824	0.252756
	-0.825496	0.206374
	-1.03187	0.230733
	-1.5994	0.28726
	-1.34143	0.263076
	-1.34143	0.263076
	-1.23824	0.252756
	-1.03187	0.230733
	-1.39302	0.268088
	-0.825496	0.206374
	-1.03187	0.230733
	-1.13506	0.241995
	-1.70259	0.296382
	-1.39302	0.268088
	-1.75418	0.300839
	-1.44462	0.273007
	-1.34143	0.263076
	-1.65099	0.291857
	-1.13506	0.241995
	-1.03187	0.230733
	-1.23824	0.252756
	-1.5994	0.28726
	-0.980277	0.224891
	-1.34143	0.263076
	-1.39302	0.268088
	-1.39302	0.268088
	-1.34143	0.263076
	-1.5994	0.28726
	-1.44462	0.273007
	-1.23824	0.252756
	-1.39302	0.268088
	-1.65099	0.291857
	-1.70259	0.296382
	-1.5994	0.28726
	-2.27011	0.342233
	-1.28984	0.257968
	-1.28984	0.257968
	-1.13506	0.241995
	-1.03187	0.230733
	-1.39302	0.268088
	-1.49621	0.27784
	-1.08346	0.236431
	-1.49621	0.27784
	-1.23824	0.252756
	-0.825496	0.206374
	-1.34143	0.263076
	-1.18665	0.247434
	-0.87709	0.212725
	-1.23824	0.252756
	-1.5994	0.28726
	-1.18665	0.247434
	-1.13506	0.241995
	-0.722309	0.193045
	-1.18665	0.247434
	-0.928683	0.218893
	-1.13506	0.241995
	-1.39302	0.268088
	-1.65099	0.291857
	-2.3733	0.349924
	-2.01215	0.322201
	-2.01215	0.322201
	-1.85737	0.309561
	-1.65099	0.291857
	-1.13506	0.241995
	-1.49621	0.27784
	-1.03187	0.230733
	-1.13506	0.241995
	-0.980277	0.224891
	-1.08346	0.236431
	-1.23824	0.252756
	-1.34143	0.263076
	-1.34143	0.263076
	-1.54781	0.282589
	-2.27011	0.342233
	-1.49621	0.27784
	-1.23824	0.252756
	-1.34143	0.263076
	-1.13506	0.241995
	-1.23824	0.252756
	-1.39302	0.268088
	-1.49621	0.27784
	-1.03187	0.230733
	-1.49621	0.27784
	-1.39302	0.268088
	-1.65099	0.291857
	-1.44462	0.273007
	-1.23824	0.252756
	-0.825496	0.206374
	-0.980277	0.224891
	-1.18665	0.247434
	-1.08346	0.236431
	-1.44462	0.273007
	-1.39302	0.268088
	-1.65099	0.291857
	-1.39302	0.268088
	-1.5994	0.28726
	-1.44462	0.273007
	-1.39302	0.268088
	-1.03187	0.230733
	-1.34143	0.263076
	-1.23824	0.252756
	-1.18665	0.247434
	-1.18665	0.247434
	-1.39302	0.268088
	-1.13506	0.241995
	-1.23824	0.252756
	-1.54781	0.282589
	-1.34143	0.263076
	-1.23824	0.252756
	-1.34143	0.263076
	-1.54781	0.282589
	-1.75418	0.300839
	-0.87709	0.212725
	-1.08346	0.236431
	-1.18665	0.247434
	-1.44462	0.273007
	-1.03187	0.230733
	-1.03187	0.230733
	-0.773903	0.199821
	-1.03187	0.230733
	-0.980277	0.224891
	-1.34143	0.263076
	-1.03187	0.230733
	-1.34143	0.263076
	-1.54781	0.282589
	-1.23824	0.252756
	-1.39302	0.268088
	-1.08346	0.236431
	-1.23824	0.252756
	-1.5994	0.28726
	-0.773903	0.199821
	-1.65099	0.291857
	-0.87709	0.212725
	-1.28984	0.257968
	-0.87709	0.212725
	-1.34143	0.263076
	-0.619122	0.178725
	-1.39302	0.268088
	-0.928683	0.218893
	-1.03187	0.230733
	-0.825496	0.206374
	-1.28984	0.257968
	-1.13506	0.241995
	-0.722309	0.193045
	-1.03187	0.230733
	-0.928683	0.218893
	-1.18665	0.247434
	-1.28984	0.257968
	-0.928683	0.218893
	-1.39302	0.268088
	-1.5994	0.28726
	-0.928683	0.218893
	-1.44462	0.273007
	-1.03187	0.230733
	-0.980277	0.224891
	-1.28984	0.257968
	-1.39302	0.268088
	-1.28984	0.257968
	-1.13506	0.241995
	-1.54781	0.282589
	-0.670716	0.186023
	-1.49621	0.27784
	-1.13506	0.241995
	-1.08346	0.236431
	-1.34143	0.263076
	-1.28984	0.257968
	-1.34143	0.263076
	-1.03187	0.230733
	-0.980277	0.224891
	-0.825496	0.206374
	-1.75418	0.300839
	-1.39302	0.268088
	-1.13506	0.241995
	-1.28984	0.257968
	-1.13506	0.241995
	-1.28984	0.257968
	-0.928683	0.218893
	-1.18665	0.247434
	-1.18665	0.247434
	-1.49621	0.27784
	-1.03187	0.230733
	-0.928683	0.218893
	-1.49621	0.27784
	-1.03187	0.230733
	-1.34143	0.263076
	-1.49621	0.27784
	-1.03187	0.230733
	-1.34143	0.263076
	-1.13506	0.241995
	-0.980277	0.224891
	-0.980277	0.224891
	-1.08346	0.236431
	-0.825496	0.206374
	-1.28984	0.257968
	-1.5994	0.28726
	-1.18665	0.247434
	-1.28984	0.257968
	-1.54781	0.282589
	-0.980277	0.224891
	-1.39302	0.268088
	-1.08346	0.236431
	-1.54781	0.282589
	-1.23824	0.252756
	-1.49621	0.27784
	-0.773903	0.199821
	-1.18665	0.247434
	-1.18665	0.247434
	-1.39302	0.268088
	-1.39302	0.268088
	-1.28984	0.257968
	-1.34143	0.263076
	-1.03187	0.230733
	-0.773903	0.199821
	-0.980277	0.224891
	-0.87709	0.212725
	-1.03187	0.230733
	-1.08346	0.236431
	-0.825496	0.206374
	-0.773903	0.199821
	-0.980277	0.224891
	-0.87709	0.212725
	-1.18665	0.247434
	-0.928683	0.218893
	-1.23824	0.252756
	-1.34143	0.263076
	-0.825496	0.206374
	-1.39302	0.268088
	-1.08346	0.236431
	-0.825496	0.206374
	-1.13506	0.241995
	-0.928683	0.218893
	-1.08346	0.236431
	-1.49621	0.27784
	-0.980277	0.224891
	-0.980277	0.224891
	-0.980277	0.224891
	-0.87709	0.212725
	-0.825496	0.206374
	-0.980277	0.224891
	-0.619122	0.178725
	-0.619122	0.178725
	-0.980277	0.224891
	-0.980277	0.224891
	-1.13506	0.241995
	-1.13506	0.241995
	-0.722309	0.193045
	-0.825496	0.206374
	-1.5994	0.28726
	-1.23824	0.252756
	-1.18665	0.247434
	-0.928683	0.218893
	-0.722309	0.193045
	-1.03187	0.230733
	-1.23824	0.252756
	-0.928683	0.218893
	-0.928683	0.218893
	-1.34143	0.263076
	-1.23824	0.252756
	-1.44462	0.273007
	-1.75418	0.300839
	-1.5994	0.28726
	-2.57968	0.364821
	-2.27011	0.342233
	-1.5994	0.28726
	-1.18665	0.247434
	-1.18665	0.247434
	-1.18665	0.247434
	-0.980277	0.224891
	-1.18665	0.247434
	-1.23824	0.252756
	-1.08346	0.236431
	-1.34143	0.263076
	-0.87709	0.212725
	-0.567529	0.171116
	-0.928683	0.218893
	-1.28984	0.257968
	-1.49621	0.27784
	-1.28984	0.257968
	-1.23824	0.252756
	-1.13506	0.241995
	-0.928683	0.218893
	-1.18665	0.247434
	-0.87709	0.212725
	-1.08346	0.236431
	-1.13506	0.241995
	-1.03187	0.230733
	-1.23824	0.252756
	-1.44462	0.273007
	-1.03187	0.230733
	-1.34143	0.263076
	-0.670716	0.186023
	-1.18665	0.247434
	-1.03187	0.230733
	-0.619122	0.178725
	-1.18665	0.247434
	-0.928683	0.218893
	-1.28984	0.257968
	-0.928683	0.218893
	-0.928683	0.218893
	-1.08346	0.236431
	-0.980277	0.224891
	-1.39302	0.268088
	-0.928683	0.218893
	-0.928683	0.218893
	-0.928683	0.218893
	-1.13506	0.241995
	-1.13506	0.241995
	-1.03187	0.230733
	-1.08346	0.236431
	-1.34143	0.263076
	-1.34143	0.263076
	-0.773903	0.199821
	-0.825496	0.206374
	-1.03187	0.230733
	-0.980277	0.224891
	-0.722309	0.193045
	-0.87709	0.212725
	-0.773903	0.199821
	-1.34143	0.263076
	-0.773903	0.199821
	-0.87709	0.212725
	-0.825496	0.206374
	-0.773903	0.199821
	-0.670716	0.186023
	-0.87709	0.212725
	-0.980277	0.224891
	-1.13506	0.241995
	-0.773903	0.199821
	-1.70259	0.296382
	-1.08346	0.236431
	-1.23824	0.252756
	-1.18665	0.247434
	-0.87709	0.212725
	-0.928683	0.218893
	-1.23824	0.252756
	-0.87709	0.212725
	-0.670716	0.186023
	-1.08346	0.236431
	-0.825496	0.206374
	-1.23824	0.252756
	-1.23824	0.252756
	-0.825496	0.206374
	-1.44462	0.273007
	-0.87709	0.212725
	-1.18665	0.247434
	-1.18665	0.247434
	-0.670716	0.186023
	-0.980277	0.224891
	-1.13506	0.241995
	-1.08346	0.236431
	-1.28984	0.257968
	-0.773903	0.199821
	-0.87709	0.212725
	-1.39302	0.268088
	-1.28984	0.257968
	-0.619122	0.178725
	-1.08346	0.236431
	-1.13506	0.241995
	-1.08346	0.236431
	-0.980277	0.224891
	-1.03187	0.230733
	-1.13506	0.241995
	-1.08346	0.236431
	-1.18665	0.247434
	-1.13506	0.241995
	-1.13506	0.241995
	-1.18665	0.247434
	-0.773903	0.199821
	-1.23824	0.252756
	-0.928683	0.218893
	-0.980277	0.224891
	-0.619122	0.178725
	-0.87709	0.212725
	-1.23824	0.252756
	-1.39302	0.268088
	-0.773903	0.199821
	-1.28984	0.257968
	-0.928683	0.218893
	-1.23824	0.252756
	-1.18665	0.247434
	-0.980277	0.224891
	-0.87709	0.212725
	-0.980277	0.224891
	-1.49621	0.27784
	-1.03187	0.230733
	-1.28984	0.257968
	-1.08346	0.236431
	-1.23824	0.252756
	-1.34143	0.263076
	-1.39302	0.268088
	-0.825496	0.206374
	-0.928683	0.218893
	-1.5994	0.28726
	-1.18665	0.247434
	-0.825496	0.206374
	-0.980277	0.224891
	-1.18665	0.247434
	-1.28984	0.257968
	-1.03187	0.230733
	-1.03187	0.230733
	-1.08346	0.236431
	-0.980277	0.224891
	-0.619122	0.178725
	-0.87709	0.212725
	-0.87709	0.212725
	-0.980277	0.224891
	-1.18665	0.247434
	-1.13506	0.241995
	-0.567529	0.171116
	-0.980277	0.224891
	-1.08346	0.236431
	-1.13506	0.241995
	-1.65099	0.291857
	-2.01215	0.322201
	-3.40517	0.419148
	-3.71473	0.437785
	-5.88166	0.550868
	-5.15935	0.515935
	-4.33385	0.472862
	-3.55995	0.428568
	-2.78605	0.379133
	-1.44462	0.273007
	-1.03187	0.230733
	-1.65099	0.291857
	-1.28984	0.257968
	-1.18665	0.247434
	-0.980277	0.224891
	-0.980277	0.224891
	-1.54781	0.282589
	-1.34143	0.263076
	-0.825496	0.206374
	-1.13506	0.241995
	-0.722309	0.193045
	-0.722309	0.193045
	-0.773903	0.199821
	-0.928683	0.218893
	-1.13506	0.241995
	-0.980277	0.224891
	-1.03187	0.230733
	-0.980277	0.224891
	-0.773903	0.199821
	-0.722309	0.193045
	-1.03187	0.230733
	-0.87709	0.212725
	-1.18665	0.247434
	-1.13506	0.241995
	-1.03187	0.230733
	-0.87709	0.212725
	-0.722309	0.193045
	-1.08346	0.236431
	-0.928683	0.218893
	-1.23824	0.252756
	-0.670716	0.186023
	-1.18665	0.247434
	-0.670716	0.186023
	-0.773903	0.199821
	-1.13506	0.241995
	-1.23824	0.252756
	-0.773903	0.199821
	-0.825496	0.206374
	-0.87709	0.212725
	-0.825496	0.206374
	-1.13506	0.241995
	-0.619122	0.178725
	-0.670716	0.186023
	-1.13506	0.241995
	-0.670716	0.186023
	-0.773903	0.199821
	-1.5994	0.28726
	-0.928683	0.218893
	-1.28984	0.257968
	-1.13506	0.241995
	-0.773903	0.199821
	-0.980277	0.224891
	-0.928683	0.218893
	-0.825496	0.206374
	-0.567529	0.171116
	-0.567529	0.171116
	-0.980277	0.224891
	-0.928683	0.218893
	-0.825496	0.206374
	-1.18665	0.247434
	-1.54781	0.282589
	-1.39302	0.268088
	-1.13506	0.241995
	-1.28984	0.257968
	-1.85737	0.309561
	-1.44462	0.273007
	-1.65099	0.291857
	-1.49621	0.27784
	-1.23824	0.252756
	-0.928683	0.218893
	-1.08346	0.236431
	-0.773903	0.199821
	-0.87709	0.212725
	-0.670716	0.186023
	-1.13506	0.241995
	-0.87709	0.212725
	-0.980277	0.224891
	-0.87709	0.212725
	-1.18665	0.247434
	-0.87709	0.212725
	-0.825496	0.206374
	-1.08346	0.236431
	-0.928683	0.218893
	-0.87709	0.212725
	-0.773903	0.199821
	-1.13506	0.241995
	-0.722309	0.193045
	-0.87709	0.212725
	-1.13506	0.241995
	-1.03187	0.230733
	-0.87709	0.212725
	-1.03187	0.230733
	-0.722309	0.193045
	-1.23824	0.252756
	-0.980277	0.224891
	-1.34143	0.263076
	-0.980277	0.224891
	-1.13506	0.241995
	-1.08346	0.236431
	-0.464342	0.154781
	-0.464342	0.154781
	-0.567529	0.171116
	-1.03187	0.230733
	-1.39302	0.268088
	-0.980277	0.224891
	-0.670716	0.186023
	-1.03187	0.230733
	-0.928683	0.218893
	-0.980277	0.224891
	-0.980277	0.224891
	-1.23824	0.252756
	-1.39302	0.268088
	-0.928683	0.218893
	-1.28984	0.257968
	-0.825496	0.206374
	-1.28984	0.257968
	-1.03187	0.230733
	-1.03187	0.230733
	-1.08346	0.236431
	-1.5994	0.28726
	-0.87709	0.212725
	-0.928683	0.218893
	-0.980277	0.224891
	-0.928683	0.218893
	-1.08346	0.236431
	-1.18665	0.247434
	-0.722309	0.193045
	-0.87709	0.212725
	-1.03187	0.230733
	-1.18665	0.247434
	-0.87709	0.212725
	-0.928683	0.218893
	-0.670716	0.186023
	-0.87709	0.212725
	-0.619122	0.178725
	-1.13506	0.241995
	-0.361155	0.136504
	-0.87709	0.212725
	-0.980277	0.224891
	-0.773903	0.199821
	-0.87709	0.212725
	-1.08346	0.236431
	-0.773903	0.199821
	-0.980277	0.224891
	-1.03187	0.230733
	-0.825496	0.206374
	-0.464342	0.154781
	-0.825496	0.206374
	-1.18665	0.247434
	-0.928683	0.218893
	-1.23824	0.252756
	-1.13506	0.241995
	-0.980277	0.224891
	-0.87709	0.212725
	-1.08346	0.236431
	-0.928683	0.218893
	-1.49621	0.27784
	-1.5994	0.28726
	-1.44462	0.273007
	-1.5994	0.28726
	-1.65099	0.291857
	-2.42489	0.353707
	-1.03187	0.230733
	-1.13506	0.241995
	-1.08346	0.236431
	-0.773903	0.199821
	-1.23824	0.252756
	-1.08346	0.236431
	-1.28984	0.257968
	-1.44462	0.273007
	-3.1472	0.402958
	-3.50836	0.425451
	-3.30198	0.412748
	-2.83764	0.382628
	-2.99242	0.392924
	-2.32171	0.3461
	-0.599399	1.04044
	-1.03187	0.230733
	-1.28984	0.257968
	-0.928683	0.218893
	-1.28984	0.257968
	-1.34143	0.263076
	-0.928683	0.218893
	-0.825496	0.206374
	-0.87709	0.212725
	-0.619122	0.178725
	-0.722309	0.193045
	-0.773903	0.199821
	-0.722309	0.193045
	-1.08346	0.236431
	-0.87709	0.212725
	-0.722309	0.193045
	-0.773903	0.199821
	-0.722309	0.193045
	-0.825496	0.206374
	-0.980277	0.224891
	-0.722309	0.193045
	-0.87709	0.212725
	-0.980277	0.224891
	-0.464342	0.154781
	-1.03187	0.230733
	-0.980277	0.224891
	-0.87709	0.212725
	-0.722309	0.193045
	-0.980277	0.224891
	-1.08346	0.236431
	-1.08346	0.236431
	-0.928683	0.218893
	-0.825496	0.206374
	-1.23824	0.252756
	-0.980277	0.224891
	-0.722309	0.193045
	-0.928683	0.218893
	-0.87709	0.212725
	-0.619122	0.178725
	-0.87709	0.212725
	-0.928683	0.218893
	-0.619122	0.178725
	-0.825496	0.206374
	-0.722309	0.193045
	-0.825496	0.206374
	-1.23824	0.252756
	-1.08346	0.236431
	-0.567529	0.171116
	-1.34143	0.263076
	-0.87709	0.212725
	-0.87709	0.212725
	-0.670716	0.186023
	-1.03187	0.230733
	-0.619122	0.178725
	-0.928683	0.218893
	-0.722309	0.193045
	-0.928683	0.218893
	-0.980277	0.224891
	-0.567529	0.171116
	-0.825496	0.206374
	-0.670716	0.186023
	-0.567529	0.171116
	-0.980277	0.224891
	-0.980277	0.224891
	-0.619122	0.178725
	-0.980277	0.224891
	-0.515935	0.163153
	-0.464342	0.154781
	-0.928683	0.218893
	-0.773903	0.199821
	-1.13506	0.241995
	-0.773903	0.199821
	-0.670716	0.186023
	-0.825496	0.206374
	-0.722309	0.193045
	-0.722309	0.193045
	-0.515935	0.163153
	-1.23824	0.252756
	-0.773903	0.199821
	-0.980277	0.224891
	-0.87709	0.212725
	-0.670716	0.186023
	-0.619122	0.178725
	-0.567529	0.171116
	-0.928683	0.218893
	-1.08346	0.236431
	-0.825496	0.206374
	-0.928683	0.218893
	-0.670716	0.186023
	-0.722309	0.193045
	-0.928683	0.218893
	-0.928683	0.218893
	-0.619122	0.178725
	-1.44462	0.273007
	-0.567529	0.171116
	-0.87709	0.212725
	-1.39302	0.268088
	-1.23824	0.252756
	-0.928683	0.218893
	-1.03187	0.230733
	-0.773903	0.199821
	-0.87709	0.212725
	-0.980277	0.224891
	-0.567529	0.171116
	-1.44462	0.273007
	-1.13506	0.241995
	-0.722309	0.193045
	-1.13506	0.241995
	-0.722309	0.193045
	-0.464342	0.154781
	-0.722309	0.193045
	-0.773903	0.199821
	-0.567529	0.171116
	-0.825496	0.206374
	-0.87709	0.212725
	-0.515935	0.163153
	-0.722309	0.193045
	-0.980277	0.224891
	-0.928683	0.218893
	-0.87709	0.212725
	-0.773903	0.199821
	-0.670716	0.186023
	-1.39302	0.268088
	-1.13506	0.241995
	-0.670716	0.186023
	-0.567529	0.171116
	-1.13506	0.241995
	-0.361155	0.136504
	-0.670716	0.186023
	-0.87709	0.212725
	-1.03187	0.230733
	-1.08346	0.236431
	-0.773903	0.199821
	-0.670716	0.186023
	-0.773903	0.199821
	-0.928683	0.218893
	-1.13506	0.241995
	-1.34143	0.263076
	-0.567529	0.171116
	-1.08346	0.236431
	-0.980277	0.224891
	-0.722309	0.193045
	-0.361155	0.136504
	-0.515935	0.163153
	-1.08346	0.236431
	-1.44462	0.273007
	-1.28984	0.257968
	-0.825496	0.206374
	-0.567529	0.171116
	-0.825496	0.206374
	-0.567529	0.171116
	-0.928683	0.218893
	-0.825496	0.206374
	-0.87709	0.212725
	-0.980277	0.224891
	-0.619122	0.178725
	-0.773903	0.199821
	-0.825496	0.206374
	-0.619122	0.178725
	-1.13506	0.241995
	-0.722309	0.193045
	-0.515935	0.163153
	-0.825496	0.206374
	-0.825496	0.206374
	-0.515935	0.163153
	-0.773903	0.199821
	-1.34143	0.263076
	-0.825496	0.206374
	-1.13506	0.241995
	-0.87709	0.212725
	-1.18665	0.247434
	-0.722309	0.193045
	-0.928683	0.218893
	-1.03187	0.230733
	-0.825496	0.206374
	-0.773903	0.199821
	-0.619122	0.178725
	-0.567529	0.171116
	-0.980277	0.224891
	-0.722309	0.193045
	-0.722309	0.193045
	-0.928683	0.218893
	-0.87709	0.212725
	-0.670716	0.186023
	-0.722309	0.193045
	-0.87709	0.212725
	-0.515935	0.163153
	-0.825496	0.206374
	-0.567529	0.171116
	-0.825496	0.206374
	-0.87709	0.212725
	-0.928683	0.218893
	-0.670716	0.186023
	-0.928683	0.218893
	-0.773903	0.199821
	-1.08346	0.236431
	-0.825496	0.206374
	-1.23824	0.252756
	-0.722309	0.193045
	-0.980277	0.224891
	-0.928683	0.218893
	-0.87709	0.212725
	-0.87709	0.212725
	-0.619122	0.178725
	-0.825496	0.206374
	-0.412748	0.145928
	-1.18665	0.247434
	-0.825496	0.206374
	-0.464342	0.154781
	-1.13506	0.241995
	-1.18665	0.247434
	-0.928683	0.218893
	-1.18665	0.247434
	-0.825496	0.206374
	-0.928683	0.218893
	-0.722309	0.193045
	-0.515935	0.163153
	-1.23824	0.252756
	-0.773903	0.199821
	-0.722309	0.193045
	-0.567529	0.171116
	-0.87709	0.212725
	-0.825496	0.206374
	-0.980277	0.224891
	-0.87709	0.212725
	-0.773903	0.199821
	-0.773903	0.199821
	-0.87709	0.212725
	-0.773903	0.199821
	-1.03187	0.230733
	-0.773903	0.199821
	-0.87709	0.212725
	-1.23824	0.252756
	-0.670716	0.186023
	-0.722309	0.193045
	-0.722309	0.193045
	-0.825496	0.206374
	-0.670716	0.186023
	-0.773903	0.199821
	-0.670716	0.186023
	-0.464342	0.154781
	-0.87709	0.212725
	-0.722309	0.193045
	-0.773903	0.199821
	-1.03187	0.230733
	-0.722309	0.193045
	-0.722309	0.193045
	-0.928683	0.218893
	-0.515935	0.163153
	-0.670716	0.186023
	-1.18665	0.247434
	-0.928683	0.218893
	-1.03187	0.230733
	-0.722309	0.193045
	-1.03187	0.230733
	-0.87709	0.212725
	-0.825496	0.206374
	-0.980277	0.224891
	-0.825496	0.206374
	-0.87709	0.212725
	-0.412748	0.145928
	-0.773903	0.199821
	-0.515935	0.163153
	-0.773903	0.199821
	-0.773903	0.199821
	-0.567529	0.171116
	-0.773903	0.199821
	-0.309561	0.126378
	-0.722309	0.193045
	-0.825496	0.206374
	-0.773903	0.199821
	-0.670716	0.186023
	-1.18665	0.247434
	-0.928683	0.218893
	-1.08346	0.236431
	-0.515935	0.163153
	-1.49621	0.27784
	-0.928683	0.218893
	-0.825496	0.206374
	-0.670716	0.186023
	-0.722309	0.193045
	-0.515935	0.163153
	-0.825496	0.206374
	-0.825496	0.206374
	-0.567529	0.171116
	-0.773903	0.199821
	-0.722309	0.193045
	-0.87709	0.212725
	-0.619122	0.178725
	-0.670716	0.186023
	-0.773903	0.199821
	-0.722309	0.193045
	-0.619122	0.178725
	-0.670716	0.186023
	-0.670716	0.186023
	-1.13506	0.241995
	-0.87709	0.212725
	-0.87709	0.212725
	-0.670716	0.186023
	-1.08346	0.236431
	-0.619122	0.178725
	-0.980277	0.224891
	-0.928683	0.218893
	-1.13506	0.241995
	-0.928683	0.218893
	-0.619122	0.178725
	-0.980277	0.224891
	-0.309561	0.126378
	-0.980277	0.224891
	-0.670716	0.186023
	-0.928683	0.218893
	-0.928683	0.218893
	-0.773903	0.199821
	-0.670716	0.186023
	-1.28984	0.257968
	-0.773903	0.199821
	-0.825496	0.206374
	-0.773903	0.199821
	-0.87709	0.212725
	-0.464342	0.154781
	-0.87709	0.212725
	-0.87709	0.212725
	-0.773903	0.199821
	-0.619122	0.178725
	-0.928683	0.218893
	-1.03187	0.230733
	-0.773903	0.199821
	-1.03187	0.230733
	-0.670716	0.186023
	-0.980277	0.224891
	-0.87709	0.212725
	-0.825496	0.206374
	-0.670716	0.186023
	-0.619122	0.178725
	-0.670716	0.186023
	-0.670716	0.186023
	-0.825496	0.206374
	-0.619122	0.178725
	-0.928683	0.218893
	-1.18665	0.247434
	-0.619122	0.178725
	-0.361155	0.136504
	-0.722309	0.193045
	-0.980277	0.224891
	-0.928683	0.218893
	-0.773903	0.199821
	-0.722309	0.193045
	-0.722309	0.193045
	-0.619122	0.178725
	-0.87709	0.212725
	-0.361155	0.136504
	-0.464342	0.154781
	-0.464342	0.154781
	-0.515935	0.163153
	-0.980277	0.224891
	-0.670716	0.186023
	-0.825496	0.206374
	-0.722309	0.193045
	-0.515935	0.163153
	-1.08346	0.236431
	-0.825496	0.206374
	-0.619122	0.178725
	-0.773903	0.199821
	-0.825496	0.206374
	-0.773903	0.199821
	-0.567529	0.171116
	-1.18665	0.247434
	-0.619122	0.178725
	-0.87709	0.212725
	-0.670716	0.186023
	-0.670716	0.186023
	-0.670716	0.186023
	-0.980277	0.224891
	-0.515935	0.163153
	-0.87709	0.212725
	-0.722309	0.193045
	-0.515935	0.163153
	-0.928683	0.218893
	-0.825496	0.206374
	-0.980277	0.224891
	-0.619122	0.178725
	-0.567529	0.171116
	-0.567529	0.171116
	-0.825496	0.206374
	-0.773903	0.199821
	-0.928683	0.218893
	-0.773903	0.199821
	-1.13506	0.241995
	-0.670716	0.186023
	-0.87709	0.212725
	-0.722309	0.193045
	-0.670716	0.186023
	-0.980277	0.224891
	-0.670716	0.186023
	-0.722309	0.193045
	-0.825496	0.206374
	-0.825496	0.206374
	-0.361155	0.136504
	-0.928683	0.218893
	-0.619122	0.178725
	-0.412748	0.145928
	-0.980277	0.224891
	-1.13506	0.241995
	-0.670716	0.186023
	-0.928683	0.218893
	-0.825496	0.206374
	-1.03187	0.230733
	-0.722309	0.193045
	-0.619122	0.178725
	-0.619122	0.178725
	-0.825496	0.206374
	-0.980277	0.224891
	-0.825496	0.206374
	-0.515935	0.163153
	-1.13506	0.241995
	-0.515935	0.163153
	-0.464342	0.154781
	-0.722309	0.193045
	-0.464342	0.154781
	-0.670716	0.186023
	-0.773903	0.199821
	-0.722309	0.193045
	-0.361155	0.136504
	-0.980277	0.224891
	-0.773903	0.199821
	-0.722309	0.193045
	-0.619122	0.178725
	-0.825496	0.206374
	-0.722309	0.193045
	-0.928683	0.218893
	-1.18665	0.247434
	-0.825496	0.206374
	-0.980277	0.224891
	-0.722309	0.193045
	-0.567529	0.171116
	-0.670716	0.186023
	-0.567529	0.171116
	-1.08346	0.236431
	-1.18665	0.247434
	-0.567529	0.171116
	-0.567529	0.171116
	-0.825496	0.206374
	-0.87709	0.212725
	-0.670716	0.186023
	-1.08346	0.236431
	-0.87709	0.212725
	-0.773903	0.199821
	-1.08346	0.236431
	-0.928683	0.218893
	-0.87709	0.212725
	-0.464342	0.154781
	-0.722309	0.193045
	-0.825496	0.206374
	-0.670716	0.186023
	-0.515935	0.163153
	-0.619122	0.178725
	-1.70259	0.296382
	-1.03187	0.230733
	-2.94083	0.389522
	-3.04402	0.396297
	-4.12748	0.461466
	-3.40517	0.419148
	-3.61155	0.431662
	-2.52808	0.361155
	-1.39302	0.268088
	-1.39302	0.268088
	-0.670716	0.186023
	-0.980277	0.224891
	-0.825496	0.206374
	-0.670716	0.186023
	-0.412748	0.145928
	-0.567529	0.171116
	-0.928683	0.218893
	-0.825496	0.206374
	-0.567529	0.171116
	-1.44462	0.273007
	-0.825496	0.206374
	-0.567529	0.171116
	-0.825496	0.206374
	-0.773903	0.199821
	-1.03187	0.230733
	-0.567529	0.171116
	-0.87709	0.212725
	-0.515935	0.163153
	-0.825496	0.206374
	-0.619122	0.178725
	-0.515935	0.163153
	-0.464342	0.154781
	-0.722309	0.193045
	-0.722309	0.193045
	-0.670716	0.186023
	-0.670716	0.186023
	-0.825496	0.206374
	-0.87709	0.212725
	-0.980277	0.224891
	-0.515935	0.163153
	-0.515935	0.163153
	-0.722309	0.193045
	-0.670716	0.186023
	-1.13506	0.241995
	-0.567529	0.171116
	-0.87709	0.212725
	-0.980277	0.224891
	-0.773903	0.199821
	-0.515935	0.163153
	-0.567529	0.171116
	-0.773903	0.199821
	-0.464342	0.154781
	-0.722309	0.193045
	-1.08346	0.236431
	-1.03187	0.230733
	-0.567529	0.171116
	-0.670716	0.186023
	-0.670716	0.186023
	-0.619122	0.178725
	-0.825496	0.206374
	-0.670716	0.186023
	-0.309561	0.126378
	-1.08346	0.236431
	-0.722309	0.193045
	-0.464342	0.154781
	-0.928683	0.218893
	-0.464342	0.154781
	-0.670716	0.186023
	-0.825496	0.206374
	-0.825496	0.206374
	-0.567529	0.171116
	-0.722309	0.193045
	-0.87709	0.212725
	-1.08346	0.236431
	-0.87709	0.212725
	-0.619122	0.178725
	-0.464342	0.154781
	-0.825496	0.206374
	-0.928683	0.218893
	-0.670716	0.186023
	-0.87709	0.212725
	-0.773903	0.199821
	-0.619122	0.178725
	-1.03187	0.230733
	-1.18665	0.247434
	-0.670716	0.186023
	-0.773903	0.199821
	-0.825496	0.206374
	-1.03187	0.230733
	-0.464342	0.154781
	-0.825496	0.206374
	-0.722309	0.193045
	-0.980277	0.224891
	-0.567529	0.171116
	-1.39302	0.268088
	-0.670716	0.186023
	-0.567529	0.171116
	-0.928683	0.218893
	-1.18665	0.247434
	-0.773903	0.199821
	-0.980277	0.224891
	-0.825496	0.206374
	-0.773903	0.199821
	-0.87709	0.212725
	-0.825496	0.206374
	-1.03187	0.230733
	-1.18665	0.247434
	-0.567529	0.171116
	-0.980277	0.224891
	-0.980277	0.224891
	-1.03187	0.230733
	-0.773903	0.199821
	-1.18665	0.247434
	-0.515935	0.163153
	-1.03187	0.230733
	-0.722309	0.193045
	-1.03187	0.230733
	-0.825496	0.206374
	-0.928683	0.218893
	-0.464342	0.154781
	-0.773903	0.199821
	-0.773903	0.199821
	-0.773903	0.199821
	-1.03187	0.230733
	-0.928683	0.218893
	-0.670716	0.186023
	-0.619122	0.178725
	-0.670716	0.186023
	-1.08346	0.236431
	-0.980277	0.224891
	-0.87709	0.212725
	-1.08346	0.236431
	-1.03187	0.230733
	-0.567529	0.171116
	-0.464342	0.154781
	-0.980277	0.224891
	-0.825496	0.206374
	-0.361155	0.136504
	-0.670716	0.186023
	-0.619122	0.178725
	-1.03187	0.230733
	-0.87709	0.212725
	-0.87709	0.212725
	-1.03187	0.230733
	-0.515935	0.163153
	-1.03187	0.230733
	-0.980277	0.224891
	-0.928683	0.218893
	-0.722309	0.193045
	-0.87709	0.212725
	-0.567529	0.171116
	-0.980277	0.224891
	-0.515935	0.163153
	-0.928683	0.218893
	-0.567529	0.171116
	-0.464342	0.154781
	-0.412748	0.145928
	-0.722309	0.193045
	-0.773903	0.199821
	-0.773903	0.199821
	-0.464342	0.154781
	-0.722309	0.193045
	-0.567529	0.171116
	-0.87709	0.212725
	-0.670716	0.186023
	-0.567529	0.171116
	-0.928683	0.218893
	-0.773903	0.199821
	-0.722309	0.193045
	-0.619122	0.178725
	-0.87709	0.212725
	-0.722309	0.193045
	-0.773903	0.199821
	-0.825496	0.206374
	-0.515935	0.163153
	-0.773903	0.199821
	-0.980277	0.224891
	-0.825496	0.206374
	-0.670716	0.186023
	-0.825496	0.206374
	-0.980277	0.224891
	-0.87709	0.212725
	-1.08346	0.236431
	-0.980277	0.224891
	-0.464342	0.154781
	-1.03187	0.230733
	-0.980277	0.224891
	-0.773903	0.199821
	-0.464342	0.154781
	-0.825496	0.206374
	-0.825496	0.206374
	-0.567529	0.171116
	-0.928683	0.218893
	-1.13506	0.241995
	-0.980277	0.224891
	-0.619122	0.178725
	-0.928683	0.218893
	-0.619122	0.178725
	-0.567529	0.171116
	-0.825496	0.206374
	-1.08346	0.236431
	-0.773903	0.199821
	-0.412748	0.145928
	-0.515935	0.163153
	-0.670716	0.186023
	-0.619122	0.178725
	-0.619122	0.178725
	-1.13506	0.241995
	-0.0834636	1.02757
	0.329284	1.01716
	-0.980277	0.224891
	-0.619122	0.178725
	-0.567529	0.171116
	-0.412748	0.145928
	-1.08346	0.236431
	-1.03187	0.230733
	-0.928683	0.218893
	-0.722309	0.193045
	-1.03187	0.230733
	1.2261	1.42826
	0.226097	1.01977
	1.07132	1.43105
	0.484065	1.01322
	-0.619122	0.178725
	-0.722309	0.193045
	1.12291	1.43012
	-0.825496	0.206374
	0.432471	1.01453
	1.38088	1.42546
	-0.87709	0.212725
	-0.722309	0.193045
	-0.515935	0.163153
	-0.619122	0.178725
	0.380878	1.01585
	-0.0834636	1.02757
	-0.773903	0.199821
	-1.08346	0.236431
	0.277691	1.01846
	0.0197234	1.02498
	0.277691	1.01846
	-0.0834636	1.02757
	2.12291	1.74507
	-0.0318701	1.02627
	0.432471	1.01453
	-1.03187	0.230733
	1.1745	1.42919
	0.277691	1.01846
	-0.825496	0.206374
	0.174504	1.02107
	-0.464342	0.154781
	-0.980277	0.224891
	-0.773903	0.199821
	2.2261	1.74354
	-0.186651	1.03016
	3.27769	2.0093
	1.58725	1.42172
	-1.03187	0.230733
	-0.619122	0.178725
	-0.0318701	1.02627
	-0.0318701	1.02627
	-0.619122	0.178725
	-0.87709	0.212725
	0.484065	1.01322
	1.12291	1.43012
	3.32928	2.00863
	2.2261	1.74354
	-0.980277	0.224891
	0.174504	1.02107
	0.226097	1.01977
	-0.670716	0.186023
	3.38088	2.00797
	2.12291	1.74507
	0.12291	1.02238
	0.380878	1.01585
	3.48406	2.00664
	-0.722309	0.193045
	1.27769	1.42733
	1.48406	1.42359
	2.27769	1.74278
	1.38088	1.42546
	1.27769	1.42733
	1.91654	1.74811
	0.226097	1.01977
	0.587252	1.01059
	-0.722309	0.193045
	1.12291	1.43012
	2.07132	1.74583
	0.174504	1.02107
	0.380878	1.01585
	0.174504	1.02107
	1.01972	1.43198
	1.96813	1.74735
	0.96813	1.43291
	1.48406	1.42359
	1.01972	1.43198
	0.12291	1.02238
	1.38088	1.42546
	0.226097	1.01977
	2.38088	1.74125
	3.12291	2.01128
	-0.980277	0.224891
	1.12291	1.43012
	3.53566	2.00598
	-1.08346	0.236431
	4.12291	2.24616
	-0.464342	0.154781
	0.432471	1.01453
	0.174504	1.02107
	1.38088	1.42546
	-0.722309	0.193045
	0.174504	1.02107
	-0.825496	0.206374
	-0.464342	0.154781
	1.1745	1.42919
	0.432471	1.01453
	0.535658	1.01191
	1.1745	1.42919
	0.226097	1.01977
	1.1745	1.42919
	1.86494	1.74887
	1.2261	1.42826
	-0.0318701	1.02627
	0.174504	1.02107
	-0.722309	0.193045
	1.1745	1.42919
	-0.619122	0.178725
	5.07132	2.45925
	-0.773903	0.199821
	2.12291	1.74507
	3.32928	2.00863
	1.43247	1.42453
	1.27769	1.42733
	-0.980277	0.224891
	-0.722309	0.193045
	0.0713169	1.02368
	-0.0834636	1.02757
	-0.773903	0.199821
	0.916536	1.43384
	1.01972	1.43198
	-0.87709	0.212725
	1.38088	1.42546
	1.32928	1.4264
	0.484065	1.01322
	3.1745	2.01062
	5.07132	2.45925
	-1.03187	0.230733
	4.07132	2.24676
	1.12291	1.43012
	1.53566	1.42266
	2.1745	1.7443
	-0.135057	1.02886
	2.12291	1.74507
	3.2261	2.00996
	4.01972	2.24735
	0.864943	1.43477
	2.12291	1.74507
	1.07132	1.43105
	2.01972	1.74659
	1.07132	1.43105
	1.32928	1.4264
	0.226097	1.01977
	0.226097	1.01977
	1.01972	1.43198
	3.12291	2.01128
	-1.39302	0.268088
	-0.186651	1.03016
	1.09104	1.76025
	2.24582	2.0225
	0.142634	1.4477
	-1.65099	0.291857
	3.12291	2.01128
	2.07132	1.74583
	0.12291	1.02238
	-0.186651	1.03016
	3.27769	2.0093
	2.07132	1.74583
	2.27769	1.74278
	-0.515935	0.163153
	3.48406	2.00664
	4.1745	2.24557
	0.638845	1.00927
	0.174504	1.02107
	0.174504	1.02107
	4.63885	2.24023
	0.12291	1.02238
	0.174504	1.02107
	1.43247	1.42453
	0.742032	1.00663
	2.58725	1.73819
	2.48406	1.73972
	-0.567529	0.171116
	3.2261	2.00996
	1.07132	1.43105
	1.32928	1.4264
	1.32928	1.4264
	3.86494	2.24912
	1.27769	1.42733
	2.38088	1.74125
	0.432471	1.01453
	4.69044	2.23964
	0.587252	1.01059
	-0.567529	0.171116
	1.53566	1.42266
	1.74203	1.41891
	1.38088	1.42546
	0.329284	1.01716
	0.690439	1.00795
	2.01972	1.74659
	3.43247	2.00731
	1.48406	1.42359
	1.53566	1.42266
	0.329284	1.01716
	1.27769	1.42733
	2.38088	1.74125
	2.27769	1.74278
	2.12291	1.74507
	-0.619122	0.178725
	-0.309561	0.126378
	-0.567529	0.171116
	0.277691	1.01846
	0.535658	1.01191
	1.53566	1.42266
	0.484065	1.01322
	1.32928	1.4264
	-0.980277	0.224891
	2.27769	1.74278
	2.2261	1.74354
	0.432471	1.01453
	-0.619122	0.178725
	4.43247	2.24261
	5.38088	2.456
	0.432471	1.01453
	1.43247	1.42453
	0.226097	1.01977
	1.27769	1.42733
	0.380878	1.01585
	1.38088	1.42546
	0.432471	1.01453
	0.0713169	1.02368
	0.226097	1.01977
	1.69044	1.41985
	0.432471	1.01453
	1.38088	1.42546
	0.484065	1.01322
	2.48406	1.73972
	0.793626	1.00531
	1.74203	1.41891
	0.690439	1.00795
	-0.722309	0.193045
	2.58725	1.73819
	-0.619122	0.178725
	1.38088	1.42546
	1.38088	1.42546
	0.380878	1.01585
	1.63885	1.42079
	-0.361155	0.136504
	2.32928	1.74201
	3.27769	2.0093
	1.27769	1.42733
	0.587252	1.01059
	0.535658	1.01191
	2.38088	1.74125
	2.58725	1.73819
	-0.619122	0.178725
	-0.515935	0.163153
	0.690439	1.00795
	0.742032	1.00663
	-0.670716	0.186023
	2.63885	1.73742
	-0.361155	0.136504
	3.48406	2.00664
	1.27769	1.42733
	1.32928	1.4264
	0.380878	1.01585
	0.432471	1.01453
	1.38088	1.42546
	1.38088	1.42546
	2.63885	1.73742
	-0.309561	0.126378
	1.2261	1.42826
	1.32928	1.4264
	1.58725	1.42172
	1.27769	1.42733
	-0.567529	0.171116
	0.638845	1.00927
	0.380878	1.01585
	0.432471	1.01453
	-0.619122	0.178725
	-0.825496	0.206374
	0.174504	1.02107
	0.277691	1.01846
	-0.309561	0.126378
	2.01972	1.74659
	0.587252	1.01059
	1.58725	1.42172
	-1.18665	0.247434
	-0.773903	0.199821
	-0.464342	0.154781
	1.1745	1.42919
	2.91654	2.01393
	1.1745	1.42919
	1.12291	1.43012
	1.58725	1.42172
	-0.412748	0.145928
	3.38088	2.00797
	1.32928	1.4264
	-0.567529	0.171116
	2.58725	1.73819
	3.53566	2.00598
	0.638845	1.00927
	-0.464342	0.154781
	0.329284	1.01716
	1.38088	1.42546
	1.69044	1.41985
	0.690439	1.00795
	-0.567529	0.171116
	0.587252	1.01059
	1.63885	1.42079
	1.48406	1.42359
	0.638845	1.00927
	2.38088	1.74125
	2.38088	1.74125
	1.43247	1.42453
	0.535658	1.01191
	1.43247	1.42453
	-0.619122	0.178725
	1.63885	1.42079
	0.484065	1.01322
	2.38088	1.74125
	0.432471	1.01453
	1.27769	1.42733
	2.58725	1.73819
	0.638845	1.00927
	1.27769	1.42733
	1.53566	1.42266
	3.43247	2.00731
	0.380878	1.01585
	0.742032	1.00663
	1.53566	1.42266
	0.484065	1.01322
	2.43247	1.74048
	5.58725	2.45383
	-0.619122	0.178725
	2.58725	1.73819
	1.79363	1.41797
	1.48406	1.42359
	0.587252	1.01059
	0.535658	1.01191
	0.380878	1.01585
	3.74203	2.00332
	2.58725	1.73819
	1.1745	1.42919
	0.484065	1.01322
	1.48406	1.42359
	2.43247	1.74048
	-0.670716	0.186023
	1.69044	1.41985
	0.587252	1.01059
	1.48406	1.42359
	1.74203	1.41891
	1.32928	1.4264
	-0.567529	0.171116
	1.38088	1.42546
	2.53566	1.73895
	0.432471	1.01453
	-0.464342	0.154781
	-0.257968	0.115367
	1.69044	1.41985
	0.742032	1.00663
	-0.0318701	1.02627
	1.74203	1.41891
	0.638845	1.00927
	2.89681	1.73359
	0.380878	1.01585
	0.638845	1.00927
	0.329284	1.01716
	0.174504	1.02107
	0.535658	1.01191
	0.380878	1.01585
	-0.464342	0.154781
	-0.361155	0.136504
	2.63885	1.73742
	1.69044	1.41985
	0.535658	1.01191
	0.535658	1.01191
	1.38088	1.42546
	1.2261	1.42826
	-0.722309	0.193045
	1.48406	1.42359
	1.63885	1.42079
	0.329284	1.01716
	2.69044	1.73666
	0.484065	1.01322
	0.638845	1.00927
	1.69044	1.41985
	0.12291	1.02238
	1.58725	1.42172
	1.53566	1.42266
	2.63885	1.73742
	2.38088	1.74125
	2.32928	1.74201
	0.587252	1.01059
	4.63885	2.24023
	-0.464342	0.154781
	0.638845	1.00927
	3.58725	2.00532
	0.277691	1.01846
	-0.567529	0.171116
	3.38088	2.00797
	-0.567529	0.171116
	0.793626	1.00531
	0.432471	1.01453
	-0.361155	0.136504
	-0.464342	0.154781
	0.329284	1.01716
	1.32928	1.4264
	1.38088	1.42546
	1.63885	1.42079
	1.89681	1.41609
	1.38088	1.42546
	-0.361155	0.136504
	0.380878	1.01585
	0.587252	1.01059
	1.69044	1.41985
	0.690439	1.00795
	1.58725	1.42172
	-0.567529	0.171116
	0.587252	1.01059
	1.79363	1.41797
	4.53566	2.24142
	-0.567529	0.171116
	-0.103187	0.0729642
	2.63885	1.73742
	-0.619122	0.178725
	4.58725	2.24082
	0.484065	1.01322
	0.432471	1.01453
	1.53566	1.42266
	2.2261	1.74354
	-0.567529	0.171116
	0.484065	1.01322
	3.53566	2.00598
	1.38088	1.42546
	0.380878	1.01585
	0.690439	1.00795
	-0.309561	0.126378
	0.484065	1.01322
	2.63885	1.73742
	0.638845	1.00927
	1.79363	1.41797
	0.793626	1.00531
	1.53566	1.42266
	3.38088	2.00797
	2.48406	1.73972
	0.587252	1.01059
	1.79363	1.41797
	1.63885	1.42079
	0.690439	1.00795
	4.53566	2.24142
	3.63885	2.00465
	7.32928	2.83454
	27.4841	5.29402
	73.6904	8.60325
	98.4841	9.95121
	198.69	14.1073
	310.329	17.6362
	397.587	19.9505
	425.484	20.6404
	403.587	20.1003
	340.794	18.4665
	236.381	15.3958
	141.536	11.9174
	80.6904	9.00089
	39.742	6.32561
	15.8452	4.001
	4.48406	2.24201
	2.58725	1.73819
	2.79363	1.73512
	2.74203	1.73589
	0.742032	1.00663
	2.58725	1.73819
	0.638845	1.00927
	5.53566	2.45438
	1.58725	1.42172
	0.484065	1.01322
	0.690439	1.00795
	-0.309561	0.126378
	-0.309561	0.126378
	0.845219	1.00398
	2.63885	1.73742
	0.484065	1.01322
	0.329284	1.01716
	0.638845	1.00927
	-0.515935	0.163153
	0.587252	1.01059
	1.48406	1.42359
	0.432471	1.01453
	-0.515935	0.163153
	0.638845	1.00927
	0.690439	1.00795
	-0.309561	0.126378
	-0.361155	0.136504
	1.69044	1.41985
	-0.154781	0.0893626
	0.484065	1.01322
	0.690439	1.00795
	0.690439	1.00795
	1.53566	1.42266
	-0.412748	0.145928
	0.793626	1.00531
	0.535658	1.01191
	-0.361155	0.136504
	-0.361155	0.136504
	0.535658	1.01191
	-0.464342	0.154781
	-0.464342	0.154781
	1.58725	1.42172
	-0.154781	0.0893626
	0.484065	1.01322
	-0.515935	0.163153
	-0.257968	0.115367
	1.69044	1.41985
	-0.361155	0.136504
	2.43247	1.74048
	0.535658	1.01191
	0.638845	1.00927
	-0.670716	0.186023
	-0.361155	0.136504
	-0.257968	0.115367
	-0.412748	0.145928
	2.58725	1.73819
	-0.722309	0.193045
	-0.309561	0.126378
	-0.412748	0.145928
	-0.309561	0.126378
	-0.412748	0.145928
	0.742032	1.00663
	-0.361155	0.136504
	0.690439	1.00795
	0.690439	1.00795
	1.69044	1.41985
	0.587252	1.01059
	0.432471	1.01453
	-0.412748	0.145928
	1.32928	1.4264
	-0.206374	0.103187
	0.690439	1.00795
	2.69044	1.73666
	-0.464342	0.154781
	1.63885	1.42079
	0.690439	1.00795
	1.74203	1.41891
	0.690439	1.00795
	0.535658	1.01191
	0.690439	1.00795
	1.69044	1.41985
	1.79363	1.41797
	0.690439	1.00795
	-0.412748	0.145928
	1.79363	1.41797
	0.587252	1.01059
	1.58725	1.42172
	0.742032	1.00663
	1.53566	1.42266
	2.58725	1.73819
	1.58725	1.42172
	0.793626	1.00531
	-0.206374	0.103187
	-0.412748	0.145928
	0.793626	1.00531
	-0.464342	0.154781
	1.84522	1.41703
	-0.361155	0.136504
	-0.154781	0.0893626
	0.638845	1.00927
	-0.257968	0.115367
	0.793626	1.00531
	-0.515935	0.163153
	1.48406	1.42359
	0.638845	1.00927
	2.53566	1.73895
	1.69044	1.41985
	0.484065	1.01322
	-0.361155	0.136504
	-0.257968	0.115367
	-0.412748	0.145928
	0.896813	1.00266
	1.58725	1.42172
	1.69044	1.41985
	-0.206374	0.103187
	-0.567529	0.171116
	-0.567529	0.171116
	-0.670716	0.186023
	-0.464342	0.154781
	-0.773903	0.199821
	-1.23824	0.252756
	-1.13506	0.241995
	-0.670716	0.186023
	-0.825496	0.206374
	0.174504	1.02107
	1.53566	1.42266
	-0.361155	0.136504
	-0.361155	0.136504
	-0.515935	0.163153
	1.79363	1.41797
	-0.464342	0.154781
	2.74203	1.73589
	0.484065	1.01322
	2.69044	1.73666
	-0.464342	0.154781
	0.896813	1.00266
	-0.309561	0.126378
	1.69044	1.41985
	-0.361155	0.136504
	0.638845	1.00927
	-0.257968	0.115367
	1.63885	1.42079
	-0.567529	0.171116
	-0.670716	0.186023
	0.484065	1.01322
	-0.412748	0.145928
	0.277691	1.01846
	1.74203	1.41891
	-0.361155	0.136504
	-0.257968	0.115367
	-0.412748	0.145928
	4.69044	2.23964
	0.793626	1.00531
	-0.412748	0.145928
	1.74203	1.41891
	0.793626	1.00531
	-0.361155	0.136504
	-0.361155	0.136504
	0.638845	1.00927
	-0.257968	0.115367
	1.58725	1.42172
	-0.515935	0.163153
	-0.412748	0.145928
	-0.412748	0.145928
	0.535658	1.01191
	-0.206374	0.103187
	0.793626	1.00531
	-0.361155	0.136504
	0.742032	1.00663
	1.48406	1.42359
	-0.257968	0.115367
	0.742032	1.00663
	0.587252	1.01059
	0.587252	1.01059
	-0.309561	0.126378
	-0.309561	0.126378
	0.587252	1.01059
	2.74203	1.73589
	-0.412748	0.145928
	1.63885	1.42079
	-0.309561	0.126378
	0.535658	1.01191
	0.535658	1.01191
	-0.361155	0.136504
	0.380878	1.01585
	-0.257968	0.115367
	1.58725	1.42172
	-0.257968	0.115367
	0.638845	1.00927
	0.380878	1.01585
	-0.464342	0.154781
	0.432471	1.01453
	0.535658	1.01191
	-0.722309	0.193045
	0.432471	1.01453
	1.38088	1.42546
	-0.567529	0.171116
	-0.515935	0.163153
	1.58725	1.42172
	-0.515935	0.163153
	0.690439	1.00795
	-0.257968	0.115367
	0.690439	1.00795
	-0.361155	0.136504
	0.587252	1.01059
	0.742032	1.00663
	-0.309561	0.126378
	0.329284	1.01716
	0.484065	1.01322
	1.69044	1.41985
	-0.361155	0.136504
	0.484065	1.01322
	0.226097	1.01977
	-1.18665	0.247434
	0.380878	1.01585
	1.32928	1.4264
	-0.619122	0.178725
	0.690439	1.00795
	0.793626	1.00531
	-0.670716	0.186023
	-0.103187	0.0729642
	0.638845	1.00927
	-0.257968	0.115367
	0.329284	1.01716
	0.587252	1.01059
	0.587252	1.01059
	1.63885	1.42079
	0.535658	1.01191
	0.638845	1.00927
	1.69044	1.41985
	0.845219	1.00398
	-0.103187	0.0729642
	1.58725	1.42172
	0.845219	1.00398
	1.63885	1.42079
	-0.515935	0.163153
	0.432471	1.01453
	0.535658	1.01191
	-0.412748	0.145928
	2.69044	1.73666
	1.89681	1.41609
	-0.619122	0.178725
	-0.361155	0.136504
	-0.309561	0.126378
	-0.567529	0.171116
	0.690439	1.00795
	-0.206374	0.103187
	-0.309561	0.126378
	0.587252	1.01059
	-0.154781	0.0893626
	-0.309561	0.126378
	-0.206374	0.103187
	3.63885	2.00465
	0.535658	1.01191
	-0.309561	0.126378
	-0.206374	0.103187
	0.793626	1.00531
	0.690439	1.00795
	-0.206374	0.103187
	0.638845	1.00927
	0.793626	1.00531
	0.845219	1.00398
	0.793626	1.00531
	-0.87709	0.212725
	-0.0515935	0.0515935
	0.690439	1.00795
	-0.206374	0.103187
	-0.412748	0.145928
	-0.515935	0.163153
	0.690439	1.00795
	0.690439	1.00795
	-0.567529	0.171116
	-0.309561	0.126378
	0.484065	1.01322
	-0.103187	0.0729642
	-0.206374	0.103187
	0.690439	1.00795
	-0.0515935	0.0515935
	-0.257968	0.115367
	0.587252	1.01059
	2.79363	1.73512
	-0.412748	0.145928
	3.74203	2.00332
	-0.257968	0.115367
	-0.309561	0.126378
	-0.515935	0.163153
	-0.257968	0.115367
	0.587252	1.01059
	0.638845	1.00927
	0.690439	1.00795
	-0.206374	0.103187
	0.690439	1.00795
	-0.361155	0.136504
	-0.619122	0.178725
	-0.361155	0.136504
	0.638845	1.00927
	1.63885	1.42079
	-0.257968	0.115367
	0.948406	1.00133
	1.63885	1.42079
	-0.464342	0.154781
	-0.103187	0.0729642
	0.845219	1.00398
	0.638845	1.00927
	-0.361155	0.136504
	-0.309561	0.126378
	0.845219	1.00398
	-0.206374	0.103187
	-0.154781	0.0893626
	-0.206374	0.103187
	-0.361155	0.136504
	-0.309561	0.126378
	-0.154781	0.0893626
	-0.309561	0.126378
	-0.0515935	0.0515935
	0.845219	1.00398
	-0.206374	0.103187
	0.587252	1.01059
	-0.412748	0.145928
	0.535658	1.01191
	0.742032	1.00663
	3.74203	2.00332
	0.638845	1.00927
	0.690439	1.00795
	-0.361155	0.136504
	-0.515935	0.163153
	-0.309561	0.126378
	-0.154781	0.0893626
	1.89681	1.41609
	-0.619122	0.178725
	0.638845	1.00927
	0.742032	1.00663
	-0.309561	0.126378
	0.845219	1.00398
	1.58725	1.42172
	0.638845	1.00927
	-0.257968	0.115367
	1.84522	1.41703
	-0.154781	0.0893626
	0.690439	1.00795
	-0.309561	0.126378
	0.587252	1.01059
	0.793626	1.00531
	1.58725	1.42172
	-0.412748	0.145928
	-0.361155	0.136504
	0.742032	1.00663
	0.638845	1.00927
	0.587252	1.01059
	-0.464342	0.154781
	-0.154781	0.0893626
	-0.154781	0.0893626
	1.58725	1.42172
	-0.412748	0.145928
	-0.206374	0.103187
	1.74203	1.41891
	0.742032	1.00663
	0.638845	1.00927
	-0.257968	0.115367
	0.690439	1.00795
	-0.206374	0.103187
	0.742032	1.00663
	0.845219	1.00398
	-0.619122	0.178725
	-0.154781	0.0893626
	-0.361155	0.136504
	-0.464342	0.154781
	1.43247	1.42453
	0.174504	1.02107
	-1.03187	0.230733
	-2.52808	0.361155
	-5.31413	0.523617
	-5.68743	1.5481
	-9.38244	1.90758
	-10.7436	1.63018
	-15.6844	0.899564
	-14.3946	0.861781
	-12.1048	1.29465
	-9.64799	0.705531
	-5.67529	0.541117
	-0.992423	1.46778
	-1.70259	0.296382
	1.12291	1.43012
	5.74203	2.45221
	14.742	3.8747
	4.53566	2.24142
	13.8452	3.74272
	22.9484	4.79611
	16.8452	4.12407
	11.7936	3.46564
	6.58725	2.64977
	2.74203	1.73589
	1.69044	1.41985
	0.793626	1.00531
	-0.257968	0.115367
	-0.206374	0.103187
	-0.154781	0.0893626
	1.74203	1.41891
	-0.257968	0.115367
	-0.103187	0.0729642
	1.79363	1.41797
	-0.206374	0.103187
	1.63885	1.42079
	0.845219	1.00398
	-0.361155	0.136504
	0.742032	1.00663
	-0.257968	0.115367
	-0.103187	0.0729642
	0.845219	1.00398
	0.845219	1.00398
	1.69044	1.41985
	0.742032	1.00663
	-0.206374	0.103187
	-0.309561	0.126378
	-0.309561	0.126378
	-0.0515935	0.0515935
	-0.154781	0.0893626
	0.845219	1.00398
	0.793626	1.00531
	-0.257968	0.115367
	-0.309561	0.126378
	-0.103187	0.0729642
	-0.0515935	0.0515935
	0.638845	1.00927
	0.793626	1.00531
	0.896813	1.00266
	-0.257968	0.115367
	1.53566	1.42266
	0.845219	1.00398
	1.89681	1.41609
	-0.206374	0.103187
	0.690439	1.00795
	-0.103187	0.0729642
	-0.154781	0.0893626
	-0.154781	0.0893626
	0.793626	1.00531
	-0.361155	0.136504
	-0.206374	0.103187
	-0.464342	0.154781
	0.638845	1.00927
	-0.412748	0.145928
	0.587252	1.01059
	0.690439	1.00795
	0.690439	1.00795
	-0.154781	0.0893626
	-0.309561	0.126378
	-0.361155	0.136504
	0.845219	1.00398
	-0.309561	0.126378
	-0.206374	0.103187
	0.690439	1.00795
	-0.361155	0.136504
	0.845219	1.00398
	-0.206374	0.103187
	0.845219	1.00398
	0.793626	1.00531
	0.742032	1.00663
	0.690439	1.00795
	0.638845	1.00927
	-0.154781	0.0893626
	0.948406	1.00133
	0.896813	1.00266
	0.638845	1.00927
	-0.154781	0.0893626
	-0.257968	0.115367
	-0.361155	0.136504
	-0.309561	0.126378
	-0.361155	0.136504
	0.845219	1.00398
	1.89681	1.41609
	-0.361155	0.136504
	1	1
	-0.257968	0.115367
	0	0
	0.845219	1.00398
	0.896813	1.00266
	-0.257968	0.115367
	0.845219	1.00398
	0.948406	1.00133
	-0.154781	0.0893626
	-0.206374	0.103187
	0.845219	1.00398
	0.535658	1.01191
	-0.206374	0.103187
	0.535658	1.01191
	0.690439	1.00795
	-0.154781	0.0893626
	0.638845	1.00927
	-0.257968	0.115367
	-0.412748	0.145928
	-0.206374	0.103187
	-0.257968	0.115367
	-0.206374	0.103187
	0.742032	1.00663
	3.84522	2.002
	0.793626	1.00531
	0.638845	1.00927
	-0.361155	0.136504
	-0.257968	0.115367
	0.793626	1.00531
	0.742032	1.00663
	-0.154781	0.0893626
	0.793626	1.00531
	-0.309561	0.126378
	-0.103187	0.0729642
	0.690439	1.00795
	-0.361155	0.136504
	-0.309561	0.126378
	1.69044	1.41985
	0.587252	1.01059
	-0.206374	0.103187
	1.74203	1.41891
	1.79363	1.41797
	-0.257968	0.115367
	0.587252	1.01059
	1.74203	1.41891
	0.690439	1.00795
	-0.206374	0.103187
	-0.257968	0.115367
	0.638845	1.00927
	1.48406	1.42359
	-0.670716	0.186023
	-0.670716	0.186023
	0.484065	1.01322
	-0.515935	0.163153
	-0.825496	0.206374
	0.380878	1.01585
	-0.103187	0.0729642
	-0.567529	0.171116
	-0.206374	0.103187
	0.845219	1.00398
	-0.309561	0.126378
	0.638845	1.00927
	-0.309561	0.126378
	-0.154781	0.0893626
	-0.309561	0.126378
	0.845219	1.00398
	-0.103187	0.0729642
	1.84522	1.41703
	-0.103187	0.0729642
	-0.309561	0.126378
	-0.361155	0.136504
	0.793626	1.00531
	0.896813	1.00266
	0.896813	1.00266
	-0.257968	0.115367
	-0.103187	0.0729642
	-0.0515935	0.0515935
	-0.257968	0.115367
	-0.361155	0.136504
	0.742032	1.00663
	-0.154781	0.0893626
	0.793626	1.00531
	0.535658	1.01191
	-0.257968	0.115367
	-0.103187	0.0729642
	0.896813	1.00266
	-0.309561	0.126378
	0.742032	1.00663
	0.484065	1.01322
	-0.154781	0.0893626
	-0.154781	0.0893626
	0.793626	1.00531
	-0.257968	0.115367
	-0.0515935	0.0515935
	0.948406	1.00133
	0.793626	1.00531
	-0.206374	0.103187
	-0.154781	0.0893626
	0.793626	1.00531
	0	0
	1.84522	1.41703
	0.690439	1.00795
	2.79363	1.73512
	0.690439	1.00795
	0.845219	1.00398
	-0.257968	0.115367
	0.845219	1.00398
	-0.309561	0.126378
	0.793626	1.00531
	0.793626	1.00531
	1.84522	1.41703
	-0.361155	0.136504
	-0.103187	0.0729642
	-0.361155	0.136504
	0.690439	1.00795
	0.793626	1.00531
	-0.257968	0.115367
	-0.0515935	0.0515935
	-0.154781	0.0893626
	-0.103187	0.0729642
	-0.154781	0.0893626
	-0.206374	0.103187
	-0.257968	0.115367
	-0.154781	0.0893626
	-0.206374	0.103187
	-0.103187	0.0729642
	-0.103187	0.0729642
	-0.257968	0.115367
	0.845219	1.00398
	-0.206374	0.103187
	-0.257968	0.115367
	-0.257968	0.115367
	-0.361155	0.136504
	0.742032	1.00663
	-0.257968	0.115367
	-0.361155	0.136504
	-0.361155	0.136504
	-0.154781	0.0893626
	-0.0515935	0.0515935
	-0.154781	0.0893626
	1.84522	1.41703
	-0.257968	0.115367
	-0.154781	0.0893626
	-0.309561	0.126378
	-0.257968	0.115367
	1.79363	1.41797
	-0.257968	0.115367
	-0.257968	0.115367
	-0.103187	0.0729642
	0.690439	1.00795
	-0.206374	0.103187
	0.587252	1.01059
	-0.103187	0.0729642
	-0.154781	0.0893626
	0.948406	1.00133
	1.84522	1.41703
	0.793626	1.00531
	-0.154781	0.0893626
	0.793626	1.00531
	-0.257968	0.115367
	0.690439	1.00795
	0.638845	1.00927
	0.948406	1.00133
	-0.103187	0.0729642
	1.79363	1.41797
	-0.103187	0.0729642
	-0.154781	0.0893626
	-0.154781	0.0893626
	-0.309561	0.126378
	1.84522	1.41703
	-0.257968	0.115367
	-0.154781	0.0893626
	0.535658	1.01191
	0.690439	1.00795
	0.896813	1.00266
	1.69044	1.41985
	1.89681	1.41609
	0.793626	1.00531
	-0.0515935	0.0515935
	0.845219	1.00398
	-0.257968	0.115367
	-0.103187	0.0729642
	-0.206374	0.103187
	0.793626	1.00531
	-0.361155	0.136504
	-0.103187	0.0729642
	-0.206374	0.103187
	-0.361155	0.136504
	1.84522	1.41703
	-0.206374	0.103187
	1.89681	1.41609
	-0.103187	0.0729642
	-0.103187	0.0729642
	1.79363	1.41797
	-0.361155	0.136504
	-0.206374	0.103187
	-0.154781	0.0893626
	0.845219	1.00398
	-0.206374	0.103187
	-0.154781	0.0893626
	-0.206374	0.103187
	-0.154781	0.0893626
	-0.206374	0.103187
	-0.515935	0.163153
	-0.0515935	0.0515935
	1.84522	1.41703
	-0.154781	0.0893626
	1.89681	1.41609
	-0.309561	0.126378
	-0.103187	0.0729642
	-0.103187	0.0729642
	-0.206374	0.103187
	-0.154781	0.0893626
	0.896813	1.00266
	-0.257968	0.115367
	-0.103187	0.0729642
	0.742032	1.00663
	-0.0515935	0.0515935
	-0.206374	0.103187
	-0.154781	0.0893626
	-0.103187	0.0729642
	0.845219	1.00398
	0.896813	1.00266
	-0.103187	0.0729642
	-0.103187	0.0729642
	0.742032	1.00663
	-0.154781	0.0893626
	-0.309561	0.126378
	0.896813	1.00266
	-0.309561	0.126378
	-0.206374	0.103187
	0.896813	1.00266
	-0.154781	0.0893626
	-0.154781	0.0893626
	1.89681	1.41609
	0.896813	1.00266
	-0.0515935	0.0515935
	0.896813	1.00266
	0.845219	1.00398
	0.845219	1.00398
	0.742032	1.00663
	-0.103187	0.0729642
	-0.103187	0.0729642
	-0.206374	0.103187
	0.845219	1.00398
	0.896813	1.00266
	0.690439	1.00795
	0.742032	1.00663
	-0.206374	0.103187
	-0.103187	0.0729642
	-0.206374	0.103187
	-0.206374	0.103187
	-0.309561	0.126378
	0.845219	1.00398
	0.896813	1.00266
	-0.309561	0.126378
	-0.257968	0.115367
	1.74203	1.41891
	-0.103187	0.0729642
	-0.154781	0.0893626
	-0.103187	0.0729642
	-0.206374	0.103187
	1.84522	1.41703
	-0.206374	0.103187
	-0.309561	0.126378
	0.948406	1.00133
	0.535658	1.01191
	2	1.41421
	0.587252	1.01059
	1.58725	1.42172
	-0.206374	0.103187
	0.742032	1.00663
	-0.257968	0.115367
	-0.309561	0.126378
	-0.103187	0.0729642
	-0.103187	0.0729642
	-0.154781	0.0893626
	-0.206374	0.103187
	-0.257968	0.115367
	1.79363	1.41797
	0.432471	1.01453
	-0.154781	0.0893626
	1.74203	1.41891
	-0.309561	0.126378
	-0.412748	0.145928
	-0.412748	0.145928
	0.896813	1.00266
	0.793626	1.00531
	-0.103187	0.0729642
	-0.257968	0.115367
	-0.154781	0.0893626
	0.690439	1.00795
	1.89681	1.41609
	-0.464342	0.154781
	1.32928	1.4264
	-0.670716	0.186023
	0.432471	1.01453
	-0.309561	0.126378
	-0.309561	0.126378
	1.63885	1.42079
	-0.309561	0.126378
	-0.361155	0.136504
	-0.154781	0.0893626
	0.742032	1.00663
	-0.309561	0.126378
	-0.825496	0.206374
	-0.515935	0.163153
	0.432471	1.01453
	0.606975	1.4394
	0.277691	1.01846
	-1.49621	0.27784
	-1.13506	0.241995
	-0.567529	0.171116
	0.432471	1.01453
	-0.567529	0.171116
	0.793626	1.00531
	0.690439	1.00795
	-0.206374	0.103187
	-0.154781	0.0893626
	-0.309561	0.126378
	0.793626	1.00531
	1.89681	1.41609
	0.638845	1.00927
	1.63885	1.42079
	0.845219	1.00398
	-0.154781	0.0893626
	0.638845	1.00927
	-0.206374	0.103187
	-0.257968	0.115367
	-0.257968	0.115367
	-0.206374	0.103187
	-0.154781	0.0893626
	-0.154781	0.0893626
	0.742032	1.00663
	0.793626	1.00531
	0.793626	1.00531
	-0.412748	0.145928
	1.94841	1.41515
	0.742032	1.00663
	-0.154781	0.0893626
	-0.103187	0.0729642
	0.845219	1.00398
	-0.154781	0.0893626
	0.742032	1.00663
	-0.257968	0.115367
	0.793626	1.00531
	-0.206374	0.103187
	-0.206374	0.103187
	-0.257968	0.115367
	-0.0515935	0.0515935
	-0.103187	0.0729642
	1.94841	1.41515
	-0.257968	0.115367
	-0.309561	0.126378
	2.84522	1.73435
	-0.257968	0.115367
	-0.103187	0.0729642
	0.948406	1.00133
	0.948406	1.00133
	0.793626	1.00531
	-0.257968	0.115367
	0.845219	1.00398
	-0.206374	0.103187
	-0.0515935	0.0515935
	1.79363	1.41797
	0.742032	1.00663
	-0.0515935	0.0515935
	0.793626	1.00531
	-0.154781	0.0893626
	0.690439	1.00795
	-0.154781	0.0893626
	0	0
	0.742032	1.00663
	-0.0515935	0.0515935
	1.79363	1.41797
	-0.154781	0.0893626
	0.845219	1.00398
	-0.257968	0.115367
	-0.103187	0.0729642
	-0.257968	0.115367
	-0.0515935	0.0515935
	0.845219	1.00398
	-0.103187	0.0729642
	0.742032	1.00663
	-0.103187	0.0729642
	0.793626	1.00531
	-0.206374	0.103187
	-0.0515935	0.0515935
	-0.464342	0.154781
	-0.103187	0.0729642
	-0.0515935	0.0515935
	1.63885	1.42079
	-0.309561	0.126378
	0.845219	1.00398
	-0.361155	0.136504
	-0.567529	0.171116
	-0.361155	0.136504
	-0.619122	0.178725
	1.69044	1.41985
	0.742032	1.00663
	-0.103187	0.0729642
	-0.412748	0.145928
	-0.154781	0.0893626
	-0.0515935	0.0515935
	-0.309561	0.126378
	-0.309561	0.126378
	0.845219	1.00398
	0	0
	-0.0515935	0.0515935
	1.79363	1.41797
	0.896813	1.00266
	0.742032	1.00663
	-0.154781	0.0893626
	0.845219	1.00398
	-0.257968	0.115367
	-0.257968	0.115367
	-0.154781	0.0893626
	0.845219	1.00398
	0.845219	1.00398
	0.742032	1.00663
	1.94841	1.41515
	-0.257968	0.115367
	-0.257968	0.115367
	-0.257968	0.115367
	-0.206374	0.103187
	-0.412748	0.145928
	-0.309561	0.126378
	-0.257968	0.115367
	-0.309561	0.126378
	-0.206374	0.103187
	0.742032	1.00663
	-0.257968	0.115367
	0.896813	1.00266
	-0.206374	0.103187
	1.89681	1.41609
	-0.257968	0.115367
	-0.206374	0.103187
	1.84522	1.41703
	-0.206374	0.103187
	-0.309561	0.126378
	-0.154781	0.0893626
	3.84522	2.002
	-0.206374	0.103187
	0.742032	1.00663
	-0.206374	0.103187
	0	0
	-0.361155	0.136504
	0.793626	1.00531
	0.948406	1.00133
	-0.206374	0.103187
	-0.257968	0.115367
	-0.206374	0.103187
	1.74203	1.41891
	-0.0515935	0.0515935
	-0.154781	0.0893626
	0	0
	-0.0515935	0.0515935
	-0.103187	0.0729642
	0.793626	1.00531
	-0.206374	0.103187
	-0.154781	0.0893626
	2.89681	1.73359
	-0.309561	0.126378
	0.845219	1.00398
	0.793626	1.00531
	0.948406	1.00133
	0.845219	1.00398
	1.84522	1.41703
	0.845219	1.00398
	-0.154781	0.0893626
	-0.257968	0.115367
	-0.154781	0.0893626
	0.793626	1.00531
	-0.206374	0.103187
	0.793626	1.00531
	0.845219	1.00398
	-0.154781	0.0893626
	-0.103187	0.0729642
	-0.103187	0.0729642
	-0.103187	0.0729642
	-0.0515935	0.0515935
	-0.154781	0.0893626
	0.896813	1.00266
	-0.103187	0.0729642
	-0.103187	0.0729642
	-0.0515935	0.0515935
	0	0
	-0.103187	0.0729642
	2	1.41421
	-0.206374	0.103187
	0.690439	1.00795
	-0.0515935	0.0515935
	1.89681	1.41609
	0.690439	1.00795
	-0.0515935	0.0515935
	-0.103187	0.0729642
	-0.154781	0.0893626
	-0.103187	0.0729642
	-0.154781	0.0893626
	0.742032	1.00663
	0.793626	1.00531
	-0.103187	0.0729642
	1.94841	1.41515
	-0.103187	0.0729642
	-0.412748	0.145928
	-0.257968	0.115367
	-0.206374	0.103187
	1.74203	1.41891
	-0.154781	0.0893626
	-0.103187	0.0729642
	-0.309561	0.126378
	-0.103187	0.0729642
	-0.103187	0.0729642
	-0.206374	0.103187
	-0.206374	0.103187
	0.896813	1.00266
	-0.206374	0.103187
	0.793626	1.00531
	0.638845	1.00927
	0.484065	1.01322
	-0.257968	0.115367
	-0.257968	0.115367
	-0.103187	0.0729642
	-0.154781	0.0893626
	1.79363	1.41797
	-0.0515935	0.0515935
	0.793626	1.00531
	-0.257968	0.115367
	0.845219	1.00398
	-0.154781	0.0893626
	0.845219	1.00398
	0.638845	1.00927
	0	0
	0.845219	1.00398
	-0.0515935	0.0515935
	-0.206374	0.103187
	-0.257968	0.115367
	0.896813	1.00266
	-0.154781	0.0893626
	1.74203	1.41891
	-0.0515935	0.0515935
	-0.206374	0.103187
	0.690439	1.00795
	-0.257968	0.115367
	0	0
	-0.103187	0.0729642
	-0.257968	0.115367
	0.793626	1.00531
	-0.0515935	0.0515935
	-0.206374	0.103187
	-0.257968	0.115367
	-0.154781	0.0893626
	-0.154781	0.0893626
	-0.103187	0.0729642
	-0.154781	0.0893626
	-0.154781	0.0893626
	1.89681	1.41609
	-0.309561	0.126378
	-0.206374	0.103187
	0.793626	1.00531
	0.793626	1.00531
	0.845219	1.00398
	0.690439	1.00795
	-0.0515935	0.0515935
	-0.154781	0.0893626
	0.845219	1.00398
	-0.0515935	0.0515935
	-0.0515935	0.0515935
	-0.0515935	0.0515935
	-0.103187	0.0729642
	0.742032	1.00663
	-0.103187	0.0729642
	0.845219	1.00398
	0.793626	1.00531
	-0.103187	0.0729642
	0	0
	-0.206374	0.103187
	0.896813	1.00266
	-0.103187	0.0729642
	0.896813	1.00266
	0.896813	1.00266
	1.84522	1.41703
	-0.0515935	0.0515935
	-0.309561	0.126378
	0.845219	1.00398
	-0.0515935	0.0515935
	-0.257968	0.115367
	-0.154781	0.0893626
	0.845219	1.00398
	-0.154781	0.0893626
	-0.361155	0.136504
	0.845219	1.00398
	-0.154781	0.0893626
	0.896813	1.00266
	-0.103187	0.0729642
	-0.206374	0.103187
	-0.0515935	0.0515935
	0.896813	1.00266
	-0.206374	0.103187
	0.793626	1.00531
	-0.257968	0.115367
	-0.154781	0.0893626
	-0.103187	0.0729642
	0	0
	0.742032	1.00663
	-0.103187	0.0729642
	0.948406	1.00133
	-0.103187	0.0729642
	0.690439	1.00795
	1.79363	1.41797
	0.896813	1.00266
	1.89681	1.41609
	0.896813	1.00266
	-0.257968	0.115367
	0.845219	1.00398
	-0.257968	0.115367
	0.742032	1.00663
	-0.154781	0.0893626
	-0.103187	0.0729642
	-0.103187	0.0729642
	-0.257968	0.115367
	-0.257968	0.115367
	-0.154781	0.0893626
	0.690439	1.00795
	0.896813	1.00266
	-0.103187	0.0729642
	-0.257968	0.115367
	-0.0515935	0.0515935
	0.845219	1.00398
	1	1
	-0.309561	0.126378
	-0.0515935	0.0515935
	0	0
	1.69044	1.41985
	-0.103187	0.0729642
	0.845219	1.00398
	-0.206374	0.103187
	0.896813	1.00266
	0.948406	1.00133
	1	1
	-0.257968	0.115367
	-0.257968	0.115367
	-0.154781	0.0893626
	-0.0515935	0.0515935
	-0.0515935	0.0515935
	0.845219	1.00398
	-0.154781	0.0893626
	0.845219	1.00398
	0.896813	1.00266
	0.948406	1.00133
	0.845219	1.00398
	-0.154781	0.0893626
	-0.206374	0.103187
	0.896813	1.00266
	-0.0515935	0.0515935
	-0.206374	0.103187
	1.84522	1.41703
	2	1.41421
	-0.0515935	0.0515935
	0.793626	1.00531
	-0.0515935	0.0515935
	-0.103187	0.0729642
	-0.154781	0.0893626
	-0.154781	0.0893626
	-0.154781	0.0893626
	-0.154781	0.0893626
	-0.103187	0.0729642
	0.793626	1.00531
	-0.154781	0.0893626
	-0.257968	0.115367
	-0.103187	0.0729642
	-0.154781	0.0893626
	-0.0515935	0.0515935
	-0.206374	0.103187
	-0.154781	0.0893626
	0.948406	1.00133
	-0.0515935	0.0515935
	-0.154781	0.0893626
	0	0
	-0.154781	0.0893626
	0.896813	1.00266
	-0.154781	0.0893626
	-0.0515935	0.0515935
	0.948406	1.00133
	-0.206374	0.103187
	1.74203	1.41891
	0.793626	1.00531
	-0.361155	0.136504
	-0.103187	0.0729642
	-0.206374	0.103187
	0	0
	0.845219	1.00398
	-0.154781	0.0893626
	-0.257968	0.115367
	0.948406	1.00133
	0.793626	1.00531
	0.896813	1.00266
	-0.154781	0.0893626
	-0.206374	0.103187
	-0.103187	0.0729642
	-0.103187	0.0729642
	-0.154781	0.0893626
	-0.103187	0.0729642
	-0.206374	0.103187
	0.948406	1.00133
	-0.464342	0.154781
	-0.103187	0.0729642
	0.948406	1.00133
	1.79363	1.41797
	1.84522	1.41703
	1.94841	1.41515
	1	1
	-0.103187	0.0729642
	-0.206374	0.103187
	-0.206374	0.103187
	0.845219	1.00398
	0.793626	1.00531
	-0.154781	0.0893626
	-0.103187	0.0729642
	-0.103187	0.0729642
	0.845219	1.00398
	0.896813	1.00266
	1.89681	1.41609
	-0.206374	0.103187
	-0.206374	0.103187
	0.742032	1.00663
	-0.309561	0.126378
	0.380878	1.01585
	0.484065	1.01322
	-0.412748	0.145928
	-0.722309	0.193045
	-0.825496	0.206374
	-0.361155	0.136504
	0.638845	1.00927
	-0.206374	0.103187
	-0.257968	0.115367
	-0.154781	0.0893626
	-0.206374	0.103187
	-0.206374	0.103187
	-0.154781	0.0893626
	0	0
	0.793626	1.00531
	0.948406	1.00133
	0.896813	1.00266
	-0.0515935	0.0515935
	0.896813	1.00266
	0.896813	1.00266
	2	1.41421
	0	0
	-0.0515935	0.0515935
	-0.0515935	0.0515935
	0	0
	-0.103187	0.0729642
	-0.0515935	0.0515935
	-0.103187	0.0729642
	-0.0515935	0.0515935
	0.845219	1.00398
	-0.0515935	0.0515935
	-0.0515935	0.0515935
	-0.206374	0.103187
	0	0
	-0.0515935	0.0515935
	-0.154781	0.0893626
	-0.257968	0.115367
	0.690439	1.00795
	-0.0515935	0.0515935
	-0.103187	0.0729642
	-0.0515935	0.0515935
	-0.257968	0.115367
	-0.103187	0.0729642
	-0.206374	0.103187
	-0.0515935	0.0515935
	0.948406	1.00133
	0	0
	1	1
	1.74203	1.41891
	-0.0515935	0.0515935
	-0.154781	0.0893626
	-0.154781	0.0893626
	-0.0515935	0.0515935
	-0.206374	0.103187
	1	1
	-0.154781	0.0893626
	-0.0515935	0.0515935
	-0.0515935	0.0515935
	-0.206374	0.103187
	-0.0515935	0.0515935
	-0.154781	0.0893626
	0.742032	1.00663
	-0.154781	0.0893626
	-0.154781	0.0893626
	-0.154781	0.0893626
	-0.103187	0.0729642
	-0.154781	0.0893626
	-0.0515935	0.0515935
	-0.103187	0.0729642
	-0.0515935	0.0515935
	-0.257968	0.115367
	-0.257968	0.115367
	0.896813	1.00266
	-0.206374	0.103187
	-0.154781	0.0893626
	0.793626	1.00531
	0.793626	1.00531
	-0.154781	0.0893626
	0	0
	1.89681	1.41609
	0.793626	1.00531
	-0.0515935	0.0515935
	0.896813	1.00266
	-0.103187	0.0729642
	-0.0515935	0.0515935
	0	0
	0.742032	1.00663
	0.638845	1.00927
	0.896813	1.00266
	-0.154781	0.0893626
	-0.0515935	0.0515935
	-0.103187	0.0729642
	-0.206374	0.103187
	-0.257968	0.115367
	-0.206374	0.103187
	-0.103187	0.0729642
	1.84522	1.41703
	-0.154781	0.0893626
	-0.257968	0.115367
	-0.103187	0.0729642
	0.896813	1.00266
	-0.154781	0.0893626
	-0.206374	0.103187
	1.89681	1.41609
	-0.257968	0.115367
	0.432471	1.01453
	-1.08346	0.236431
	-1.49621	0.27784
	-2.57968	0.364821
	-2.78605	0.379133
	-2.52808	0.361155
	-1.63127	1.06572
	-1.96055	0.318044
	-0.135057	1.02886
	1.48406	1.42359
	-0.619122	0.178725
	-0.412748	0.145928
	1.69044	1.41985
	0.793626	1.00531
	0.896813	1.00266
	-0.154781	0.0893626
	1.89681	1.41609
	0.793626	1.00531
	1.89681	1.41609
	3.89681	2.00133
	2.94841	1.73282
	3.94841	2.00067
	1.84522	1.41703
	-0.154781	0.0893626
	1.79363	1.41797
	-0.0515935	0.0515935
	-0.257968	0.115367
	4.89681	2.23726
	-0.0515935	0.0515935
	-0.103187	0.0729642
	0.896813	1.00266
	-0.0515935	0.0515935
	-0.103187	0.0729642
	-0.0515935	0.0515935
	0.845219	1.00398
	1.74203	1.41891
	1.89681	1.41609
	-0.154781	0.0893626
	-0.206374	0.103187
	-0.0515935	0.0515935
	-0.206374	0.103187
	0.948406	1.00133
	0.896813	1.00266
	-0.103187	0.0729642
	-0.154781	0.0893626
	0.896813	1.00266
	0.896813	1.00266
	0	0
	0	0
	-0.103187	0.0729642
	0.948406	1.00133
	-0.154781	0.0893626
	-0.103187	0.0729642
	-0.103187	0.0729642
	1.89681	1.41609
	-0.0515935	0.0515935
	-0.103187	0.0729642
	-0.206374	0.103187
	-0.154781	0.0893626
	-0.206374	0.103187
	0	0
	-0.206374	0.103187
	-0.0515935	0.0515935
	-0.257968	0.115367
	-0.206374	0.103187
	-0.0515935	0.0515935
	-0.103187	0.0729642
	-0.0515935	0.0515935
	-0.103187	0.0729642
	-0.154781	0.0893626
	-0.206374	0.103187
	-0.0515935	0.0515935
	-0.154781	0.0893626
	-0.103187	0.0729642
	-0.154781	0.0893626
	-0.309561	0.126378
	0.742032	1.00663
	-0.206374	0.103187
	0.896813	1.00266
	1.79363	1.41797
	-0.0515935	0.0515935
	-0.154781	0.0893626
	-0.103187	0.0729642
	-0.103187	0.0729642
	-0.103187	0.0729642
	1.84522	1.41703
	-0.154781	0.0893626
	-0.103187	0.0729642
	0.742032	1.00663
	-0.154781	0.0893626
	0.948406	1.00133
	0.948406	1.00133
	-0.0515935	0.0515935
	-0.0515935	0.0515935
	-0.206374	0.103187
	0	0
	-0.103187	0.0729642
	0.896813	1.00266
	-0.0515935	0.0515935
	0.948406	1.00133
	-0.0515935	0.0515935
	-0.103187	0.0729642
	-0.103187	0.0729642
	0	0
	-0.154781	0.0893626
	0.896813	1.00266
	0.896813	1.00266
	-0.206374	0.103187
	0.948406	1.00133
	-0.0515935	0.0515935
	0.845219	1.00398
	-0.154781	0.0893626
	-0.103187	0.0729642
	-0.0515935	0.0515935
	0	0
	0	0
	0.793626	1.00531
	-0.154781	0.0893626
	-0.0515935	0.0515935
	-0.206374	0.103187
	0.896813	1.00266
	-0.103187	0.0729642
	-0.0515935	0.0515935
	0.793626	1.00531
	-0.103187	0.0729642
	-0.154781	0.0893626
	-0.309561	0.126378
	-0.0515935	0.0515935
	-0.154781	0.0893626
	-0.103187	0.0729642
	-0.0515935	0.0515935
	1.94841	1.41515
	-0.103187	0.0729642
	0	0
	-0.0515935	0.0515935
	-0.257968	0.115367
	-0.0515935	0.0515935
	1.79363	1.41797
	-0.154781	0.0893626
	-0.103187	0.0729642
	0	0
	-0.154781	0.0893626
	-0.0515935	0.0515935
	-0.0515935	0.0515935
	-0.0515935	0.0515935
	-0.206374	0.103187
	0.793626	1.00531
	-0.206374	0.103187
	0.896813	1.00266
	0.793626	1.00531
	-0.103187	0.0729642
	0.845219	1.00398
	-0.103187	0.0729642
	-0.103187	0.0729642
	0	0
	1.74203	1.41891
	-0.154781	0.0893626
	-0.154781	0.0893626
	-0.154781	0.0893626
	0.845219	1.00398
	-0.154781	0.0893626
	-0.257968	0.115367
	0	0
	0.742032	1.00663
	-0.0515935	0.0515935
	0	0
	-0.0515935	0.0515935
	-0.0515935	0.0515935
	-0.103187	0.0729642
	0	0
	-0.103187	0.0729642
	-0.154781	0.0893626
	-0.0515935	0.0515935
	-0.154781	0.0893626
	-0.206374	0.103187
	0.896813	1.00266
	0	0
	-0.103187	0.0729642
	-0.103187	0.0729642
	1.94841	1.41515
	-0.257968	0.115367
	-0.103187	0.0729642
	-0.206374	0.103187
	-0.103187	0.0729642
	-0.0515935	0.0515935
	-0.0515935	0.0515935
	-0.206374	0.103187
	-0.103187	0.0729642
	-0.103187	0.0729642
	0.793626	1.00531
	1.74203	1.41891
	1.94841	1.41515
	-0.103187	0.0729642
	0.793626	1.00531
	1.94841	1.41515
	0.845219	1.00398
	-0.154781	0.0893626
	0.896813	1.00266
	-0.206374	0.103187
	-0.206374	0.103187
	-0.361155	0.136504
	0.845219	1.00398
	-0.206374	0.103187
	0.845219	1.00398
	-0.103187	0.0729642
	0.948406	1.00133
	-0.0515935	0.0515935
	-0.154781	0.0893626
	-0.0515935	0.0515935
	-0.103187	0.0729642
	-0.103187	0.0729642
	2.94841	1.73282
	0.638845	1.00927
	0.896813	1.00266
	0	0
	-0.257968	0.115367
	-0.154781	0.0893626
	-0.103187	0.0729642
	1	1
	0.896813	1.00266
	0.948406	1.00133
	-0.103187	0.0729642
	-0.206374	0.103187
	0.896813	1.00266
	-0.257968	0.115367
	-0.103187	0.0729642
	-0.257968	0.115367
	-0.0515935	0.0515935
	-0.0515935	0.0515935
	-0.257968	0.115367
	-0.154781	0.0893626
	-0.0515935	0.0515935
	-0.412748	0.145928
	-0.257968	0.115367
	-0.206374	0.103187
	-0.154781	0.0893626
	0.845219	1.00398
	0.896813	1.00266
	0.896813	1.00266
	-0.0515935	0.0515935
	-0.206374	0.103187
	-0.154781	0.0893626
	-0.154781	0.0893626
	0.896813	1.00266
	0.845219	1.00398
	-0.154781	0.0893626
	-0.154781	0.0893626
	0.845219	1.00398
	-0.0515935	0.0515935
	0.845219	1.00398
	-0.309561	0.126378
	0.948406	1.00133
	-0.309561	0.126378
	1.89681	1.41609
	-0.103187	0.0729642
	-0.257968	0.115367
	-0.154781	0.0893626
	-0.722309	0.193045
	0.690439	1.00795
	-0.567529	0.171116
	-0.412748	0.145928
	-0.619122	0.178725
	0.896813	1.00266
	-0.154781	0.0893626
	-0.0515935	0.0515935
	2	1.41421
	-0.206374	0.103187
	0	0
	-0.0515935	0.0515935
	-0.0515935	0.0515935
	2	1.41421
	0	0
	1.94841	1.41515
	0.948406	1.00133
	0.948406	1.00133
	-0.0515935	0.0515935
	-0.154781	0.0893626
	0.896813	1.00266
	-0.206374	0.103187
	-0.103187	0.0729642
	-0.154781	0.0893626
	0.896813	1.00266
	-0.103187	0.0729642
	-0.361155	0.136504
	-0.154781	0.0893626
	-0.103187	0.0729642
	-0.309561	0.126378
	-0.103187	0.0729642
	0.793626	1.00531
	-0.206374	0.103187
	-0.103187	0.0729642
	0.896813	1.00266
	0.948406	1.00133
	-0.0515935	0.0515935
	-0.154781	0.0893626
	-0.257968	0.115367
	-0.154781	0.0893626
	0.793626	1.00531
	-0.206374	0.103187
	1	1
	-0.103187	0.0729642
	-0.103187	0.0729642
	-0.103187	0.0729642
	-0.154781	0.0893626
	-0.206374	0.103187
	-0.103187	0.0729642
	-0.103187	0.0729642
	-0.0515935	0.0515935
	-0.361155	0.136504
	1.94841	1.41515
	1.89681	1.41609
	-0.0515935	0.0515935
	-0.103187	0.0729642
	1	1
	-0.103187	0.0729642
	-0.257968	0.115367
	0.896813	1.00266
	-0.361155	0.136504
	-0.103187	0.0729642
	-0.0515935	0.0515935
	-0.0515935	0.0515935
	-0.257968	0.115367
	0.845219	1.00398
	-0.103187	0.0729642
	1	1
	1.89681	1.41609
	0	0
	-0.103187	0.0729642
	-0.154781	0.0893626
	0.845219	1.00398
	-0.206374	0.103187
	-0.257968	0.115367
	-0.154781	0.0893626
	-0.103187	0.0729642
	0.793626	1.00531
	-0.103187	0.0729642
	-0.206374	0.103187
	0.896813	1.00266
	-0.154781	0.0893626
	0.845219	1.00398
	-0.154781	0.0893626
	-0.309561	0.126378
	-0.103187	0.0729642
	-0.0515935	0.0515935
	-0.206374	0.103187
	-0.0515935	0.0515935
	-0.0515935	0.0515935
	0.896813	1.00266
	-0.154781	0.0893626
	-0.154781	0.0893626
	1	1
	-0.0515935	0.0515935
	-0.0515935	0.0515935
	-0.103187	0.0729642
	-0.154781	0.0893626
	0.896813	1.00266
	0	0
	-0.0515935	0.0515935
	1	1
	-0.103187	0.0729642
	-0.103187	0.0729642
	0	0
	0.793626	1.00531
	-0.103187	0.0729642
	0	0
	-0.154781	0.0893626
	-0.257968	0.115367
	-0.206374	0.103187
	-0.0515935	0.0515935
	0.896813	1.00266
	-0.154781	0.0893626
	-0.103187	0.0729642
	-0.0515935	0.0515935
	0.896813	1.00266
	0.793626	1.00531
	0.793626	1.00531
	-0.206374	0.103187
	0.793626	1.00531
	0.793626	1.00531
	-0.103187	0.0729642
	-0.0515935	0.0515935
	1	1
	-0.0515935	0.0515935
	-0.206374	0.103187
	0.896813	1.00266
	0.845219	1.00398
	-0.154781	0.0893626
	-0.257968	0.115367
	-0.206374	0.103187
	-0.103187	0.0729642
	0.793626	1.00531
	-0.103187	0.0729642
	-0.257968	0.115367
	-0.0515935	0.0515935
	-0.206374	0.103187
	-0.103187	0.0729642
	0.896813	1.00266
	-0.206374	0.103187
	-0.103187	0.0729642
	-0.154781	0.0893626
	-0.0515935	0.0515935
	-0.103187	0.0729642
	1.94841	1.41515
	-0.154781	0.0893626
	0.845219	1.00398
	-0.154781	0.0893626
	0.845219	1.00398
	-0.154781	0.0893626
	-0.206374	0.103187
	0.845219	1.00398
	1.84522	1.41703
	-0.309561	0.126378
	1.94841	1.41515
	-0.154781	0.0893626
	-0.206374	0.103187
	0.845219	1.00398
	-0.0515935	0.0515935
	-0.154781	0.0893626
	-0.257968	0.115367
	-0.0515935	0.0515935
	-0.103187	0.0729642
	0	0
	-0.206374	0.103187
	3.84522	2.002
	-0.206374	0.103187
	-0.103187	0.0729642
	-0.309561	0.126378
	-0.154781	0.0893626
	-0.257968	0.115367
	0.948406	1.00133
	0.793626	1.00531
	0.896813	1.00266
	-0.154781	0.0893626
	-0.154781	0.0893626
	-0.0515935	0.0515935
	-0.206374	0.103187
	-0.103187	0.0729642
	-0.257968	0.115367
	-0.103187	0.0729642
	-0.154781	0.0893626
	-0.154781	0.0893626
	-0.0515935	0.0515935
	-0.0515935	0.0515935
	-0.103187	0.0729642
	-0.154781	0.0893626
	-0.103187	0.0729642
	0.690439	1.00795
	-0.103187	0.0729642
	0.793626	1.00531
	-0.154781	0.0893626
	-0.154781	0.0893626
	-0.0515935	0.0515935
	-0.206374	0.103187
	0.948406	1.00133
	-0.309561	0.126378
	-0.103187	0.0729642
	0.845219	1.00398
	-0.103187	0.0729642
	-0.257968	0.115367
	0	0
	-0.103187	0.0729642
	-0.0515935	0.0515935
	0.845219	1.00398
	-0.103187	0.0729642
	-0.154781	0.0893626
	0	0
	0.896813	1.00266
	0.845219	1.00398
	1.89681	1.41609
	1	1
	0.793626	1.00531
	0.948406	1.00133
	0.845219	1.00398
	-0.257968	0.115367
	-0.103187	0.0729642
	0.948406	1.00133
	0.845219	1.00398
	-0.103187	0.0729642
	-0.103187	0.0729642
	-0.154781	0.0893626
	0.793626	1.00531
	0.845219	1.00398
	1	1
	-0.154781	0.0893626
	-0.0515935	0.0515935
	-0.154781	0.0893626
	-0.103187	0.0729642
	-0.103187	0.0729642
	-0.154781	0.0893626
	1.89681	1.41609
	-0.0515935	0.0515935
	-0.206374	0.103187
	-0.103187	0.0729642
	-0.154781	0.0893626
	0	0
	-0.103187	0.0729642
	-0.154781	0.0893626
	-0.103187	0.0729642
	-0.257968	0.115367
	0	0
	-0.154781	0.0893626
	0	0
	-0.103187	0.0729642
	-0.0515935	0.0515935
	0.845219	1.00398
	-0.0515935	0.0515935
	1	1
	0	0
	-0.309561	0.126378
	-0.206374	0.103187
	0.845219	1.00398
	-0.103187	0.0729642
	-0.0515935	0.0515935
	0.845219	1.00398
	0.690439	1.00795
	-0.154781	0.0893626
	0.896813	1.00266
	-0.154781	0.0893626
	-0.206374	0.103187
	-0.103187	0.0729642
	0.948406	1.00133
	-0.103187	0.0729642
	0.690439	1.00795
	-0.103187	0.0729642
	-0.0515935	0.0515935
	-0.0515935	0.0515935
	0.793626	1.00531
	-0.154781	0.0893626
	1	1
	-0.0515935	0.0515935
	-0.103187	0.0729642
	0.690439	1.00795
	-0.103187	0.0729642
	-0.0515935	0.0515935
	1.94841	1.41515
	-0.103187	0.0729642
	0	0
	0	0
	-0.0515935	0.0515935
	1.94841	1.41515
	-0.0515935	0.0515935
	-0.309561	0.126378
	0.845219	1.00398
	-0.0515935	0.0515935
	0.742032	1.00663
	0	0
	-0.103187	0.0729642
	-0.103187	0.0729642
	-0.103187	0.0729642
	-0.0515935	0.0515935
	-0.0515935	0.0515935
	-0.103187	0.0729642
	-0.154781	0.0893626
	-0.0515935	0.0515935
	-0.0515935	0.0515935
	0	0
	-0.0515935	0.0515935
	-0.154781	0.0893626
	-0.103187	0.0729642
	-0.103187	0.0729642
	-0.103187	0.0729642
	-0.103187	0.0729642
	0.896813	1.00266
	-0.154781	0.0893626
	-0.206374	0.103187
	-0.103187	0.0729642
	-0.206374	0.103187
	0.896813	1.00266
	0.896813	1.00266
	-0.0515935	0.0515935
	-0.154781	0.0893626
	-0.154781	0.0893626
	-0.154781	0.0893626
	-0.0515935	0.0515935
	0	0
	0	0
	-0.103187	0.0729642
	-0.103187	0.0729642
	-0.206374	0.103187
	0.845219	1.00398
	-0.103187	0.0729642
	-0.0515935	0.0515935
	0	0
	-0.103187	0.0729642
	-0.103187	0.0729642
	-0.103187	0.0729642
	0	0
	-0.206374	0.103187
	-0.103187	0.0729642
	-0.154781	0.0893626
	0	0
	-0.257968	0.115367
	0.845219	1.00398
	0	0
	-0.154781	0.0893626
	-0.154781	0.0893626
	0.948406	1.00133
	0	0
	-0.154781	0.0893626
	-0.154781	0.0893626
	-0.103187	0.0729642
	-0.0515935	0.0515935
	-0.103187	0.0729642
	0	0
	-0.0515935	0.0515935
	0.793626	1.00531
	0.948406	1.00133
	1.94841	1.41515
	-0.154781	0.0893626
	0	0
	-0.103187	0.0729642
	-0.154781	0.0893626
	1.79363	1.41797
	-0.103187	0.0729642
	-0.0515935	0.0515935
	-0.309561	0.126378
	-0.103187	0.0729642
	-0.154781	0.0893626
	-0.0515935	0.0515935
	-0.0515935	0.0515935
	-0.103187	0.0729642
	0.793626	1.00531
	0.845219	1.00398
	1.89681	1.41609
	-0.154781	0.0893626
	-0.257968	0.115367
	-0.154781	0.0893626
	-0.206374	0.103187
	-0.0515935	0.0515935
	-0.0515935	0.0515935
	0	0
	-0.0515935	0.0515935
	1	1
	0.948406	1.00133
	-0.103187	0.0729642
	-0.0515935	0.0515935
	-0.154781	0.0893626
	1	1
	-0.103187	0.0729642
	1	1
	0.690439	1.00795
	-0.309561	0.126378
	-0.103187	0.0729642
	-0.103187	0.0729642
	-0.154781	0.0893626
	0.948406	1.00133
	-0.0515935	0.0515935
	-0.0515935	0.0515935
	0.742032	1.00663
	-0.0515935	0.0515935
	-0.154781	0.0893626
	-0.103187	0.0729642
	-0.103187	0.0729642
	-0.0515935	0.0515935
	-0.0515935	0.0515935
	-0.103187	0.0729642
	-0.154781	0.0893626
	1	1
	-0.0515935	0.0515935
	-0.0515935	0.0515935
	-0.154781	0.0893626
	-0.257968	0.115367
	-0.0515935	0.0515935
	-0.257968	0.115367
	0.845219	1.00398
	-0.154781	0.0893626
	0	0
	-0.154781	0.0893626
	-0.154781	0.0893626
	-0.206374	0.103187
	-0.257968	0.115367
	0.948406	1.00133
	-0.103187	0.0729642
	-0.154781	0.0893626
	-0.0515935	0.0515935
	-0.103187	0.0729642
	-0.154781	0.0893626
	-0.0515935	0.0515935
	-0.103187	0.0729642
	0.948406	1.00133
	0.948406	1.00133
	0.793626	1.00531
	-0.0515935	0.0515935
	-0.0515935	0.0515935
	-0.0515935	0.0515935
	0	0
	1.94841	1.41515
	-0.0515935	0.0515935
	-0.103187	0.0729642
	1.84522	1.41703
	-0.0515935	0.0515935
	0	0
	-0.103187	0.0729642
	0.896813	1.00266
	-0.154781	0.0893626
	1	1
	2.89681	1.73359
	-0.103187	0.0729642
	-0.0515935	0.0515935
	-0.103187	0.0729642
	0	0
	2	1.41421
	1	1
	1	1
	0.793626	1.00531
	0.793626	1.00531
	-0.103187	0.0729642
	-0.103187	0.0729642
	-0.0515935	0.0515935
	-0.0515935	0.0515935
	-0.154781	0.0893626
	-0.206374	0.103187
	0	0
	-0.103187	0.0729642
	0.845219	1.00398
	-0.0515935	0.0515935
	-0.154781	0.0893626
	-0.206374	0.103187
	-0.103187	0.0729642
	-0.0515935	0.0515935
	1	1
	0.845219	1.00398
	0	0
	-0.257968	0.115367
	1.89681	1.41609
	0	0
	-0.154781	0.0893626
	1.84522	1.41703
	-0.103187	0.0729642
	1	1
	0	0
	-0.154781	0.0893626
	-0.0515935	0.0515935
	-0.154781	0.0893626
	-0.0515935	0.0515935
	-0.154781	0.0893626
	0	0
	-0.206374	0.103187
	-0.206374	0.103187
	-0.154781	0.0893626
	-0.0515935	0.0515935
	-0.0515935	0.0515935
	1.94841	1.41515
	0	0
	-0.206374	0.103187
	-0.103187	0.0729642
	0	0
	-0.154781	0.0893626
	-0.257968	0.115367
	0.845219	1.00398
	-0.154781	0.0893626
	-0.206374	0.103187
	-0.0515935	0.0515935
	-0.0515935	0.0515935
	0	0
	-0.0515935	0.0515935
	0.845219	1.00398
	0	0
	-0.0515935	0.0515935
	-0.154781	0.0893626
	1.79363	1.41797
	0.793626	1.00531
	0	0
	-0.206374	0.103187
	0	0
	-0.103187	0.0729642
	0	0
	1.84522	1.41703
	-0.103187	0.0729642
	-0.154781	0.0893626
	-0.0515935	0.0515935
	-0.206374	0.103187
	-0.103187	0.0729642
	0.742032	1.00663
	-0.257968	0.115367
	-0.154781	0.0893626
	0	0
	-0.0515935	0.0515935
	-0.154781	0.0893626
	0.845219	1.00398
	-0.103187	0.0729642
	-0.103187	0.0729642
	-0.103187	0.0729642
	-0.0515935	0.0515935
	0	0
	-0.0515935	0.0515935
	0	0
	-0.103187	0.0729642
	0.793626	1.00531
	-0.154781	0.0893626
	1.94841	1.41515
	-0.0515935	0.0515935
	-0.0515935	0.0515935
	-0.103187	0.0729642
	1	1
	-0.0515935	0.0515935
	0.948406	1.00133
	0.948406	1.00133
	0	0
	-0.103187	0.0729642
	-0.206374	0.103187
	-0.103187	0.0729642
	-0.103187	0.0729642
	0.742032	1.00663
	0.845219	1.00398
	-0.103187	0.0729642
	-0.103187	0.0729642
	-0.103187	0.0729642
	-0.154781	0.0893626
	-0.103187	0.0729642
	-0.0515935	0.0515935
	0.948406	1.00133
	0.896813	1.00266
	1	1
	0	0
	-0.206374	0.103187
	-0.103187	0.0729642
	-0.103187	0.0729642
	-0.103187	0.0729642
	0.845219	1.00398
	-0.103187	0.0729642
	-0.0515935	0.0515935
	-0.257968	0.115367
	-0.154781	0.0893626
	-0.154781	0.0893626
	-0.0515935	0.0515935
	-0.0515935	0.0515935
	1	1
	0	0
	-0.154781	0.0893626
	0.845219	1.00398
	-0.0515935	0.0515935
	-0.103187	0.0729642
	-0.154781	0.0893626
	-0.0515935	0.0515935
	-0.154781	0.0893626
	-0.154781	0.0893626
	-0.0515935	0.0515935
	-0.206374	0.103187
	-0.103187	0.0729642
	0	0
	-0.103187	0.0729642
	-0.103187	0.0729642
	-0.154781	0.0893626
	-0.0515935	0.0515935
	-0.103187	0.0729642
	1	1
	0.845219	1.00398
	-0.103187	0.0729642
	-0.154781	0.0893626
	-0.103187	0.0729642
	0.948406	1.00133
	-0.103187	0.0729642
	-0.103187	0.0729642
	0.896813	1.00266
	-0.154781	0.0893626
	-0.0515935	0.0515935
	-0.103187	0.0729642
	0.948406	1.00133
	-0.257968	0.115367
	-0.103187	0.0729642
	0	0
	0	0
	-0.206374	0.103187
	-0.154781	0.0893626
	-0.206374	0.103187
	-0.103187	0.0729642
	0.845219	1.00398
	-0.154781	0.0893626
	0.845219	1.00398
	0	0
	-0.154781	0.0893626
	-0.0515935	0.0515935
	-0.103187	0.0729642
	-0.103187	0.0729642
	-0.0515935	0.0515935
	-0.154781	0.0893626
	-0.0515935	0.0515935
	0	0
	0.793626	1.00531
	0.948406	1.00133
	0	0
	-0.103187	0.0729642
	-0.103187	0.0729642
	-0.154781	0.0893626
	-0.154781	0.0893626
	-0.0515935	0.0515935
	-0.0515935	0.0515935
	-0.0515935	0.0515935
	-0.206374	0.103187
	0.896813	1.00266
	0.896813	1.00266
	-0.154781	0.0893626
	-0.309561	0.126378
	-0.103187	0.0729642
	0.948406	1.00133
	-0.154781	0.0893626
	0	0
	-0.154781	0.0893626
	-0.0515935	0.0515935
	0.845219	1.00398
	0	0
	-0.103187	0.0729642
	-0.0515935	0.0515935
	-0.103187	0.0729642
	-0.103187	0.0729642
	-0.154781	0.0893626
	-0.154781	0.0893626
	-0.103187	0.0729642
	-0.0515935	0.0515935
	-0.154781	0.0893626
	-0.103187	0.0729642
	0	0
	0.948406	1.00133
	-0.0515935	0.0515935
	-0.257968	0.115367
	-0.103187	0.0729642
	-0.154781	0.0893626
	-0.103187	0.0729642
	0.948406	1.00133
	0.845219	1.00398
	0	0
	0.845219	1.00398
	-0.103187	0.0729642
	0.845219	1.00398
	-0.103187	0.0729642
	-0.0515935	0.0515935
	-0.0515935	0.0515935
	0.948406	1.00133
	-0.0515935	0.0515935
	0	0
	-0.103187	0.0729642
	-0.206374	0.103187
	1.89681	1.41609
	0.948406	1.00133
	0	0
	-0.206374	0.103187
	-0.154781	0.0893626
	-0.0515935	0.0515935
	0.948406	1.00133
	0.845219	1.00398
	0	0
	-0.103187	0.0729642
	-0.103187	0.0729642
	0.845219	1.00398
	-0.0515935	0.0515935
	-0.154781	0.0893626
	-0.154781	0.0893626
	-0.103187	0.0729642
	-0.103187	0.0729642
	0.948406	1.00133
	-0.257968	0.115367
	-0.103187	0.0729642
	0.948406	1.00133
	-0.103187	0.0729642
	-0.103187	0.0729642
	0	0
	-0.103187	0.0729642
	-0.154781	0.0893626
	0	0
	-0.0515935	0.0515935
	-0.103187	0.0729642
	1.94841	1.41515
	0	0
	-0.0515935	0.0515935
	-0.154781	0.0893626
	0	0
	-0.103187	0.0729642
	0.896813	1.00266
	-0.103187	0.0729642
	-0.0515935	0.0515935
	-0.0515935	0.0515935
	-0.154781	0.0893626
	-0.0515935	0.0515935
	0.948406	1.00133
	0.845219	1.00398
	-0.0515935	0.0515935
	-0.0515935	0.0515935
	-0.206374	0.103187
	0	0
	-0.0515935	0.0515935
	0.845219	1.00398
	-0.154781	0.0893626
	-0.154781	0.0893626
	0.638845	1.00927
	-0.0515935	0.0515935
	-0.0515935	0.0515935
	-0.0515935	0.0515935
	-0.103187	0.0729642
	-0.0515935	0.0515935
	0	0
	0.896813	1.00266
	-0.0515935	0.0515935
	0.948406	1.00133
	1	1
	-0.0515935	0.0515935
	-0.154781	0.0893626
	-0.103187	0.0729642
	-0.103187	0.0729642
	-0.103187	0.0729642
	-0.103187	0.0729642
	0	0
	2	1.41421
	-0.0515935	0.0515935
	-0.103187	0.0729642
	-0.412748	0.145928
	-0.0515935	0.0515935
	-0.0515935	0.0515935
	0.948406	1.00133
	-0.103187	0.0729642
	-0.103187	0.0729642
	-0.103187	0.0729642
	0	0
	2	1.41421
	0	0
	-0.103187	0.0729642
	0.793626	1.00531
	0.845219	1.00398
	-0.103187	0.0729642
	-0.206374	0.103187
	0.793626	1.00531
	-0.103187	0.0729642
	0.948406	1.00133
	-0.103187	0.0729642
	-0.0515935	0.0515935
	-0.257968	0.115367
	-0.103187	0.0729642
	2.89681	1.73359
	-0.206374	0.103187
	1	1
	-0.154781	0.0893626
	-0.0515935	0.0515935
	-0.103187	0.0729642
	-0.0515935	0.0515935
	-0.103187	0.0729642
	-0.154781	0.0893626
	-0.154781	0.0893626
	0.845219	1.00398
	-0.257968	0.115367
	-0.0515935	0.0515935
	-0.309561	0.126378
	-0.464342	0.154781
	0.638845	1.00927
	-0.309561	0.126378
	-0.515935	0.163153
	-0.619122	0.178725
	0.587252	1.01059
	-0.464342	0.154781
	-0.619122	0.178725
	-0.464342	0.154781
	-0.257968	0.115367
	-0.257968	0.115367
	-0.257968	0.115367
	-0.154781	0.0893626
	0.845219	1.00398
	-0.103187	0.0729642
	-0.103187	0.0729642
	-0.206374	0.103187
	-0.309561	0.126378
	0.793626	1.00531
	0	0
	1.89681	1.41609
	3.89681	2.00133
	-0.361155	0.136504
	1.74203	1.41891
	-0.103187	0.0729642
	1	1
	0.896813	1.00266
	-0.103187	0.0729642
	-0.0515935	0.0515935
	-0.103187	0.0729642
	-0.206374	0.103187
	0.896813	1.00266
	0	0
	0	0
	1.79363	1.41797
	0.845219	1.00398
	-0.103187	0.0729642
	0	0
	-0.0515935	0.0515935
	-0.154781	0.0893626
	0	0
	1	1
	-0.257968	0.115367
	-0.206374	0.103187
	-0.154781	0.0893626
	0.896813	1.00266
	-0.206374	0.103187
	-0.103187	0.0729642
	-0.361155	0.136504
	-0.309561	0.126378
	-0.309561	0.126378
	-0.154781	0.0893626
	-0.154781	0.0893626
	-0.257968	0.115367
	0.742032	1.00663
	-0.206374	0.103187
	-0.154781	0.0893626
	0	0
	0.793626	1.00531
	0	0
	-0.103187	0.0729642
	0.896813	1.00266
	-0.257968	0.115367
	0.896813	1.00266
	-0.0515935	0.0515935
	1.89681	1.41609
	-0.154781	0.0893626
	0.948406	1.00133
	0.896813	1.00266
	0.896813	1.00266
	-0.0515935	0.0515935
	-0.154781	0.0893626
	-0.154781	0.0893626
	0.845219	1.00398
	0	0
	0	0
	-0.0515935	0.0515935
	-0.103187	0.0729642
	-0.0515935	0.0515935
	-0.103187	0.0729642
	-0.103187	0.0729642
	0.896813	1.00266
	-0.0515935	0.0515935
	-0.103187	0.0729642
	-0.0515935	0.0515935
	-0.0515935	0.0515935
	0	0
	0.896813	1.00266
	-0.257968	0.115367
	-0.154781	0.0893626
	-0.103187	0.0729642
	0	0
	-0.0515935	0.0515935
	-0.206374	0.103187
	-0.0515935	0.0515935
	-0.0515935	0.0515935
	-0.103187	0.0729642
	0	0
	-0.309561	0.126378
	-0.154781	0.0893626
	0.845219	1.00398
	-0.103187	0.0729642
	-0.103187	0.0729642
	-0.0515935	0.0515935
	1	1
	-0.103187	0.0729642
	-0.0515935	0.0515935
	-0.103187	0.0729642
	-0.103187	0.0729642
	1	1
	-0.154781	0.0893626
	-0.0515935	0.0515935
	1	1
	-0.154781	0.0893626
	0.896813	1.00266
	-0.0515935	0.0515935
	-0.206374	0.103187
	0.896813	1.00266
	-0.103187	0.0729642
	-0.154781	0.0893626
	-0.206374	0.103187
	-0.0515935	0.0515935
	-0.103187	0.0729642
	-0.206374	0.103187
	-0.154781	0.0893626
	-0.103187	0.0729642
	0.948406	1.00133
	-0.206374	0.103187
	1	1
	0	0
	-0.206374	0.103187
	0	0
	0.896813	1.00266
	0.948406	1.00133
	-0.0515935	0.0515935
	0	0
	-0.0515935	0.0515935
	-0.0515935	0.0515935
	0.690439	1.00795
	-0.154781	0.0893626
	-0.206374	0.103187
	-0.257968	0.115367
	0	0
	-0.206374	0.103187
	-0.103187	0.0729642
	2	1.41421
	-0.154781	0.0893626
	0.896813	1.00266
	-0.206374	0.103187
	-0.154781	0.0893626
	-0.0515935	0.0515935
	-0.103187	0.0729642
	-0.154781	0.0893626
	0.948406	1.00133
	-0.103187	0.0729642
	0.896813	1.00266
	0.896813	1.00266
	-0.361155	0.136504
	1	1
	0.948406	1.00133
	-0.257968	0.115367
	-0.0515935	0.0515935
	0.948406	1.00133
	0.690439	1.00795
	-0.206374	0.103187
	0.948406	1.00133
	-0.154781	0.0893626
	1	1
	2	1.41421
	-0.103187	0.0729642
	-0.154781	0.0893626
	-0.0515935	0.0515935
	-0.103187	0.0729642
	0	0
	-0.103187	0.0729642
	-0.103187	0.0729642
	-0.103187	0.0729642
	0.845219	1.00398
	-0.0515935	0.0515935
	-0.103187	0.0729642
	0	0
	-0.103187	0.0729642
	-0.206374	0.103187
	-0.154781	0.0893626
	0	0
	-0.103187	0.0729642
	0.793626	1.00531
	0	0
	-0.103187	0.0729642
	-0.0515935	0.0515935
	-0.103187	0.0729642
	-0.206374	0.103187
	-0.154781	0.0893626
	0.948406	1.00133
	1.94841	1.41515
	0.896813	1.00266
	-0.0515935	0.0515935
	-0.0515935	0.0515935
	-0.154781	0.0893626
	-0.257968	0.115367
	-0.103187	0.0729642
	-0.103187	0.0729642
	-0.103187	0.0729642
	1	1
	-0.103187	0.0729642
	-0.154781	0.0893626
	-0.0515935	0.0515935
	0	0
	0.845219	1.00398
	-0.154781	0.0893626
	0	0
	-0.0515935	0.0515935
	0.742032	1.00663
	-0.0515935	0.0515935
	-0.103187	0.0729642
	0.948406	1.00133
	-0.154781	0.0893626
	-0.103187	0.0729642
	-0.154781	0.0893626
	0.896813	1.00266
	-0.257968	0.115367
	-0.154781	0.0893626
	0	0
	-0.0515935	0.0515935
	0.896813	1.00266
	-0.206374	0.103187
	0.896813	1.00266
	-0.154781	0.0893626
	-0.309561	0.126378
	0	0
	0.845219	1.00398
	-0.257968	0.115367
	0.845219	1.00398
	0.896813	1.00266
	-0.103187	0.0729642
	0.896813	1.00266
	-0.0515935	0.0515935
	0	0
	-0.103187	0.0729642
	-0.103187	0.0729642
	-0.0515935	0.0515935
	0	0
	-0.0515935	0.0515935
	-0.206374	0.103187
	0	0
	-0.0515935	0.0515935
	-0.0515935	0.0515935
	-0.154781	0.0893626
	-0.154781	0.0893626
	-0.0515935	0.0515935
	-0.0515935	0.0515935
	-0.0515935	0.0515935
	0.896813	1.00266
	-0.0515935	0.0515935
	-0.103187	0.0729642
	-0.309561	0.126378
	-0.0515935	0.0515935
	-0.309561	0.126378
	-0.0515935	0.0515935
	0.948406	1.00133
	-0.0515935	0.0515935
	-0.103187	0.0729642
	-0.0515935	0.0515935
	0	0
	0.948406	1.00133
	-0.206374	0.103187
	-0.103187	0.0729642
	1.84522	1.41703
	-0.0515935	0.0515935
	0.742032	1.00663
	-0.154781	0.0893626
	-0.257968	0.115367
	0	0
	-0.154781	0.0893626
	-0.103187	0.0729642
	-0.257968	0.115367
	-0.103187	0.0729642
	1.94841	1.41515
	-0.0515935	0.0515935
	-0.0515935	0.0515935
	-0.0515935	0.0515935
	2.94841	1.73282
	-0.103187	0.0729642
	-0.0515935	0.0515935
	-0.0515935	0.0515935
	-0.0515935	0.0515935
	-0.103187	0.0729642
	-0.103187	0.0729642
	-0.257968	0.115367
	-0.103187	0.0729642
	-0.206374	0.103187
	-0.206374	0.103187
	-0.0515935	0.0515935
	0	0
	-0.0515935	0.0515935
	0.845219	1.00398
	0.742032	1.00663
	-0.154781	0.0893626
	-0.103187	0.0729642
	-0.361155	0.136504
	-0.206374	0.103187
	-0.0515935	0.0515935
	0.896813	1.00266
	-0.103187	0.0729642
	-0.0515935	0.0515935
	-0.0515935	0.0515935
	-0.103187	0.0729642
	-0.154781	0.0893626
	0.896813	1.00266
	-0.464342	0.154781
	0.380878	1.01585
	-0.464342	0.154781
	0.380878	1.01585
	-0.670716	0.186023
	-0.464342	0.154781
	-0.412748	0.145928
	-0.361155	0.136504
	-0.567529	0.171116
	1.58725	1.42172
	-0.257968	0.115367
	0.793626	1.00531
	-0.0515935	0.0515935
	-0.0515935	0.0515935
	-0.154781	0.0893626
	-0.103187	0.0729642
	-0.103187	0.0729642
	0.948406	1.00133
	-0.0515935	0.0515935
	0	0
	0.638845	1.00927
	-0.206374	0.103187
	2.94841	1.73282
	1.94841	1.41515
	-0.0515935	0.0515935
	0.896813	1.00266
	-0.103187	0.0729642
	0.845219	1.00398
	-0.103187	0.0729642
	1	1
	0.948406	1.00133
	0	0
	-0.0515935	0.0515935
	-0.0515935	0.0515935
	0.896813	1.00266
	-0.103187	0.0729642
	-0.0515935	0.0515935
	0.896813	1.00266
	0	0
	-0.0515935	0.0515935
	-0.0515935	0.0515935
	0.845219	1.00398
	-0.0515935	0.0515935
	-0.103187	0.0729642
	-0.257968	0.115367
	0.896813	1.00266
	-0.154781	0.0893626
	-0.0515935	0.0515935
	-0.103187	0.0729642
	-0.154781	0.0893626
	0	0
	-0.154781	0.0893626
	-0.309561	0.126378
	-0.0515935	0.0515935
	-0.257968	0.115367
	0	0
	-0.103187	0.0729642
	-0.154781	0.0893626
	-0.154781	0.0893626
	0.948406	1.00133
	0	0
	-0.0515935	0.0515935
	-0.154781	0.0893626
	-0.0515935	0.0515935
	0.948406	1.00133
	0.845219	1.00398
	-0.0515935	0.0515935
	-0.206374	0.103187
	0.948406	1.00133
	-0.206374	0.103187
	-0.154781	0.0893626
	0.948406	1.00133
	-0.0515935	0.0515935
	-0.154781	0.0893626
	-0.103187	0.0729642
	-0.0515935	0.0515935
	-0.0515935	0.0515935
	-0.206374	0.103187
	0.896813	1.00266
	-0.154781	0.0893626
	-0.103187	0.0729642
	-0.0515935	0.0515935
	-0.103187	0.0729642
	-0.154781	0.0893626
	0	0
	-0.103187	0.0729642
	0.896813	1.00266
	-0.103187	0.0729642
	-0.257968	0.115367
	-0.206374	0.103187
	0	0
	-0.103187	0.0729642
	0.948406	1.00133
	0	0
	-0.0515935	0.0515935
	0.948406	1.00133
	0.896813	1.00266
	0	0
	-0.103187	0.0729642
	-0.206374	0.103187
	0.948406	1.00133
	0	0
	0.793626	1.00531
	-0.103187	0.0729642
	-0.154781	0.0893626
	-0.0515935	0.0515935
	-0.0515935	0.0515935
	-0.0515935	0.0515935
	1	1
	-0.206374	0.103187
	-0.154781	0.0893626
	-0.154781	0.0893626
	0	0
	-0.103187	0.0729642
	0.793626	1.00531
	-0.0515935	0.0515935
	-0.154781	0.0893626
	-0.0515935	0.0515935
	0.948406	1.00133
	-0.154781	0.0893626
	-0.103187	0.0729642
	-0.154781	0.0893626
	-0.154781	0.0893626
	-0.103187	0.0729642
	0.845219	1.00398
	-0.0515935	0.0515935
	-0.103187	0.0729642
	-0.0515935	0.0515935
	1	1
	-0.154781	0.0893626
	-0.206374	0.103187
	1	1
	0	0
	-0.0515935	0.0515935
	-0.0515935	0.0515935
	0.793626	1.00531
	0.845219	1.00398
	0.845219	1.00398
	-0.0515935	0.0515935
	-0.154781	0.0893626
	-0.154781	0.0893626
	-0.154781	0.0893626
	0	0
	-0.0515935	0.0515935
	0.948406	1.00133
	0.845219	1.00398
	-0.257968	0.115367
	-0.206374	0.103187
	0.948406	1.00133
	-0.103187	0.0729642
	-0.103187	0.0729642
	0.948406	1.00133
	-0.0515935	0.0515935
	-0.154781	0.0893626
	0	0
	-0.154781	0.0893626
	-0.0515935	0.0515935
	-0.206374	0.103187
	0.793626	1.00531
	-0.154781	0.0893626
	-0.257968	0.115367
	1.89681	1.41609
	-0.0515935	0.0515935
	0.845219	1.00398
	-0.103187	0.0729642
	-0.0515935	0.0515935
	-0.154781	0.0893626
	0	0
	-0.0515935	0.0515935
	-0.103187	0.0729642
	-0.154781	0.0893626
	0.948406	1.00133
	2.94841	1.73282
	-0.0515935	0.0515935
	-0.0515935	0.0515935
	-0.0515935	0.0515935
	-0.154781	0.0893626
	0	0
	-0.103187	0.0729642
	0	0
	-0.103187	0.0729642
	-0.103187	0.0729642
	-0.154781	0.0893626
	0.948406	1.00133
	0.793626	1.00531
	1	1
	-0.154781	0.0893626
	0.948406	1.00133
	0.896813	1.00266
	-0.0515935	0.0515935
	0.845219	1.00398
	-0.206374	0.103187
	-0.0515935	0.0515935
	-0.103187	0.0729642
	0.690439	1.00795
	-0.154781	0.0893626
	-0.103187	0.0729642
	-0.103187	0.0729642
	1.84522	1.41703
	0	0
	0	0
	-0.0515935	0.0515935
	-0.206374	0.103187
	-0.0515935	0.0515935
	0.896813	1.00266
	0.793626	1.00531
	-0.103187	0.0729642
	0.638845	1.00927
	-0.0515935	0.0515935
	-0.154781	0.0893626
	-0.257968	0.115367
	-0.103187	0.0729642
	-0.206374	0.103187
	-0.206374	0.103187
	-0.206374	0.103187
	-0.103187	0.0729642
	-0.154781	0.0893626
	-0.206374	0.103187
	0.948406	1.00133
	-0.103187	0.0729642
	-0.309561	0.126378
	-0.206374	0.103187
	-0.103187	0.0729642
	-0.103187	0.0729642
	0.948406	1.00133
	-0.154781	0.0893626
	-0.206374	0.103187
	2	1.41421
	0	0
	-0.154781	0.0893626
	0	0
	-0.103187	0.0729642
	-0.206374	0.103187
	-0.206374	0.103187
	0.948406	1.00133
	-0.103187	0.0729642
	-0.206374	0.103187
	-0.0515935	0.0515935
	-0.154781	0.0893626
	-0.0515935	0.0515935
	-0.257968	0.115367
	0	0
	0.742032	1.00663
	-0.0515935	0.0515935
	0.896813	1.00266
	-0.0515935	0.0515935
	0.896813	1.00266
	-0.0515935	0.0515935
	0.845219	1.00398
	0.896813	1.00266
	-0.0515935	0.0515935
	-0.257968	0.115367
	-0.103187	0.0729642
	-0.0515935	0.0515935
	-0.206374	0.103187
	-0.154781	0.0893626
	-0.154781	0.0893626
	-0.206374	0.103187
	-0.257968	0.115367
	0.896813	1.00266
	0.793626	1.00531
	-0.154781	0.0893626
	0	0
	-0.154781	0.0893626
	1	1
	0.845219	1.00398
	-0.103187	0.0729642
	-0.206374	0.103187
	0.896813	1.00266
	-0.103187	0.0729642
	-0.206374	0.103187
	-0.103187	0.0729642
	0.793626	1.00531
	0.896813	1.00266
	0	0
	-0.154781	0.0893626
	-0.309561	0.126378
	0.948406	1.00133
	-0.103187	0.0729642
	-0.257968	0.115367
	-0.103187	0.0729642
	0.845219	1.00398
	-0.206374	0.103187
	-0.0515935	0.0515935
	-0.0515935	0.0515935
	0	0
	-0.0515935	0.0515935
	-0.0515935	0.0515935
	-0.103187	0.0729642
	0.793626	1.00531
	-0.103187	0.0729642
	-0.103187	0.0729642
	-0.154781	0.0893626
	0.896813	1.00266
	-0.0515935	0.0515935
	-0.103187	0.0729642
	-0.0515935	0.0515935
	-0.103187	0.0729642
	-0.103187	0.0729642
	0.948406	1.00133
	-0.206374	0.103187
	-0.103187	0.0729642
	-0.154781	0.0893626
	1.94841	1.41515
	0.948406	1.00133
	-0.103187	0.0729642
	0.793626	1.00531
	-0.257968	0.115367
	-0.0515935	0.0515935
	-0.0515935	0.0515935
	-0.103187	0.0729642
	-0.103187	0.0729642
	-0.206374	0.103187
	-0.103187	0.0729642
	-0.103187	0.0729642
	-0.154781	0.0893626
	-0.154781	0.0893626
	-0.103187	0.0729642
	0.845219	1.00398
	0	0
	-0.103187	0.0729642
	0	0
	-0.0515935	0.0515935
	-0.206374	0.103187
	1	1
	0	0
	-0.103187	0.0729642
	0.896813	1.00266
	0	0
	-0.0515935	0.0515935
	-0.0515935	0.0515935
	-0.0515935	0.0515935
	-0.0515935	0.0515935
	-0.103187	0.0729642
	0.948406	1.00133
	-0.154781	0.0893626
	-0.206374	0.103187
	-0.103187	0.0729642
	0	0
	-0.0515935	0.0515935
	-0.0515935	0.0515935
	-0.154781	0.0893626
	-0.0515935	0.0515935
	0	0
	-0.0515935	0.0515935
	-0.154781	0.0893626
	-0.206374	0.103187
	0.742032	1.00663
	-0.103187	0.0729642
	0.845219	1.00398
	-0.0515935	0.0515935
	-0.103187	0.0729642
	0.845219	1.00398
	-0.154781	0.0893626
	-0.0515935	0.0515935
	-0.257968	0.115367
	-0.103187	0.0729642
	-0.154781	0.0893626
	-0.103187	0.0729642
	-0.103187	0.0729642
	-0.0515935	0.0515935
	1.84522	1.41703
	-0.0515935	0.0515935
	-0.206374	0.103187
	-0.103187	0.0729642
	-0.103187	0.0729642
	-0.154781	0.0893626
	-0.103187	0.0729642
	-0.206374	0.103187
	-0.154781	0.0893626
	0	0
	0	0
	-0.103187	0.0729642
	0.948406	1.00133
	-0.103187	0.0729642
	-0.0515935	0.0515935
	-0.0515935	0.0515935
	-0.0515935	0.0515935
	-0.0515935	0.0515935
	-0.103187	0.0729642
	0.948406	1.00133
	0.896813	1.00266
	-0.154781	0.0893626
	-0.0515935	0.0515935
	0	0
	0.845219	1.00398
	-0.309561	0.126378
	-0.0515935	0.0515935
	-0.0515935	0.0515935
	0	0
	0.845219	1.00398
	-0.154781	0.0893626
	0.896813	1.00266
	0.742032	1.00663
	-0.103187	0.0729642
	-0.206374	0.103187
	-0.0515935	0.0515935
	1.79363	1.41797
	-0.0515935	0.0515935
	-0.103187	0.0729642
	-0.206374	0.103187
	-0.0515935	0.0515935
	2	1.41421
	-0.206374	0.103187
	-0.0515935	0.0515935
	-0.206374	0.103187
	-0.361155	0.136504
	1.84522	1.41703
	-0.103187	0.0729642
	0.793626	1.00531
	-0.103187	0.0729642
	0	0
	1	1
	-0.0515935	0.0515935
	-0.206374	0.103187
	-0.206374	0.103187
	0.948406	1.00133
	-0.154781	0.0893626
	-0.154781	0.0893626
	0	0
	-0.206374	0.103187
	-0.0515935	0.0515935
	-0.0515935	0.0515935
	-0.206374	0.103187
	-0.103187	0.0729642
	-0.0515935	0.0515935
	-0.257968	0.115367
	-0.206374	0.103187
	-0.0515935	0.0515935
	-0.103187	0.0729642
	-0.103187	0.0729642
	-0.154781	0.0893626
	-0.154781	0.0893626
	-0.0515935	0.0515935
	-0.0515935	0.0515935
	0.793626	1.00531
	-0.0515935	0.0515935
	-0.0515935	0.0515935
	0.948406	1.00133
	-0.0515935	0.0515935
	-0.206374	0.103187
	-0.206374	0.103187
	0	0
	0.793626	1.00531
	-0.103187	0.0729642
	0.793626	1.00531
	-0.206374	0.103187
	-0.0515935	0.0515935
	-0.0515935	0.0515935
	-0.309561	0.126378
	-0.0515935	0.0515935
	-0.0515935	0.0515935
	0.896813	1.00266
	0.896813	1.00266
	-0.0515935	0.0515935
	-0.257968	0.115367
	-0.0515935	0.0515935
	-0.103187	0.0729642
	-0.0515935	0.0515935
	-0.154781	0.0893626
	-0.206374	0.103187
	-0.154781	0.0893626
	-0.103187	0.0729642
	-0.154781	0.0893626
	-0.154781	0.0893626
	0.690439	1.00795
	-0.103187	0.0729642
	0.845219	1.00398
	-0.0515935	0.0515935
	0	0
	-0.206374	0.103187
	-0.154781	0.0893626
	-0.206374	0.103187
	-0.103187	0.0729642
	-0.0515935	0.0515935
	-0.103187	0.0729642
	-0.154781	0.0893626
	-0.0515935	0.0515935
	-0.103187	0.0729642
	-0.0515935	0.0515935
	-0.0515935	0.0515935
	0	0
	-0.103187	0.0729642
	-0.103187	0.0729642
	-0.103187	0.0729642
	-0.103187	0.0729642
	0.742032	1.00663
	-0.103187	0.0729642
	-0.103187	0.0729642
	-0.103187	0.0729642
	-0.0515935	0.0515935
	1	1
	0	0
	-0.154781	0.0893626
	-0.154781	0.0893626
	-0.0515935	0.0515935
	-0.206374	0.103187
	-0.206374	0.103187
	-0.103187	0.0729642
	-0.0515935	0.0515935
	0	0
	-0.0515935	0.0515935
	-0.154781	0.0893626
	-0.0515935	0.0515935
	-0.0515935	0.0515935
	-0.103187	0.0729642
	0.896813	1.00266
	-0.103187	0.0729642
	-0.103187	0.0729642
	-0.103187	0.0729642
	0.948406	1.00133
	1	1
	0.896813	1.00266
	-0.154781	0.0893626
	-0.206374	0.103187
	-0.103187	0.0729642
	-0.154781	0.0893626
	-0.0515935	0.0515935
	0	0
	0.845219	1.00398
	-0.257968	0.115367
	0.793626	1.00531
	-0.0515935	0.0515935
	0	0
	-0.206374	0.103187
	0	0
	-0.206374	0.103187
	0	0
	0	0
	-0.154781	0.0893626
	-0.0515935	0.0515935
	-0.103187	0.0729642
	-0.0515935	0.0515935
	2	1.41421
	-0.103187	0.0729642
	-0.103187	0.0729642
	0	0
	-0.103187	0.0729642
	-0.103187	0.0729642
	0.845219	1.00398
	-0.0515935	0.0515935
	-0.154781	0.0893626
	0	0
	-0.154781	0.0893626
	-0.361155	0.136504
	-0.103187	0.0729642
	-0.206374	0.103187
	-0.257968	0.115367
	-0.154781	0.0893626
	-0.103187	0.0729642
	0.896813	1.00266
	1	1
	-0.257968	0.115367
	0.948406	1.00133
	0	0
	-0.0515935	0.0515935
	-0.103187	0.0729642
	-0.206374	0.103187
	0.948406	1.00133
	-0.103187	0.0729642
	-0.0515935	0.0515935
	-0.103187	0.0729642
	0.896813	1.00266
	0.896813	1.00266
	-0.0515935	0.0515935
	-0.103187	0.0729642
	-0.0515935	0.0515935
	-0.0515935	0.0515935
	-0.0515935	0.0515935
	0	0
	0.948406	1.00133
	-0.103187	0.0729642
	0	0
	-0.0515935	0.0515935
	0.948406	1.00133
	0	0
	-0.154781	0.0893626
	0	0
	0.896813	1.00266
	-0.103187	0.0729642
	-0.103187	0.0729642
	-0.0515935	0.0515935
	-0.154781	0.0893626
	-0.103187	0.0729642
	-0.103187	0.0729642
	-0.154781	0.0893626
	-0.103187	0.0729642
	0	0
	0	0
	-0.257968	0.115367
	-0.103187	0.0729642
	1	1
	-0.0515935	0.0515935
	0	0
	-0.154781	0.0893626
	-0.0515935	0.0515935
	-0.154781	0.0893626
	-0.0515935	0.0515935
	-0.206374	0.103187
	-0.154781	0.0893626
	0	0
	-0.154781	0.0893626
	-0.103187	0.0729642
	-0.0515935	0.0515935
	-0.0515935	0.0515935
	-0.257968	0.115367
	-0.0515935	0.0515935
	-0.0515935	0.0515935
	0	0
	-0.154781	0.0893626
	0	0
	-0.103187	0.0729642
	-0.0515935	0.0515935
	0	0
	-0.0515935	0.0515935
	0.948406	1.00133
	-0.0515935	0.0515935
	0	0
	0	0
	0	0
	-0.103187	0.0729642
	-0.103187	0.0729642
	0	0
	0	0
	0.948406	1.00133
	-0.0515935	0.0515935
	0	0
	1	1
	0.742032	1.00663
	-0.0515935	0.0515935
	-0.0515935	0.0515935
	-0.103187	0.0729642
	-0.154781	0.0893626
	0	0
	0	0
	0	0
	-0.103187	0.0729642
	-0.0515935	0.0515935
	-0.103187	0.0729642
	-0.154781	0.0893626
	-0.0515935	0.0515935
	-0.103187	0.0729642
	-0.154781	0.0893626
	-0.0515935	0.0515935
	-0.0515935	0.0515935
	-0.103187	0.0729642
	0.948406	1.00133
	0	0
	0	0
	0	0
	-0.309561	0.126378
	-0.154781	0.0893626
	-0.103187	0.0729642
	-0.103187	0.0729642
	-0.0515935	0.0515935
	-0.0515935	0.0515935
	-0.0515935	0.0515935
	-0.0515935	0.0515935
	0	0
	0	0
	-0.103187	0.0729642
	0	0
	-0.154781	0.0893626
	-0.0515935	0.0515935
	-0.0515935	0.0515935
	0	0
	-0.103187	0.0729642
	-0.0515935	0.0515935
	-0.103187	0.0729642
	-0.103187	0.0729642
	-0.103187	0.0729642
	-0.154781	0.0893626
	-0.103187	0.0729642
	-0.154781	0.0893626
	-0.103187	0.0729642
	-0.103187	0.0729642
	1	1
	-0.0515935	0.0515935
	-0.0515935	0.0515935
	0	0
	1	1
	0.948406	1.00133
	0	0
	-0.154781	0.0893626
	-0.0515935	0.0515935
	-0.103187	0.0729642
	-0.0515935	0.0515935
	0	0
	-0.154781	0.0893626
	0	0
	0.948406	1.00133
	-0.103187	0.0729642
	0	0
	0	0
	-0.0515935	0.0515935
	-0.103187	0.0729642
	-0.103187	0.0729642
	-0.0515935	0.0515935
	-0.0515935	0.0515935
	-0.0515935	0.0515935
	-0.0515935	0.0515935
	-0.257968	0.115367
	-0.103187	0.0729642
	-0.0515935	0.0515935
	0	0
	-0.103187	0.0729642
	-0.0515935	0.0515935
	-0.0515935	0.0515935
	-0.0515935	0.0515935
	-0.103187	0.0729642
	-0.154781	0.0893626
	-0.0515935	0.0515935
	-0.0515935	0.0515935
	0	0
	-0.103187	0.0729642
	-0.0515935	0.0515935
	-0.0515935	0.0515935
	0	0
	0	0
	-0.103187	0.0729642
	-0.0515935	0.0515935
	0	0
	0	0
	-0.0515935	0.0515935
	-0.0515935	0.0515935
	-0.103187	0.0729642
	-0.0515935	0.0515935
	-0.0515935	0.0515935
	-0.103187	0.0729642
	-0.0515935	0.0515935
	-0.103187	0.0729642
	-0.103187	0.0729642
	0	0
	0	0
	-0.0515935	0.0515935
	-0.0515935	0.0515935
	-0.103187	0.0729642
	-0.154781	0.0893626
	1	1
	-0.0515935	0.0515935
	-0.0515935	0.0515935
	-0.0515935	0.0515935
	0	0
	-0.0515935	0.0515935
	-0.103187	0.0729642
	-0.154781	0.0893626
	-0.103187	0.0729642
	-0.257968	0.115367
	-0.206374	0.103187
	-0.0515935	0.0515935
	-0.309561	0.126378
	-0.206374	0.103187
	-0.103187	0.0729642
	-0.154781	0.0893626
	-0.257968	0.115367
	0.948406	1.00133
	-0.206374	0.103187
	-0.0515935	0.0515935
	-0.103187	0.0729642
	0.948406	1.00133
	-0.0515935	0.0515935
	0.948406	1.00133
	-0.0515935	0.0515935
	0	0
	0	0
	0	0
	-0.154781	0.0893626
	-0.0515935	0.0515935
	0.948406	1.00133
	1	1
	-0.0515935	0.0515935
	0	0
	-0.0515935	0.0515935
	-0.0515935	0.0515935
	0	0
	0	0
	0	0
	-0.103187	0.0729642
	0	0
	-0.154781	0.0893626
	0	0
	-0.103187	0.0729642
	0	0
	-0.103187	0.0729642
	-0.103187	0.0729642
	-0.0515935	0.0515935
	-0.154781	0.0893626
	0	0
	0	0
	-0.0515935	0.0515935
	0	0
	-0.154781	0.0893626
	0	0
	0	0
	-0.0515935	0.0515935
	-0.0515935	0.0515935
	-0.103187	0.0729642
	-0.103187	0.0729642
	0	0
	-0.0515935	0.0515935
	-0.154781	0.0893626
	-0.154781	0.0893626
	-0.0515935	0.0515935
	-0.0515935	0.0515935
	-0.103187	0.0729642
	-0.0515935	0.0515935
	0	0
	-0.103187	0.0729642
	0	0
	0.896813	1.00266
	-0.0515935	0.0515935
	0.948406	1.00133
	-0.0515935	0.0515935
	0	0
	0	0
	0	0
	-0.0515935	0.0515935
	0	0
	0	0
	-0.0515935	0.0515935
	0.948406	1.00133
	0	0
	0	0
	-0.0515935	0.0515935
	0	0
	-0.103187	0.0729642
	-0.103187	0.0729642
	-0.0515935	0.0515935
	-0.0515935	0.0515935
	-0.0515935	0.0515935
	0	0
	0	0
	0	0
	-0.103187	0.0729642
	0	0
	-0.0515935	0.0515935
	-0.0515935	0.0515935
	-0.0515935	0.0515935
	-0.103187	0.0729642
	-0.103187	0.0729642
	-0.0515935	0.0515935
	-0.0515935	0.0515935
	-0.0515935	0.0515935
	0	0
	-0.0515935	0.0515935
	0	0
	-0.0515935	0.0515935
	-0.103187	0.0729642
	-0.0515935	0.0515935
	-0.103187	0.0729642
	-0.103187	0.0729642
	-0.103187	0.0729642
	-0.0515935	0.0515935
	-0.103187	0.0729642
	0	0
	0	0
	0	0
	-0.0515935	0.0515935
	0	0
	-0.103187	0.0729642
	0	0
	0	0
	0	0
	0	0
	0	0
	-0.0515935	0.0515935
	-0.0515935	0.0515935
	-0.103187	0.0729642
	0	0
	1	1
	0	0
	0	0
	0	0
	0	0
	0	0
	0	0
	0	0
	-0.0515935	0.0515935
	-0.0515935	0.0515935
	0	0
	0	0
	0	0
	0	0
	-0.0515935	0.0515935
	-0.103187	0.0729642
	-0.0515935	0.0515935
	0.896813	1.00266
	0	0
	-0.0515935	0.0515935
	0	0
	-0.103187	0.0729642
	-0.103187	0.0729642
	-0.154781	0.0893626
	0	0
	0	0
	0	0
	-0.0515935	0.0515935
	0	0
	0	0
	0	0
	-0.0515935	0.0515935
	-0.0515935	0.0515935
	0	0
	0	0
	0	0
	-0.103187	0.0729642
	-0.0515935	0.0515935
	0	0
	-0.0515935	0.0515935
	0	0
	0	0
	-0.0515935	0.0515935
	0	0
	0	0
	0	0
	1	1
	0	0
	-0.0515935	0.0515935
	-0.0515935	0.0515935
	0	0
	0.948406	1.00133
	0	0
	0	0
	-0.0515935	0.0515935
	-0.0515935	0.0515935
	-0.154781	0.0893626
	-0.0515935	0.0515935
	0	0
	-0.0515935	0.0515935
	0	0
	-0.0515935	0.0515935
	0	0
	-0.154781	0.0893626
	-0.0515935	0.0515935
	-0.0515935	0.0515935
	0	0
	-0.0515935	0.0515935
	-0.0515935	0.0515935
	0	0
	0	0
	-0.0515935	0.0515935
	0	0
	0	0
	0	0
	-0.0515935	0.0515935
	0	0
	0.948406	1.00133
	2	1.41421
	2	1.41421
	0.948406	1.00133
	2.89681	1.73359
	0.896813	1.00266
	0	0
	3	1.73205
	1	1
	1.94841	1.41515
	-0.0515935	0.0515935
	-0.0515935	0.0515935
	0.845219	1.00398
	-0.0515935	0.0515935
	0	0
	-0.103187	0.0729642
	0	0
	0	0
	0	0
	0	0
	0	0
	0	0
	1	1
	0	0
	-0.103187	0.0729642
	0	0
	0	0
	0	0
	-0.0515935	0.0515935
	0	0
	-0.103187	0.0729642
	-0.0515935	0.0515935
	0	0
	0	0
	0	0
	0	0
	0	0
	0	0
	0	0
	0	0
	0.948406	1.00133
	-0.103187	0.0729642
	0	0
	-0.0515935	0.0515935
	-0.0515935	0.0515935
	0	0
	0	0
	0	0
	0	0
	-0.0515935	0.0515935
	0	0
	0	0
	0	0
	-0.0515935	0.0515935
	0	0
	0	0
	0	0
	-0.0515935	0.0515935
	0	0
	-0.0515935	0.0515935
	0	0
	0	0
	0	0
	0	0
	0	0
	0	0
	0	0
	-0.0515935	0.0515935
	0	0
	0	0
	0	0
	-0.0515935	0.0515935
	-0.0515935	0.0515935
	0	0
	-0.103187	0.0729642
	-0.0515935	0.0515935
	0	0
	0	0
	0	0
	0	0
	0	0
	0	0
	0	0
	-0.0515935	0.0515935
	-0.0515935	0.0515935
	0	0
	0	0
	0	0
	0	0
	-0.0515935	0.0515935
	-0.0515935	0.0515935
	0	0
	1	1
	0	0
	0	0
	0	0
	0	0
	0	0
	0	0
	0	0
	0	0
	0	0
	0	0
	0	0
	0	0
	-0.0515935	0.0515935
	0	0
	-0.0515935	0.0515935
	0	0
	-0.0515935	0.0515935
	-0.0515935	0.0515935
	-0.0515935	0.0515935
	-0.0515935	0.0515935
	0	0
	-0.0515935	0.0515935
	-0.0515935	0.0515935
	0	0
	0	0
	0	0
	0	0
	0	0
	0	0
	0	0
	-0.0515935	0.0515935
	-0.0515935	0.0515935
	0	0
	-0.0515935	0.0515935
	0	0
	-0.0515935	0.0515935
	-0.0515935	0.0515935
	0	0
	0	0
	0	0
	0	0
	-0.0515935	0.0515935
	0	0
	-0.0515935	0.0515935
	0	0
	0	0
	0	0
	0	0
	0.948406	1.00133
	0	0
	0	0
	0	0
	0	0
	-0.0515935	0.0515935
	0	0
	0	0
	0	0
	0	0
	0	0
	0	0
	0	0
	-0.0515935	0.0515935
	0	0
	0	0
	0	0
	0	0
	0	0
	-0.154781	0.0893626
	0	0
	-0.0515935	0.0515935
	-0.103187	0.0729642
	-0.0515935	0.0515935
	0	0
	-0.103187	0.0729642
	0	0
	0	0
	0	0
	0	0
	0	0
	0	0
	0	0
	-0.103187	0.0729642
	0	0
	0	0
	0	0
	0	0
	-0.0515935	0.0515935
	-0.0515935	0.0515935
	0	0
	0	0
	-0.0515935	0.0515935
	0	0
	0	0
	-0.0515935	0.0515935
	0	0
	0	0
	-0.103187	0.0729642
	-0.0515935	0.0515935
	-0.103187	0.0729642
	0	0
	0	0
	0	0
	0	0
	0	0
	0	0
	-0.103187	0.0729642
	0	0
	0	0
	-0.0515935	0.0515935
	0	0
	0	0
	0	0
	0	0
	0	0
	-0.0515935	0.0515935
	0	0
	-0.0515935	0.0515935
	0	0
	0	0
	-0.0515935	0.0515935
	0	0
	-0.0515935	0.0515935
	0	0
	0	0
	0	0
	0	0
	-0.0515935	0.0515935
	0	0
	-0.0515935	0.0515935
	0	0
	0	0
	-0.0515935	0.0515935
	0	0
	0	0
	0	0
	-0.0515935	0.0515935
	0	0
	0	0
	0	0
	0	0
	-0.103187	0.0729642
	0	0
	-0.0515935	0.0515935
	0	0
	0	0
	-0.103187	0.0729642
	0	0
	0	0
	0	0
	0	0
	-0.0515935	0.0515935
	-0.0515935	0.0515935
	0	0
	0	0
	0	0
	0	0
	0	0
	0	0
	0	0
	0	0
	0	0
	0	0
	0	0
	0	0
	0	0
	0	0
	0	0
	-0.154781	0.0893626
	0	0
	0	0
	0	0
	-0.0515935	0.0515935
	0	0
	0	0
	0	0
	0	0
	0	0
	0	0
	0	0
	0	0
	0	0
	-0.0515935	0.0515935
	0	0
	0	0
	0	0
	0	0
	0	0
	0	0
	0	0
	0	0
	-0.0515935	0.0515935
	0	0
	0	0
	0	0
	-0.0515935	0.0515935
	-0.0515935	0.0515935
	0	0
	-0.103187	0.0729642
	0	0
	0	0
	0	0
	0	0
	0	0
	0	0
	0	0
	-0.0515935	0.0515935
	0	0
	0	0
	0	0
	0	0
	-0.0515935	0.0515935
	-0.154781	0.0893626
	-0.0515935	0.0515935
	0	0
	0	0
	-0.103187	0.0729642
	-0.103187	0.0729642
	-0.154781	0.0893626
	-0.567529	0.171116
	-0.980277	0.224891
	-0.825496	0.206374
	-1.03187	0.230733
	-1.70259	0.296382
	-3.30198	0.412748
	-2.63127	0.368451
	-2.68286	0.372046
	-3.71473	0.437785
	-2.83764	0.382628
	-1.85737	0.309561
	-1.5994	0.28726
	-0.567529	0.171116
	-0.670716	0.186023
	-0.257968	0.115367
	-0.206374	0.103187
	-0.0515935	0.0515935
	-0.0515935	0.0515935
	-0.103187	0.0729642
	0	0
	-0.0515935	0.0515935
	1	1
	-0.0515935	0.0515935
	1	1
	1	1
	4	2
	1	1
	3	1.73205
	3	1.73205
	2	1.41421
	3	1.73205
	4	2
	0	0
	3	1.73205
	-0.0515935	0.0515935
	1	1
	0	0
	0	0
	-0.0515935	0.0515935
	-0.0515935	0.0515935
	0	0
	0	0
	0	0
	-0.0515935	0.0515935
	-0.0515935	0.0515935
	0	0
	-0.0515935	0.0515935
	0.948406	1.00133
	0	0
	0	0
	0	0
	0	0
	0	0
	0	0
	-0.0515935	0.0515935
	0	0
	0	0
	-0.0515935	0.0515935
	0	0
	0	0
	0	0
	0	0
	0	0
	0	0
	-0.0515935	0.0515935
	0	0
	0	0
	0	0
	0	0
	0	0
	-0.0515935	0.0515935
	0	0
	0	0
	0	0
	0	0
	0	0
	0	0
	0	0
	0	0
	-0.0515935	0.0515935
	-0.0515935	0.0515935
	-0.0515935	0.0515935
	0	0
	0	0
	0	0
	0	0
	0	0
	0	0
	0	0
	-0.0515935	0.0515935
	0	0
	0	0
	-0.0515935	0.0515935
	0	0
	0	0
	0	0
	-0.0515935	0.0515935
	-0.0515935	0.0515935
	0	0
	0	0
	-0.103187	0.0729642
	0	0
	0	0
	0	0
	0	0
	-0.0515935	0.0515935
	-0.0515935	0.0515935
	-0.0515935	0.0515935
	0	0
	0	0
	-0.0515935	0.0515935
	-0.103187	0.0729642
	0	0
	0	0
	0	0
	0	0
	-0.0515935	0.0515935
	0	0
	0	0
	0	0
	0	0
	-0.0515935	0.0515935
	1	1
	0	0
	-0.0515935	0.0515935
	0	0
	0	0
	0	0
	-0.0515935	0.0515935
	1	1
	0	0
	0	0
	0	0
	0	0
	0	0
	0	0
	-0.0515935	0.0515935
	0	0
	1	1
	0	0
	0	0
	-0.103187	0.0729642
	0	0
	0	0
	-0.103187	0.0729642
	0	0
	0	0
	0	0
	0	0
	-0.0515935	0.0515935
	0	0
	0	0
	-0.0515935	0.0515935
	0	0
	-0.0515935	0.0515935
	0	0
	0	0
	0	0
	0	0
	0	0
	-0.0515935	0.0515935
	0	0
	-0.0515935	0.0515935
	0	0
	0	0
	0	0
	0	0
	0	0
	0	0
	0	0
	0	0
	0	0
	0	0
	0	0
	0	0
	0	0
	0	0
	0	0
	-0.0515935	0.0515935
	-0.0515935	0.0515935
	0	0
	0	0
	0	0
	0	0
	-0.0515935	0.0515935
	0	0
	-0.0515935	0.0515935
	-0.103187	0.0729642
	0	0
	0	0
	0	0
	0	0
	0	0
	0	0
	0	0
	0	0
	-0.0515935	0.0515935
	-0.0515935	0.0515935
	0	0
	0	0
	-0.0515935	0.0515935
	-0.0515935	0.0515935
	0	0
	-0.0515935	0.0515935
	0	0
	-0.0515935	0.0515935
	-0.103187	0.0729642
	-3.17907	1.10255
	-41.378	1.46111
	-59.3325	1.74962
	-58.5586	1.73817
	-58.4554	1.73664
	-59.0032	2.0238
	-57.2688	1.71892
	-55.7726	1.69632
	-59.2293	1.7481
	-59.7453	1.7557
	-55.0503	1.6853
