$SPEC_ID:
No sample description was entered.
$SPEC_REM:
DET# 1
DETDESC# DESKTOP-LO9J119 MCB 337
AP# Maestro Version 5.35.01
$DATE_MEA:
01/26/2026 15:38:36
$MEAS_TIM:
8499	8617
$DATA:
0 8191
	333.721	50.0807
	305.185	49.3572
	335.654	50.1618
	272.902	50.2367
	350.694	49.3366
	344.34	49.6067
	372.314	48.9679
	353.137	48.9409
	300.557	47.9933
	344.889	48.132
	287.579	47.8363
	333.022	47.8792
	322.885	46.922
	305.579	48.0241
	301.885	46.6977
	324.619	47.2039
	211.447	47.1655
	332.929	46.985
	258.288	46.8282
	266.951	46.2552
	242.31	46.6352
	236.974	45.9075
	315.637	46.0885
	393.142	45.3995
	211.837	44.7409
	258.018	46.0913
	326.386	44.4029
	231.567	44.1959
	339.098	44.8464
	279.209	44.0565
	268.186	43.9548
	245.523	44.4
	262.363	43.6997
	251.877	44.0982
	208.899	43.5844
	257.403	42.5154
	208.168	44.3518
	282.983	43.2714
	221.297	43.2989
	272.85	43.2976
	297.983	43.4443
	240.518	43.2822
	316.598	41.8944
	265.695	43.3819
	166.54	42.3946
	217.78	41.6269
	216.89	41.4919
	267.067	41.8953
	213.895	42.5628
	151.673	42.0718
	263.355	41.5287
	212.735	41.616
	292.001	42.2653
	268.731	41.1689
	257.665	41.1097
	207.935	41.3338
	246.311	41.373
	295.576	41.6676
	203.421	40.7247
	264.753	41.0954
	250.218	40.3843
	267.107	40.72
	197.134	40.9766
	336.461	41.1631
	200.89	41.2986
	166.267	40.4452
	243.952	40.6132
	224.192	38.9092
	180.174	39.5598
	252.816	39.7201
	190.952	39.9553
	231.284	40.0719
	188.705	39.0372
	241.926	39.452
	234.926	39.3632
	186.302	38.2844
	168.351	39.1998
	209.236	38.6631
	237.324	38.9186
	156.461	38.9153
	200.461	39.4766
	266.524	39.0545
	199.833	37.8104
	173.218	39.4194
	290.055	38.7192
	213.17	38.7939
	229.254	37.6799
	198.811	37.8242
	87.7049	37.7214
	240.033	38.0949
	197.453	37.005
	208.612	38.1978
	197.409	37.0602
	188.236	38.3905
	267.143	38.3145
	203.453	37.086
	180.077	37.2442
	265.847	36.1601
	197.453	37.005
	215.276	37.4664
	193.033	37.4729
	198.586	36.8525
	225.542	37.2719
	163.342	36.6824
	200.59	38.1198
	250.559	36.3199
	245.25	36.6437
	186.564	36.7171
	181.564	36.649
	201.471	35.7535
	195.232	37.2534
	250.582	36.2917
	194.095	36.1396
	167.36	35.4194
	177.382	35.5316
	251.493	36.418
	218.714	35.6766
	151.94	35.7545
	197.427	35.7548
	146.228	35.296
	141.564	36.0991
	220.024	35.2873
	135.829	35.6737
	213.692	35.6352
	206.737	35.4792
	166.272	35.5206
	202.737	35.4228
	267.577	35.2289
	192.869	35.1071
	172.205	35.691
	186.268	34.4776
	221.914	35.4601
	206.268	34.7664
	189.467	34.2535
	187.312	34.4327
	138.98	34.1802
	171.692	35.0409
	168.958	34.6458
	198.577	34.2356
	195.294	35.8981
	153.334	33.9053
	198.312	34.5921
	203.312	34.6643
	153.245	34.0257
	175.777	33.6255
	233.153	33.9546
	214.042	33.8251
	140.135	33.9849
	179.241	33.0263
	253.998	34.4706
	144.471	34.9473
	177.692	35.1264
	131.046	33.9728
	181.422	34.1963
	175.936	34.776
	120.024	33.8407
	146.98	34.297
	122.161	35.042
	140.356	33.6827
	126.157	33.748
	108.427	34.4877
	215.02	33.8701
	170.135	34.4234
	203.33	33.2649
	129.356	33.519
	141.068	34.0897
	177.533	33.9877
	177.113	34.5545
	189.958	34.9475
	171.02	33.2142
	165.4	33.9917
	156.113	34.2493
	117.559	34.4403
	153.135	34.1756
	187.312	34.4327
	197.024	34.9599
	168.936	34.6753
	148.29	33.8919
	211.268	34.8382
	219.936	35.403
	161.692	34.8979
	162.201	34.2175
	196.179	34.7402
	173.25	35.6477
	127.807	35.5901
	194.869	35.1356
	163.223	34.2022
	179.356	34.2567
	170.559	35.2013
	128.028	35.3017
	142.294	35.1521
	165.847	34.7499
	124.829	35.5192
	190.493	35.5706
	208.825	35.3921
	171.714	35.0117
	160.405	35.2626
	185.803	35.0948
	126.316	34.8945
	191.312	34.4908
	100.674	35.3825
	182.002	34.7741
	157.117	35.5954
	152.073	35.5826
	184.537	35.4285
	180.493	35.4298
	190.626	35.3977
	145.648	34.7269
	189.161	35.9853
	154.32	36.5874
	180.515	35.4009
	149.028	35.5979
	224.427	36.1304
	134.896	35.5735
	160.94	35.8802
	191.232	37.1997
	218.165	37.6424
	178.63	36.5242
	90.0768	36.0157
	167.497	36.5415
	232.564	37.3383
	168.32	36.7783
	108.015	37.6069
	188.254	37.1319
	173.519	36.5956
	129.435	37.3688
	135.656	37.175
	220.988	37.8987
	146.479	37.5412
	155.856	37.1965
	188.988	37.4741
	229.873	36.9123
	173.01	37.2326
	175.324	38.1137
	176.811	37.5322
	122.546	37.1377
	78.0589	37.1509
	136.302	37.6258
	211.413	38.4769
	199.745	37.9184
	184.413	38.1245
	137.745	37.0918
	157.236	37.9846
	139.037	37.9899
	175.767	37.5734
	200.165	37.4026
	173.502	37.8721
	189.214	38.4302
	183.324	38.2185
	121.705	38.1694
	147.457	37.5817
	200.856	37.7966
	159.833	37.2777
	199.369	38.374
	199.878	37.7563
	149.683	38.561
	121.82	39.239
	206.041	40.0406
	122.864	39.1996
	181.683	38.9737
	212.546	38.3302
	180.816	38.8031
	180.948	38.6447
	235.369	38.8402
	205.926	38.9931
	183.329	39.4166
	195.882	38.9172
	158.948	38.359
	174.192	38.2612
	213.395	39.7182
	229.86	39.3776
	193.395	39.4656
	198.705	39.1651
	157.351	39.0592
	182.351	39.3779
	162.373	39.097
	163.351	39.1359
	212.55	39.5249
	142.842	39.4798
	146.554	39.8652
	205.753	40.3712
	96.2222	39.622
	149.687	39.7488
	164.351	39.1487
	166.643	40.0132
	220.975	40.3036
	142.621	39.7379
	166.997	39.6023
	144.842	39.5051
	160.798	39.7585
	141.908	39.3893
	106.023	39.9788
	118.912	40.2682
	192.262	39.6081
	227.258	38.8689
	219.019	40.228
	192.13	39.7627
	134.156	40.1751
	256.749	39.8474
	183.554	40.3266
	135.621	39.6497
	156.731	39.7854
	247.886	40.7377
	95.6026	40.338
	172.775	39.9348
	194.373	39.5041
	87.6026	40.2388
	122.824	40.4192
	225.93	40.4162
	171.935	40.896
	126.107	38.9502
	212.598	40.6343
	105.603	40.4618
	196.399	40.6638
	136.267	40.0726
	249.771	39.7338
	141.001	40.4395
	200.351	39.6058
	196.488	40.5631
	97.001	39.8918
	237.063	40.4005
	138.315	41.1915
	158.421	40.1684
	139.023	40.3894
	167.758	41.0469
	262.174	40.583
	181.178	40.7308
	269.373	40.4423
	210.085	40.0395
	145.842	39.5177
	146.359	41.2389
	154.355	40.195
	197.488	40.5755
	127.426	40.9331
	235.351	40.0453
	135.935	40.4535
	234.085	40.3381
	199.063	39.9275
	170.621	40.0886
	182.532	40.3395
	195.51	40.5256
	189.355	40.628
	165.975	39.6154
	234.753	40.7287
	195.625	41.5345
	146.912	40.6144
	214.107	40.0639
	141.868	40.6032
	165.598	40.0518
	154.2	40.3726
	182.023	40.9183
	255.727	39.8605
	190.908	40.0065
	259.196	40.5208
	207.174	39.8996
	181.178	40.7308
	164.975	39.6028
	202.528	39.4242
	172.51	40.2408
	187.484	39.2855
	174.262	39.3802
	252.192	39.2673
	203.085	39.952
	191.882	38.8658
	121.152	38.8333
	199.244	40.8762
	106.758	40.297
	165.935	40.8226
	149.24	39.0877
	147.439	38.8258
	166.421	40.2679
	177.842	39.9206
	186.904	38.775
	243.059	39.3089
	218.55	39.6008
	227.55	39.7142
	183.532	40.3519
	120.377	39.7441
	195.351	39.5427
	176.174	39.5092
	166.643	40.0132
	132.107	39.0271
	255.369	39.0969
	175.572	39.0279
	190.13	39.7375
	223.838	39.3273
	224.506	39.7279
	193.262	39.6207
	109.775	39.138
	197.125	38.6401
	184.816	38.8546
	176.86	38.6988
	197.262	39.6712
	201.284	39.6958
	202.461	39.5019
	109.461	38.3066
	98.5984	39.2064
	158.638	38.7304
	218.502	38.4616
	240.789	38.402
	196.568	38.0941
	232.147	39.0642
	159.13	39.3455
	204.28	38.5453
	174.97	38.5405
	115.687	39.3188
	242.833	38.3748
	197.17	38.5871
	139.439	38.7226
	186.616	39.1163
	191.324	38.323
	169.081	38.3294
	243.696	37.3213
	151.771	38.4808
	162.236	38.0504
	249.568	38.7835
	198.612	38.0667
	140.749	38.3643
	244.387	37.7161
	143.727	38.43
	192.369	38.2827
	148.214	37.893
	140.347	37.6246
	165.59	37.6579
	176.214	38.2607
	180.369	38.1256
	151.948	38.2677
	260.564	37.7114
	199.214	38.56
	216.143	37.643
	232.763	37.091
	189.143	37.2827
	77.864	38.6213
	179.365	36.8721
	133.9	36.8441
	231.833	38.2312
	198.608	36.8247
	116.147	37.5501
	150.9	37.0741
	146.347	37.7042
	157.254	36.712
	186.121	37.2699
	253.829	37.2909
	97.5015	36.8551
	146.099	36.7571
	187.586	36.7029
	162.608	36.3326
	199.051	36.2652
	174.984	36.018
	221.232	37.6008
	162.006	35.8086
	156.342	36.5868
	201.984	36.3909
	208.719	36.8217
	188.32	37.0492
	196.896	36.4346
	148.519	36.2524
	160.475	36.4736
	117.767	36.7935
	169.387	36.7084
	163.918	35.9504
	159.701	37.4419
	150.568	37.4855
	194.117	36.1113
	130.564	35.9465
	121.32	36.1336
	209.958	35.2325
	233.515	36.1417
	128.94	35.4314
	237.405	36.338
	144.338	35.1224
	190.449	35.6281
	116.365	36.0076
	162.36	35.3488
	157.254	36.712
	94.0284	34.8168
	158.272	35.4079
	200.515	35.6823
	177.471	35.4163
	191.781	35.2092
	161.67	34.9272
	127.095	35.2005
	194.958	35.019
	138.095	35.3564
	170.692	35.0266
	135.25	35.1107
	201.449	35.7821
	131.604	34.5839
	153.405	35.1632
	184.825	35.0514
	225.936	35.4877
	176.604	35.2285
	152.737	34.7099
	134.626	34.5977
	201.777	34.0099
	127.763	35.6475
	162.382	35.3199
	167.068	34.4689
	153.891	34.5176
	155.958	34.4576
	161.688	33.5388
	154.179	34.1304
	125.427	34.7333
	175.29	34.2879
	144.467	33.5902
	165.847	34.7499
	187.622	34.0145
	146.135	34.073
	144.692	34.6535
	118.382	34.6914
	183.268	34.434
	176.754	33.6707
	176.467	34.0632
	172.98	34.674
	234.241	33.8487
	160.777	33.4017
	130.002	34.0182
	163.644	33.6295
	131.754	32.9957
	131.914	34.1675
	154.334	33.92
	124.555	33.1681
	144.422	33.651
	127.759	34.3181
	179.759	35.0675
	176.449	35.431
	192.847	35.1362
	152.732	33.3431
	132.201	33.7763
	173.312	34.2288
	189.794	32.3978
	183.706	32.4314
	194.463	32.9437
	144.909	32.9758
	142.241	32.4613
	164.153	32.9228
	205.905	32.4868
	111.418	31.7234
	128.396	32.0222
	158.374	32.5187
	241.635	31.983
	143.905	31.5181
	203.374	33.2034
	163.64	32.2169
	186.352	32.9774
	157.086	32.9097
	146.263	32.4914
	170.436	31.1499
	209.016	32.3754
	193.551	32.8041
	123.241	32.1673
	242.436	32.2849
	135.131	32.5109
	162.016	31.6412
	175.839	32.1174
	203.927	32.4245
	139.418	32.1617
	132.352	32.1482
	105.839	31.0085
	159.259	31.2358
	172.569	30.9847
	161.595	32.2493
	123.529	31.7514
	158.038	31.5456
	180.702	30.9157
	169.104	31.6226
	204.724	31.2688
	187.591	31.193
	200.883	32.4413
	231.879	31.471
	123.193	30.754
	127.64	31.6532
	119.241	32.105
	149.37	30.9104
	140.883	31.5029
	159.303	31.1703
	145.817	31.6792
	169.348	31.2649
	175.48	31.1645
	190.835	30.879
	167.702	30.7047
	139.458	30.6149
	172.569	30.9847
	158.414	30.9897
	168.812	30.5542
	216.277	30.6205
	174.525	31.0828
	168.994	31.7838
	179.79	30.7669
	199.1	30.61
	145.082	31.2735
	178.591	31.0484
	171.503	31.0674
	138.971	31.341
	252.498	30.8734
	138.281	30.8647
	201.967	30.8584
	134.171	30.9654
	167.945	30.3362
	158.436	30.9567
	178.812	30.7174
	173.436	31.198
	165.547	30.9046
	182.879	30.6826
	148.879	30.1234
	136.613	30.3308
	233.764	30.1601
	209.034	30.8725
	162.078	30.0336
	167.79	30.5712
	129.034	29.5484
	189.299	30.1425
	163.857	30.405
	210.454	30.2532
	189.321	30.1086
	194.989	30.7115
	174.321	29.8585
	224.543	30.3493
	201.967	30.8584
	145.299	29.4036
	156.078	29.9336
	216.366	30.4867
	154.255	29.6254
	212.72	29.8785
	181.255	30.0776
	162.343	29.6223
	212.565	30.117
	187.543	29.7335
	177.343	29.8744
	121.498	28.6735
	164.1	30.0329
	164.764	28.9937
	171.897	28.9027
	118.432	28.7281
	161.742	28.9772
	200.764	29.608
	133.476	28.9174
	238.587	30.5121
	163.144	29.948
	167.295	28.1702
	131.653	28.5982
	180.72	29.3381
	128.901	29.7553
	177.251	28.4191
	199.388	30.1727
	138.052	28.0544
	162.096	28.4071
	190.162	28.7894
	161.698	29.0477
	193.605	28.1235
	189.45	28.3063
	194.251	28.7167
	170.206	28.3679
	185.096	28.809
	145.764	28.6641
	159.875	28.7299
	114.764	28.1182
	158.096	28.3366
	133.963	28.1288
	155.786	28.8026
	137.45	27.3723
	101.251	27.049
	191.229	28.7
	122.764	28.2601
	138.985	28.1813
	132.406	27.3557
	181.317	28.3816
	136.675	28.6498
	146.627	27.2376
	138.649	27.0526
	178.162	28.5802
	152.251	27.9758
	137.738	26.8824
	175.649	27.728
	173.848	27.3576
	163.826	27.2118
	173.959	27.1701
	117.561	26.8146
	111.052	27.569
	200.251	28.821
	146.14	28.0512
	124.941	28.0049
	123.782	26.5438
	129.122	29.4097
	210.498	30.1856
	146.732	33.253
	129.604	34.555
	154.183	35.4668
	97.7144	33.9385
	158.507	32.3295
	105.808	27.8845
	150.406	27.6827
	122.897	28.0422
	169.693	27.5455
	127.029	27.8944
	193.184	28.8059
	99.1443	28.8598
	157.007	28.463
	151.229	27.9945
	145.472	27.4809
	106.782	26.2216
	119.357	25.4246
	152.247	26.2609
	112.782	26.3358
	134.379	25.6781
	151.578	25.6508
	188.556	26.4009
	152.136	26.4548
	169.357	26.3896
	180.49	26.3655
	140.401	25.755
	141.933	24.8042
	123.047	26.0583
	135.512	25.4578
	204.154	25.6281
	61.6491	25.5899
	166.264	24.6693
	163.689	25.6854
	191.822	25.9898
	165.733	25.6447
	114.114	25.7663
	124.534	25.2002
	124.756	24.7912
	139.756	25.0919
	140.91	24.8252
	131.335	25.6993
	130.424	25.5201
	93.0695	25.436
	141.446	25.695
	159.264	24.527
	127.733	24.8928
	153.689	25.49
	152.711	25.4302
	122.18	25.8025
	138.8	24.9903
	145.778	25.1706
	158.778	25.4276
	183.22	25.0931
	147.888	25.0067
	96.4457	24.8039
	159.154	24.7346
	140.91	24.8252
	135.933	24.6829
	134.933	24.6627
	155.11	24.7364
	94.6227	24.431
	124.844	24.6257
	174.331	24.7071
	122.999	24.2922
	160.021	25.0014
	148.087	24.636
	124.866	24.5842
	129.198	24.0356
	137.154	24.2858
	122.397	23.5012
	109.844	24.3193
	122.176	23.9323
	132.822	24.8288
	108.375	23.2455
	125.91	24.5213
	136.11	24.3493
	96.9104	23.9226
	124.955	24.4173
	98.3087	23.1622
	114.132	23.8505
	116.331	23.5041
	133.574	23.3869
	110.331	23.3761
	127.154	24.079
	109.264	23.4857
	118.663	22.886
	139.552	23.5583
	173.751	23.8871
	128.132	24.1422
	109.552	22.9128
	105.641	22.6454
	144.552	23.6642
	130.574	23.3227
	119.154	23.9123
	118.933	24.3361
	171.641	24.0586
	106.601	24.7168
	106.866	24.2153
	111.198	23.6582
	114.8	24.5054
	103.778	24.322
	97.4014	24.9062
	156.619	23.7878
	88.8661	23.8407
	154.619	23.7457
	132.729	23.0572
	168.264	24.7098
	171.928	23.4996
	120.796	22.6606
	141.331	24.03
	155.773	23.4637
	132.818	22.8792
	172.083	23.1931
	132.906	22.6997
	144.619	23.5342
	110.596	22.8452
	116.508	23.1535
	174.95	23.52
	118.331	23.5466
	107.176	23.6168
	136.375	23.8401
	94.5079	22.6734
	117.663	22.8642
	81.3972	22.6121
	168.238	22.7949
	76.4194	22.4558
	96.3308	23.0747
	153.641	23.6815
	129.238	21.9228
	144.995	22.7837
	130.663	23.1467
	149.596	23.6834
	71.5079	22.1604
	67.8883	23.3524
	124.995	22.3405
	125.464	23.4344
	81.6185	22.1554
	114.194	21.6725
	134.95	22.6537
	98.8398	22.0774
	133.15	22.1988
	145.039	22.6938
	127.973	22.4532
	100.083	21.5852
	110.862	22.3017
	130.685	23.1025
	109.884	22.2334
	96.707	22.3088
	125.973	22.4086
	104.796	22.3048
	113.906	22.2773
	128.884	22.6566
	126.862	22.6576
	132.393	21.6632
	125.663	23.0385
	110.884	22.2559
	133.884	22.7667
	124.105	22.0879
	113.84	22.4146
	126.659	20.9465
	93.9062	21.8238
	119.26	21.6463
	133.685	23.1673
	93.8841	21.8706
	118.482	21.1451
	100.282	21.1546
	129.614	21.1151
	111.995	22.0477
	124.906	22.5228
	141.415	21.8231
	68.216	20.5342
	114.083	21.9071
	93.0653	23.5367
	96.3793	24.9272
	71.0695	24.9998
	127.295	27.451
	137.136	26.1698
	42.7818	24.9715
	130.419	23.6276
	106.862	22.2119
	73.4194	22.3889
	69.9726	21.1221
	106.393	21.0545
	112.15	21.7206
	107.349	21.1751
	108.061	21.8166
	114.349	21.3397
	83.7956	21.8289
	113.172	21.6966
	127.84	22.7247
	82.4194	22.589
	101.884	22.0527
	122.906	22.4784
	114.818	22.4824
	143.482	21.7282
	131.592	21.2106
	107.305	21.2714
	67.9062	21.2198
	127.747	20.7745
	83.2824	20.7489
	121.459	21.264
	94.3709	20.8168
	121.659	20.8268
	86.3266	20.7226
	120.26	21.6694
	111.681	20.5356
	136.26	22.0355
	145.035	20.5425
	144.725	21.2279
	113.526	20.9291
	164.278	20.4574
	106.216	21.4395
	71.3488	20.3072
	134.526	21.4249
	83.1275	21.091
	84.8398	21.758
	99.3488	20.9853
	120.858	20.3557
	103.459	20.8365
	102.282	21.2018
	111.902	20.0316
	99.8841	22.0073
	155.725	21.4854
	114.592	20.806
	112.592	20.7579
	162.924	21.2184
	120.459	21.2405
	105.747	20.238
	113.703	20.5345
	69.039	20.9526
	106.725	20.3131
	119.393	21.361
	82.5258	20.1749
	111.836	20.1841
	106.946	19.8034
	100.769	20.0632
	121.703	20.7284
	121.256	19.4306
	99.7692	20.0383
	41.9062	20.598
	114.681	20.6085
	112.791	20.3098
	90.902	19.5004
	64.3709	20.0833
	117.614	20.829
	83.4373	20.4011
	110.791	20.2605
	124.592	21.045
	121.659	20.8268
	123.791	20.5788
	144.079	20.4183
	128.455	19.1349
	110.681	20.5113
	86.5258	20.2738
	123.924	20.2786
	100.415	20.8626
	70.5258	19.8752
	102.659	20.3656
	80.6807	19.7664
	133.278	19.6851
	119.99	20.0271
	111.212	19.2779
	88.6807	19.9678
	93.8356	19.7332
	92.7692	19.8629
	129.19	19.791
	130.278	19.6088
	114.035	19.7736
	124.079	19.9225
	122.256	19.4563
	96.8799	19.7056
	117.101	19.6942
	112.057	19.6711
	95.9462	19.5237
	93.4373	20.6447
	115.659	20.6823
	121.504	21.1677
	109.614	20.636
	110.99	19.8012
	114.946	20.0044
	94.9462	19.4981
	111.88	20.0826
	120.057	19.8734
	92.5037	20.4712
	122.013	20.026
	106.769	20.2122
	119.145	19.6411
	78.7471	19.5596
	74.5479	19.9244
	109.234	19.1727
	89.8135	19.6836
	117.345	19.1146
	82.902	19.2942
	105.902	19.8813
	81.0126	18.9747
	113.345	19.0097
	123.234	19.5344
	111.035	19.6976
	124.256	19.5077
	114.544	18.5463
	88.6586	20.0189
	99.3224	18.6926
	105.632	18.0773
	103.3	18.8536
	97.079	19.233
	103.415	20.9344
	88.2381	20.9668
	99.4415	22.9176
	101.127	21.5135
	86.1717	21.0652
	93.5258	20.4457
	115.477	18.7377
	70.5922	19.7203
	84.9905	19.1334
	77.5479	19.9995
	118.256	19.3533
	91.2339	18.6974
	97.1011	19.1797
	105.389	18.689
	90.1233	18.9425
	90.4109	18.2273
	53.0348	18.1658
	107.499	18.4677
	79.079	18.7592
	111.477	18.6307
	100.145	19.1513
	131.477	19.1599
	99.3224	18.6926
	89.079	19.0238
	92.2339	18.7241
	138.411	19.4996
	83.3003	18.3155
	109.389	18.7957
	86.3446	18.2858
	86.079	18.9448
	96.2782	18.7217
	82.0569	18.8932
	81.4331	17.9218
	112.499	18.6026
	107.499	18.4677
	108.968	19.8023
	84.1233	18.7834
	102.455	18.443
	91.2118	18.752
	89.5658	17.8023
	100.101	19.2578
	70.8841	21.3383
	90.1759	23.2541
	62.6933	25.5295
	142.72	28.6831
	58.3877	27.7379
	87.6933	26.0145
	80.1538	23.0825
	110.57	20.759
	101.924	19.7287
	80.4331	17.8939
	105.721	17.8496
	99.6986	17.7385
	104.699	17.8789
	128.809	18.2601
	83.4773	17.8634
	121.854	17.9538
	129.008	17.749
	94.4109	18.3367
	100.566	18.1086
	136.809	18.4778
	52.4331	17.0936
	143.92	18.3904
	102.876	17.3579
	119.699	18.2935
	113.876	17.6719
	87.6986	17.3969
	90.6765	17.5413
	92.942	16.8867
	74.1897	18.3489
	96.7207	17.5957
	99.2782	18.8017
	95.588	17.9131
	49.3667	17.185
	110.854	17.6448
	106.92	17.3553
	103.61	18.0785
	104.566	18.2187
	95.6765	17.6833
	112.053	17.1446
	83.0969	16.1508
	89.6986	17.4543
	103.676	17.9081
	94.942	16.9458
	129.831	18.2314
	87.7207	17.3381
	90.8093	17.1881
	88.8093	17.1298
	128.854	18.1477
	102.765	17.6499
	102.876	17.3579
	84.2118	18.5644
	75.588	17.3458
	99.9642	17.0328
	89.7871	17.2184
	95.765	17.4505
	108.61	18.2163
	89.6544	17.5711
	85.8093	17.042
	106.854	17.5311
	91.7429	17.3944
	91.6544	17.6279
	74.7207	16.959
	72.3667	17.8417
	102.92	17.2397
	140.053	17.9426
	81.6322	17.4008
	90.4773	18.0583
	82.5216	17.7204
	79.588	17.4607
	110.942	17.4115
	102.141	16.606
	91.8314	17.1577
	103.699	17.8509
	98.4995	18.2224
	67.6765	16.873
	115.499	18.6831
	89.6544	17.5711
	87.5216	17.8609
	84.7207	17.2513
	114.053	17.2028
	67.5216	17.292
	99.0969	16.6388
	100.699	17.7666
	65.2782	17.8747
	102.721	17.7654
	44.0126	17.9733
	89.9199	16.8584
	83.9199	16.6795
	84.765	17.1324
	92.0084	16.6741
	108.185	16.6634
	98.8093	17.4192
	59.6765	16.6343
	117.075	17.2306
	77.1412	15.8354
	81.7429	17.1045
	95.9199	17.0354
	85.6765	17.3982
	98.0748	16.6701
	92.6322	17.7141
	63.7429	16.57
	69.7871	16.6275
	80.6765	17.2539
	111.898	17.5571
	92.2297	16.0493
	104.676	17.936
	68.9642	16.0971
	96.765	17.4791
	80.6765	17.2539
	118.141	17.0809
	58.588	16.8487
	106.964	17.2371
	104.185	16.543
	96.1191	16.4865
	83.9199	16.6795
	87.8093	17.1006
	102.964	17.1207
	109.031	17.1167
	105.809	17.619
	92.1191	16.3647
	74.6322	17.1985
	86.9642	16.6468
	107.075	16.9379
	88.2297	15.9242
	98.3403	15.9172
	104.274	16.2939
	82.0527	16.2462
	62.8314	16.2906
	99.942	17.0927
	100.473	15.5913
	104.318	16.1679
	73.765	16.8083
	85.0969	16.2126
	106.008	17.0888
	68.7871	16.5974
	76.6986	17.0779
	86.0748	16.3062
	72.0305	15.9995
	72.4552	17.611
	70.1191	15.6781
	113.274	16.5677
	101.274	16.2016
	55.6765	16.5136
	97.1412	16.4547
	81.0969	16.0888
	76.7429	16.9577
	81.0084	16.341
	88.0748	16.3674
	81.1191	16.0251
	99.0305	16.8221
	85.1412	16.086
	109.296	16.3843
	81.9199	16.6195
	76.765	16.8973
	81.1854	15.8325
	104.208	16.481
	87.2961	15.6986
	87.0084	16.5235
	81.8314	16.8637
	61.6986	16.6329
	93.9199	16.9766
	102.296	16.1693
	81.1412	15.9612
	69.942	16.1914
	77.9199	16.4987
	64.2297	15.1519
	98.0527	16.7313
	83.3846	15.3058
	48.588	16.5492
	66.8978	16.225
	95.4289	15.562
	54.0527	15.3603
	104.606	15.3238
	86.0748	16.3062
	89.3182	15.6972
	96.451	15.5284
	83.2961	15.5707
	97.2297	16.2043
	95.0969	16.5181
	102.876	17.3579
	91.0748	16.4588
	41.5437	16.4611
	107.562	15.5534
	44.7207	16.0502
	83.1191	16.0874
	146.429	17.1224
	52.9863	15.5265
	87.2297	15.8928
	60.6986	16.6028
	79.9642	16.4352
	100.362	15.9158
	90.0748	16.4284
	86.0748	16.3062
	101.252	16.2645
	60.9642	15.8467
	105.407	15.9443
	115.451	16.1286
	111.495	15.8759
	66.0084	15.8754
	89.2297	15.9556
	93.0969	16.4575
	107.606	15.4214
	114.34	16.4121
	86.0305	16.4311
	85.0084	16.4629
	71.2297	15.3811
	80.9199	16.5893
	69.3403	14.9785
	81.0969	16.0888
	69.0969	15.7114
	94.451	15.4639
	89.0969	16.3355
	72.1633	15.6113
	75.3182	15.2447
	88.6944	14.5134
	88.1633	16.1156
	76.0969	15.9326
	54.0527	15.3603
	95.2297	16.1425
	67.0748	15.7128
	64.1191	15.4856
	77.0969	15.964
	57.274	14.7814
	90.4952	15.2001
	91.1854	16.1453
	107.318	16.2604
	93.4289	15.4976
	80.1854	15.8009
	69.9642	16.1281
	91.2961	15.8255
	121.562	15.9971
	69.942	16.1914
	91.1854	16.1453
	100.407	15.7868
	67.9642	16.066
	88.2076	15.9883
	63.1854	15.2535
	105.296	16.2618
	80.9863	16.4034
	75.4952	14.6984
	72.1633	15.6113
	79.0748	16.0902
	51.8756	15.8207
	61.274	14.9161
	86.2961	15.6667
	68.3182	15.0134
	104.208	16.481
	74.4952	14.6643
	70.2518	15.2819
	67.1633	15.4504
	70.5395	14.3859
	66.3182	14.9466
	104.517	15.5884
	68.0305	15.874
	83.3403	15.4388
	101.606	15.2256
	90.5174	15.1327
	75.5838	14.4175
	63.5616	14.068
	77.274	15.4431
	74.2518	15.4122
	97.2961	16.0139
	73.3846	14.9755
	72.3846	14.9421
	91.5174	15.1657
	75.5174	14.6287
	70.4067	14.8061
	79.451	14.971
	58.1191	15.2906
	66.1854	15.3515
	89.3182	15.6972
	99.4289	15.69
	65.2961	14.9815
	70.3846	14.875
	90.4067	15.4668
	80.5395	14.7293
	81.3625	15.3072
	115.495	16.0013
	93.4067	15.5635
	97.3846	15.7565
	112.562	15.7133
	106.562	15.5212
	95.5174	15.297
	93.4289	15.4976
	41.1854	14.5144
	67.3625	14.8429
	77.4067	15.0407
	77.5395	14.6271
	86.6502	14.5853
	92.5395	15.1312
	98.4952	15.461
	69.3846	14.8414
	83.8714	13.758
	98.6723	14.9226
	73.6502	14.1326
	63.3846	14.6378
	63.2518	15.0511
	88.4731	15.2016
	78.3625	15.2089
	72.4731	14.6659
	59.3625	14.5709
	119.761	15.3462
	80.5174	14.7986
	57.4731	14.1452
	83.6944	14.3402
	78.4952	14.8001
	73.5174	14.5602
	86.7387	14.3021
	104.606	15.3238
	94.6723	14.788
	112.584	15.6481
	72.4289	14.8046
	85.5395	14.8981
	80.451	15.0044
	76.3846	15.0754
	91.5174	15.1657
	85.5616	14.8293
	78.6059	14.4506
	59.2297	14.986
	93.5616	15.0966
	67.2297	15.2506
	96.6723	14.8555
	66.274	15.0828
	91.7165	14.5463
	88.7387	14.3719
	88.6944	14.5134
	88.7387	14.3719
	86.7165	14.3734
	87.5174	15.0332
	105.562	15.489
	103.517	15.5563
	89.7165	14.4774
	66.4289	14.6006
	48.451	13.8972
	51.2076	14.786
	65.2518	15.1174
	77.451	14.9041
	47.2961	14.3682
	76.4067	15.0074
	55.5616	13.7807
	81.5616	14.6938
	78.4952	14.8001
	85.2961	15.6348
	77.9863	16.3117
	85.274	15.7
	87.8756	16.9203
	75.3182	15.2447
	83.4289	15.1716
	90.5395	15.065
	63.5395	14.1405
	80.451	15.0044
	89.5395	15.0317
	104.96	14.2163
	50.4952	13.8218
	76.5838	14.4521
	66.6502	13.8827
	74.628	14.2399
	70.5838	14.243
	76.8051	13.7265
	77.4952	14.7663
	63.4067	14.5678
	85.8051	14.0505
	77.7829	13.8369
	73.5616	14.419
	41.2961	14.1579
	63.2961	14.9146
	79.9378	13.3846
	48.274	14.4738
	85.628	14.621
	74.6059	14.3115
	73.5395	14.4898
	98.96	14.0037
	92.8051	14.2974
	75.628	14.275
	85.8936	13.7564
	85.6502	14.5509
	43.2297	14.4423
	74.4952	14.6643
	74.6723	14.0956
	66.6944	13.7346
	70.5616	14.3146
	90.8272	14.1553
	74.6944	14.0228
	89.8714	13.9743
	58.6059	13.7411
	87.451	15.2359
	91.6723	14.6862
	78.7165	14.0924
	83.7387	14.1969
	61.3846	14.5694
	55.628	13.5563
	81.6502	14.4128
	70.8051	13.5062
	54.4067	14.2556
	40.5395	13.3024
	85.6059	14.6908
	71.3625	14.977
	69.5616	14.2797
	64.451	14.4614
	66.7608	13.5095
	83.8936	13.6835
	65.4731	14.4252
	92.8493	14.1537
	105.048	13.9257
	82.7608	14.0892
	70.6502	14.026
	78.6502	14.3084
	112.849	14.8434
	85.7387	14.2671
	81.6502	14.4128
	93.6723	14.7541
	76.7165	14.0212
	93.9378	13.8978
	97.6944	14.8203
	89.7829	14.264
	74.5838	14.3828
	103.115	13.6305
	76.8493	13.5767
	72.5616	14.3843
	69.5395	14.3511
	69.4952	14.4929
	69.6723	13.9171
	81.5616	14.6938
	59.5395	13.9983
	103.871	14.4666
	71.8051	13.5431
	85.6502	14.5509
	82.4952	14.9346
	49.5395	13.6365
	79.6723	14.2718
	64.1412	15.4194
	57.5395	13.9267
	84.8272	13.9417
	78.6059	14.4506
	67.4952	14.4237
	84.6059	14.6567
	87.7608	14.2655
	74.7165	13.9497
	71.6723	13.9887
	56.7829	13.0561
	57.9157	12.6172
	63.5395	14.1405
	78.8051	13.7991
	68.6502	13.9546
	95.8051	14.402
	65.7165	13.6233
	66.6944	13.7346
	52.7387	13.0595
	39.1633	14.516
	83.5616	14.7617
	66.6944	13.7346
	90.8936	13.9369
	67.6944	13.771
	80.8493	13.7232
	59.6723	13.553
	47.5838	13.4113
	88.0042	13.4541
	82.8493	13.7959
	51.6944	13.1773
	76.8272	13.6518
	103.805	14.6771
	66.451	14.5304
	83.6944	14.3402
	57.8493	12.8579
	71.8714	13.3147
	56.8493	12.819
	73.96	13.0806
	68.7165	13.733
	65.3625	14.7754
	45.4067	13.9363
	56.8493	12.819
	49.8272	12.6242
	63.7608	13.398
	76.7165	14.0212
	77.6944	14.1294
	56.5838	13.7428
	68.6944	13.8072
	50.7829	12.8242
	77.4731	14.8353
	90.8272	14.1553
	57.6502	13.5547
	72.8493	13.4286
	65.5616	14.1389
	69.7387	13.6949
	63.7165	13.5497
	58.7165	13.364
	74.1633	15.6753
	45.7207	16.0813
	52.4995	16.9132
	52.4331	17.0936
	66.0569	18.4649
	87.5437	17.8036
	119.699	18.2935
	80.8314	16.834
	56.6544	16.6055
	61.8978	16.0702
	81.5395	14.7632
	81.6723	14.3417
	82.6944	14.3052
	57.2518	14.8504
	92.9378	13.8617
	94.8051	14.3672
	71.6944	13.9155
	77.9157	13.3863
	78.8714	13.5751
	74.7387	13.8763
	64.7387	13.5111
	74.9157	13.2738
	61.0706	12.1606
	54.8936	12.5792
	56.7829	13.0561
	80.8714	13.6485
	82.7608	14.0892
	71.7387	13.7677
	107.203	13.4763
	51.6944	13.1773
	67.7387	13.6217
	55.6944	13.3282
	78.8493	13.6502
	60.8051	13.1307
	77.7608	13.9106
	68.7608	13.5833
	72.6502	14.0971
	91.96	13.7515
	62.6723	13.6633
	38.4731	13.4569
	72.8714	13.3522
	71.8493	13.3913
	78.0263	12.9988
	85.1149	12.9534
	60.9378	12.655
	78.1149	12.6803
	108.159	13.6638
	71.8714	13.3147
	71.0263	12.7267
	68.0042	12.6891
	57.9378	12.5359
	86.8936	13.7927
	59.6723	13.553
	75.9821	13.0789
	61.9157	12.7747
	83.7829	14.0521
	86.7608	14.2305
	50.8936	12.4192
	75.9378	13.2343
	64.8714	13.0492
	84.8493	13.8682
	75.0263	12.8829
	49.8714	12.4612
	72.8493	13.4286
	76.96	13.1948
	73.0263	12.805
	71.9821	12.9251
	67.5838	14.1373
	77.0927	12.7214
	84.8051	14.0149
	62.6723	13.6633
	68.7829	13.5078
	72.9821	12.9637
	75.9821	13.0789
	90.0263	13.4525
	60.8272	13.0526
	84.0485	13.1501
	81.8051	13.9074
	77.9157	13.3863
	118.292	13.5806
	72.9157	13.1982
	52.9821	12.1679
	56.8051	12.9775
	52.6723	13.2923
	70.8272	13.4302
	70.0706	12.5251
	60.8936	12.8155
	52.8714	12.581
	59.8051	13.0926
	71.8272	13.4674
	62.0927	12.1175
	64.7829	13.3589
	61.8714	12.9338
	80.6723	14.3068
	75.1149	12.5614
	51.7608	12.9424
	70.0927	12.4433
	58.628	13.6665
	88.2255	12.6715
	60.2255	11.5137
	62.0485	12.2851
	70.2698	11.7676
	88.0927	13.1467
	73.0263	12.805
	66.8493	13.2033
	80.9157	13.4979
	91.1591	13.0269
	54.96	12.333
	71.8936	13.2377
	56.8714	12.739
	81.9157	13.5349
	66.9157	12.9689
	68.9157	13.0458
	95.2698	12.7858
	65.96	12.7712
	70.9378	13.0441
	59.8493	12.9355
	56.5838	13.7428
	55.7387	13.1739
	77.0263	12.9603
	86.137	12.913
	69.9157	13.0841
	62.0263	12.3681
	57.0927	11.9094
	65.8714	13.0875
	88.628	14.7233
	97.9157	14.1136
	54.8493	12.7408
	68.7829	13.5078
	67.8936	13.0858
	66.8936	13.0475
	78.8272	13.7249
	58.6059	13.7411
	100.159	13.3679
	76.8493	13.5767
	67.1149	12.2389
	64.9821	12.6514
	70.0263	12.6874
	60.8051	13.1307
	59.96	12.5341
	61.0042	12.4102
	60.0042	12.3699
	73.0263	12.805
	85.3804	11.9688
	77.0706	12.8015
	65.0485	12.4066
	66.8272	13.2805
	80.0927	12.8388
	79.1149	12.7197
	60.8936	12.8155
	75.8493	13.5398
	51.7608	12.9424
	48.96	12.0873
	49.8272	12.6242
	79.0042	13.1154
	82.0263	13.1518
	59.9378	12.6154
	86.0927	13.0704
	81.0927	12.8777
	76.8272	13.6518
	61.8051	13.1688
	83.0263	13.1897
	64.0042	12.5305
	92.7608	14.4397
	50.6059	13.4469
	65.137	12.0725
	51.6059	13.484
	73.9821	13.0022
	60.0263	12.2869
	72.1591	12.276
	31.8493	11.8037
	70.0927	12.4433
	76.96	13.1948
	80.96	13.3455
	62.7165	13.5128
	67.9157	13.0074
	64.7608	13.4352
	70.0927	12.4433
	73.0927	12.5632
	31.6723	12.4774
	51.7387	13.0212
	75.1812	12.3149
	49.7387	12.9441
	74.0927	12.603
	71.0042	12.8068
	72.0485	12.6856
	53.8936	12.5394
	75.0042	12.962
	60.0042	12.3699
	79.96	13.308
	92.9821	13.7134
	85.0706	13.1103
	77.1149	12.6408
	54.7387	13.1359
	53.9378	12.3753
	64.8936	12.9706
	61.0042	12.4102
	61.137	11.9057
	48.96	12.0873
	59.8272	13.0143
	66.9157	12.9689
	57.8714	12.7782
	76.137	12.5198
	56.9157	12.5775
	85.0263	13.2653
	46.7387	12.8277
	74.7608	13.8024
	94.3804	12.3391
	78.96	13.2704
	64.9157	12.8916
	82.2698	12.2669
	68.9378	12.9672
	81.1149	12.798
	65.9378	12.851
	72.0263	12.7659
	50.7829	12.8242
	47.9378	12.1305
	86.8272	14.0133
	58.8714	12.8173
	86.1812	12.7537
	62.0042	12.4504
	78.137	12.5994
	52.96	12.2517
	73.3846	14.9755
	84.1633	15.9911
	90.8535	17.0687
	102.19	19.0967
	35.1054	19.9719
	39.4152	19.3455
	34.725	18.456
	49.4773	16.8849
	70.5616	14.3146
	54.6502	13.4436
	63.6944	13.625
	83.0927	12.9551
	79.0927	12.7998
	82.2034	12.5144
	40.8714	12.0947
	63.0042	12.4905
	83.2034	12.5543
	57.8493	12.8579
	59.1149	11.9076
	64.0263	12.4486
	53.9157	12.4576
	58.9157	12.6567
	49.8936	12.3789
	74.1812	12.2742
	64.2476	11.5983
	73.96	13.0806
	69.2034	11.9838
	70.0485	12.6065
	68.0927	12.3626
	79.0263	13.0372
	60.0263	12.2869
	57.1591	11.6491
	61.0263	12.3276
	53.0042	12.0836
	82.1149	12.8371
	65.1591	11.9875
	68.1149	12.2797
	33.9157	11.6272
	71.0927	12.4834
	82.0927	12.9164
	46.0927	11.4383
	66.137	12.1138
	74.0485	12.7642
	54.8714	12.6603
	75.0485	12.8033
	70.2255	11.9401
	80.0263	13.0755
	83.2034	12.5543
	76.2698	12.0198
	95.2698	12.7858
	70.2476	11.8542
	55.1149	11.7384
	76.2698	12.0198
	65.2034	11.8157
	64.0927	12.1998
	81.1591	12.6373
	80.137	12.6785
	90.2255	12.7501
	38.8272	12.1808
	54.96	12.333
	85.2476	12.4708
	78.137	12.5994
	62.2919	11.3328
	55.137	11.651
	46.9378	12.0892
	63.0706	12.2425
	73.1149	12.4816
	77.2698	12.0614
	55.1149	11.7384
	78.2476	12.1869
	75.137	12.4798
	56.0706	11.9532
	77.2476	12.1458
	85.2034	12.6337
	68.0485	12.5269
	73.0927	12.5632
	70.0485	12.6065
	81.4025	11.7136
	44.0042	11.7053
	82.8714	13.7216
	92.628	14.8585
	57.5658	16.8796
	101.88	19.832
	86.1981	23.1238
	61.9325	23.1354
	62.2908	24.4038
	16.5563	22.913
	82.2118	18.5105
	81.8756	16.742
	74.6723	14.0956
	75.1591	12.3976
	67.0485	12.487
	46.8493	12.4228
	75.9378	13.2343
	61.8272	13.0909
	74.3804	11.5001
	67.2255	11.8138
	80.0263	13.0755
	65.2255	11.7289
	50.8936	12.4192
	72.2476	11.9382
	93.3804	12.2985
	54.9821	12.2498
	82.2255	12.4325
	69.314	11.5493
	63.1812	11.8176
	39.9157	11.8824
	74.1591	12.3572
	86.4468	11.7524
	64.1812	11.8598
	60.137	11.8636
	85.3361	12.1385
	53.8936	12.5394
	70.2919	11.6804
	57.9157	12.6172
	71.2919	11.7231
	79.1812	12.4762
	77.2698	12.0614
	69.2034	11.9838
	71.3804	11.3689
	65.0706	12.3239
	55.2476	11.2036
	66.2034	11.8579
	55.1812	11.4741
	50.9821	12.0855
	76.137	12.5198
	37.9821	11.5351
	96.491	12.0012
	71.2919	11.7231
	65.0263	12.4887
	57.1149	11.8233
	79.2698	12.144
	50.137	11.4344
	54.2034	11.3407
	83.3361	12.0558
	79.0042	13.1154
	60.0263	12.2869
	51.1149	11.5668
	51.1149	11.5668
	80.3583	11.8447
	76.2698	12.0198
	73.314	11.7212
	77.2255	12.2297
	86.4689	11.6651
	61.1149	11.9912
	74.2034	12.1906
	67.3361	11.3729
	45.96	11.9626
	78.2255	12.2705
	81.3804	11.8005
	79.1812	12.4762
	80.2919	12.1009
	57.2034	11.4722
	64.314	11.3308
	45.137	11.2136
	67.1149	12.2389
	68.2255	11.8561
	55.1591	11.5629
	82.4247	11.6689
	52.3804	10.5001
	57.2034	11.4722
	69.3361	11.4605
	61.1149	11.9912
	69.2255	11.8982
	85.2698	12.3886
	69.314	11.5493
	54.4025	10.498
	47.0042	11.8327
	51.2255	11.116
	58.0485	12.1212
	42.9821	11.7498
	70.137	12.2778
	75.1591	12.3976
	76.2255	12.1888
	74.5353	10.86
	46.0263	11.7034
	78.1591	12.518
	86.4025	11.9251
	92.3583	12.3409
	84.2476	12.4307
	61.1812	11.7327
	40.2034	10.7056
	54.0042	12.1249
	71.2919	11.7231
	79.1149	12.7197
	67.314	11.4624
	81.1812	12.5561
	79.3804	11.7155
	66.314	11.4187
	64.3361	11.2402
	74.2919	11.8504
	71.4247	11.1876
	86.3361	12.1796
	62.2698	11.4226
	70.1812	12.1101
	49.2919	10.7439
	64.2476	11.5983
	93.2255	12.8673
	60.0263	12.2869
	75.3361	11.7193
	70.2034	12.0254
	65.1591	11.9875
	68.2919	11.5945
	66.314	11.4187
	50.0485	11.7866
	85.4468	11.7098
	44.0042	11.7053
	76.137	12.5198
	71.2698	11.81
	54.2255	11.2502
	91.2698	12.6284
	65.1812	11.9019
	53.1812	11.3866
	60.3361	11.0609
	56.3804	10.6889
	52.2034	11.2522
	67.137	12.155
	71.314	11.6356
	73.4025	11.367
	73.137	12.3994
	68.2698	11.6823
	93.4468	12.0465
	63.2476	11.5551
	47.0485	11.6587
	86.3361	12.1796
	61.0706	12.1606
	59.2255	11.4702
	58.2919	11.1549
	56.2919	11.0649
	79.2919	12.0595
	81.3583	11.8869
	49.314	10.6483
	53.2919	10.9285
	80.314	12.0161
	37.96	11.6234
	67.3804	11.1916
	63.1812	11.8176
	95.5353	11.7873
	61.3361	11.106
	53.3583	10.6441
	67.2255	11.8138
	68.1812	12.0273
	71.2476	11.8963
	74.2034	12.1906
	64.2919	11.4207
	69.3583	11.3709
	69.2476	11.8119
	79.2034	12.394
	99.3804	12.5401
	74.3804	11.5001
	66.2476	11.6842
	73.3361	11.6337
	79.4025	11.6279
	61.2476	11.4683
	56.0042	12.2071
	54.1591	11.5196
	76.137	12.5198
	64.2255	11.6862
	42.9378	11.9226
	81.1149	12.798
	75.1591	12.3976
	78.3361	11.8466
	50.1591	11.3446
	72.3361	11.5906
	67.4247	11.0074
	58.3804	10.7821
	49.1149	11.48
	74.0263	12.844
	64.1591	11.9457
	73.2034	12.1495
	73.2034	12.1495
	52.2476	11.0689
	79.4689	11.3611
	53.137	11.5648
	64.1149	12.1157
	71.3361	11.5474
	52.0706	11.7847
	62.4025	10.8724
	54.2919	10.9741
	72.3583	11.5021
	86.3804	12.0105
	65.3583	11.1936
	55.2698	11.112
	61.314	11.1976
	74.5796	10.6701
	38.0927	11.0831
	59.1812	11.6471
	56.314	10.9721
	71.3804	11.3689
	78.2255	12.2705
	77.2034	12.313
	73.3361	11.6337
	79.4247	11.5396
	67.2698	11.6394
	89.3583	12.2187
	64.314	11.3308
	46.0485	11.6157
	66.3583	11.2382
	60.0706	12.1194
	77.2034	12.313
	61.2919	11.2886
	82.2698	12.2669
	64.2476	11.5983
	57.1149	11.8233
	62.3361	11.1509
	65.3583	11.1936
	38.137	10.897
	66.3804	11.1469
	47.2476	10.8407
	67.314	11.4624
	82.491	11.403
	84.2698	12.3481
	68.2698	11.6823
	87.4025	11.967
	56.4247	10.4959
	77.1812	12.3958
	58.2919	11.1549
	74.3361	11.6766
	79.1591	12.5579
	75.4247	11.365
	60.4025	10.78
	65.491	10.6315
	48.3583	10.4066
	61.2476	11.4683
	73.314	11.7212
	86.2919	12.3463
	71.3804	11.3689
	75.3804	11.5435
	62.3361	11.1509
	83.2698	12.3076
	65.4025	11.0095
	51.2919	10.8366
	67.3361	11.3729
	63.3361	11.1956
	70.3361	11.504
	57.2255	11.3827
	72.2476	11.9382
	74.4468	11.2303
	64.0263	12.4486
	54.137	11.608
	83.3361	12.0558
	53.2698	11.0216
	58.2476	11.3367
	84.1812	12.675
	48.1812	11.1649
	61.3583	11.0135
	49.1812	11.2096
	53.2476	11.114
	67.3804	11.1916
	65.137	12.0725
	52.1591	11.4324
	72.491	10.9558
	55.3804	10.642
	74.314	11.7638
	87.3361	12.2206
	59.2034	11.559
	68.3583	11.3269
	72.5132	10.8621
	52.4689	10.1032
	89.4025	12.0502
	68.2255	11.8561
	64.1812	11.8598
	59.4025	10.7335
	62.2476	11.5118
	73.2698	11.8944
	57.4468	10.446
	58.2255	11.4266
	76.3361	11.7619
	67.5132	10.6294
	67.4468	10.9142
	68.3583	11.3269
	71.2476	11.8963
	66.3583	11.2382
	74.2698	11.9364
	73.3804	11.4566
	68.4689	10.8662
	63.3583	11.1039
	56.4025	10.5928
	78.4468	11.407
	58.314	11.0629
	75.4025	11.4546
	79.4247	11.5396
	84.2476	12.4307
	53.1812	11.3866
	70.4025	11.2342
	52.1591	11.4324
	75.2255	12.1477
	66.1812	11.9439
	63.3583	11.1039
	73.3361	11.6337
	57.2255	11.3827
	58.2698	11.2462
	65.314	11.3748
	63.4247	10.8242
	58.2698	11.2462
	53.314	10.8345
	83.491	11.4468
	77.1812	12.3958
	80.4468	11.4943
	78.3361	11.8466
	64.314	11.3308
	86.3361	12.1796
	86.3583	12.0954
	75.2698	11.9782
	64.1591	11.9457
	59.4468	10.5413
	58.0927	11.9513
	75.4468	11.2747
	81.491	11.3591
	62.2698	11.4226
	78.5132	11.1348
	74.4025	11.4109
	63.314	11.2866
	61.4025	10.8263
	82.4468	11.581
	53.1591	11.4761
	69.5353	10.6273
	56.2255	11.3387
	82.2034	12.5144
	75.5796	10.7168
	52.1812	11.3426
	61.2476	11.4683
	58.3361	10.9701
	61.314	11.1976
	80.4468	11.4943
	76.3804	11.5868
	62.2698	11.4226
	67.5132	10.6294
	72.314	11.6785
	86.5796	11.2183
	70.314	11.5925
	53.2255	11.2056
	74.3804	11.5001
	67.2476	11.727
	67.4025	11.0999
	65.1149	12.1569
	73.4689	11.0939
	41.137	11.0338
	80.2919	12.1009
	57.3361	10.9244
	61.2034	11.6452
	79.5132	11.1796
	81.1812	12.5561
	72.314	11.6785
	76.2919	11.9345
	70.2255	11.9401
	38.6944	12.6744
	66.0263	12.5287
	77.8272	13.6884
	90.1812	12.9095
	85.2919	12.3058
	57.0485	12.0799
	76.4025	11.4982
	38.1149	10.9904
	76.491	11.1368
	67.3804	11.1916
	62.3361	11.1509
	56.3804	10.6889
	53.2698	11.0216
	76.4689	11.2283
	64.4247	10.8703
	69.4247	11.0979
	101.491	12.2078
	77.3804	11.6298
	61.5132	10.3433
	64.4247	10.8703
	76.4468	11.319
	75.4247	11.365
	62.2476	11.5118
	51.2476	11.0237
	71.5796	10.5285
	74.2919	11.8504
	71.5353	10.721
	94.6017	11.4807
	53.1812	11.3866
	47.3804	10.2593
	79.2919	12.0595
	65.4247	10.9162
	67.3583	11.2826
	58.4468	10.4937
	86.4247	11.8391
	66.314	11.4187
	73.314	11.7212
	92.6238	11.3031
	98.5353	11.9138
	60.4247	10.6847
	64.4025	10.9639
	57.4468	10.446
	70.4247	11.1429
	64.3361	11.2402
	83.2255	12.4726
	85.4689	11.6221
	80.4025	11.6708
	70.3804	11.3249
	57.2034	11.4722
	75.4247	11.365
	62.2034	11.6881
	80.3583	11.8447
	62.5574	10.1929
	74.4025	11.4109
	58.2476	11.3367
	83.4025	11.7987
	74.3361	11.6766
	58.3583	10.8765
	75.3583	11.6318
	80.4247	11.5829
	51.4468	10.1547
	77.491	11.1816
	53.2698	11.0216
	72.5353	10.7675
	59.4689	10.4438
	72.2919	11.7657
	75.3804	11.5435
	62.137	11.9476
	75.3583	11.6318
	64.6238	9.98803
	63.2919	11.3768
	75.4468	11.2747
	78.4025	11.5848
	75.4025	11.4546
	59.2476	11.3807
	45.2919	10.5561
	75.3361	11.7193
	63.4025	10.9182
	74.314	11.7638
	70.4025	11.2342
	69.3361	11.4605
	80.3361	11.9307
	68.491	10.7717
	74.3361	11.6766
	66.2255	11.7714
	76.3583	11.6747
	83.5796	11.0838
	64.2255	11.6862
	65.4025	11.0095
	71.4468	11.0959
	58.4025	10.6868
	52.3361	10.6931
	76.491	11.1368
	59.0927	11.9931
	75.5132	10.9993
	75.4689	11.1836
	97.5796	11.6983
	72.3583	11.5021
	81.314	12.0577
	61.4468	10.6357
	64.4247	10.8703
	70.4247	11.1429
	67.5796	10.3368
	79.5353	11.0878
	63.2476	11.5551
	68.3583	11.3269
	89.5574	11.4409
	48.2919	10.6973
	90.4689	11.8353
	60.4025	10.78
	90.5796	11.3952
	71.2476	11.8963
	66.4025	11.0548
	45.0485	11.5726
	60.2919	11.2442
	64.4468	10.7758
	64.4468	10.7758
	78.4025	11.5848
	93.4025	12.2151
	76.5796	10.7634
	64.2919	11.4207
	70.314	11.5925
	71.5353	10.721
	61.2698	11.3788
	83.3583	11.9707
	59.0042	12.3294
	86.3361	12.1796
	83.0042	13.267
	75.0927	12.6426
	50.1591	11.3446
	63.2255	11.6433
	65.2255	11.7289
	61.3583	11.0135
	59.3583	10.9223
	45.2698	10.6525
	60.4468	10.5886
	81.3583	11.8869
	69.4468	11.0054
	69.3583	11.3709
	62.314	11.2422
	91.2698	12.6284
	65.2698	11.5532
	47.2034	11.0277
	66.491	10.6784
	83.4689	11.5358
	70.5132	10.7696
	62.4247	10.7779
	90.6238	11.2143
	64.4468	10.7758
	70.4689	10.9578
	77.6459	10.5222
	81.5574	11.0858
	55.314	10.9264
	71.4247	11.1876
	61.4247	10.7314
	48.4689	9.90323
	64.5574	10.2905
	62.4025	10.8724
	71.6459	10.2331
	70.5574	10.578
	94.5132	11.8315
	54.2698	11.0669
	69.4025	11.1896
	55.2476	11.2036
	70.3804	11.3249
	60.4247	10.6847
	53.2919	10.9285
	87.5132	11.5319
	83.5574	11.1756
	63.4689	10.6336
	77.314	11.8906
	76.5796	10.7634
	60.4247	10.6847
	68.4025	11.1449
	58.4025	10.6868
	73.4247	11.2767
	54.314	10.8806
	57.3804	10.7356
	85.4689	11.6221
	97.4025	12.3777
	67.2919	11.5513
	77.2698	12.0614
	56.314	10.9721
	61.0263	12.3276
	80.4468	11.4943
	52.4468	10.2039
	62.5132	10.3916
	56.5574	9.89419
	65.4025	11.0095
	61.3583	11.0135
	64.5353	10.3894
	61.3583	11.0135
	56.4689	10.2992
	81.6459	10.7106
	72.4247	11.2322
	74.491	11.0467
	81.6238	10.8056
	57.4689	10.3477
	56.314	10.9721
	80.491	11.315
	76.5132	11.0447
	88.6902	10.8456
	62.491	10.4895
	81.6017	10.8998
	66.5132	10.5823
	73.4025	11.367
	69.2919	11.6375
	59.9821	12.4522
	60.137	11.8636
	71.137	12.3185
	70.2034	12.0254
	73.2919	11.8081
	74.5132	10.9537
	55.3583	10.7377
	81.5574	11.0858
	71.5132	10.8159
	82.5796	11.0386
	80.5353	11.1328
	74.4689	11.1388
	69.4247	11.0979
	67.4247	11.0074
	52.3361	10.6931
	51.0263	11.9151
	68.3583	11.3269
	85.4689	11.6221
	69.4247	11.0979
	64.5132	10.4873
	77.4689	11.2727
	80.4025	11.6708
	61.3583	11.0135
	78.5574	10.9497
	75.3583	11.6318
	62.4025	10.8724
	52.2919	10.8826
	67.3804	11.1916
	83.4689	11.5358
	74.6459	10.3786
	59.5796	9.94234
	66.491	10.6784
	74.5353	10.86
	67.3804	11.1916
	68.4025	11.1449
	61.2919	11.2886
	68.4025	11.1449
	73.314	11.7212
	58.3804	10.7821
	76.4025	11.4982
	84.5574	11.2203
	85.4247	11.7968
	79.4689	11.3611
	68.491	10.7717
	80.491	11.315
	75.4025	11.4546
	82.5132	11.313
	55.4689	10.2506
	86.3361	12.1796
	61.4247	10.7314
	82.4689	11.4923
	80.4247	11.5829
	47.3361	10.4567
	46.2476	10.7945
	71.6238	10.3325
	69.5353	10.6273
	76.491	11.1368
	55.3804	10.642
	66.5574	10.3872
	74.5574	10.7655
	70.6681	10.0832
	84.5574	11.2203
	70.5796	10.4809
	64.4247	10.8703
	88.5574	11.3971
	65.4247	10.9162
	68.3361	11.4168
	64.4689	10.6805
	54.4025	10.498
	97.5353	11.8718
	85.4689	11.6221
	55.314	10.9264
	91.6681	11.0757
	52.2919	10.8826
	64.6238	9.98803
	77.4468	11.363
	76.6238	10.5717
	84.4247	11.7543
	108.734	11.5558
	62.4025	10.8724
	79.6017	10.8077
	82.5574	11.1308
	94.6459	11.3011
	64.4468	10.7758
	76.5132	11.0447
	110.69	11.8164
	82.5574	11.1308
	95.6017	11.5241
	75.491	11.0919
	89.4468	11.8793
	83.6017	10.9912
	78.4025	11.5848
	80.314	12.0161
	91.6017	11.3492
	86.3804	12.0105
	67.5574	10.4353
	77.5796	10.8097
	60.4468	10.5886
	69.4025	11.1896
	59.4468	10.5413
	71.5132	10.8159
	68.3361	11.4168
	71.7123	9.92883
	61.3583	11.0135
	68.5132	10.6763
	82.5353	11.2223
	75.4247	11.365
	69.4468	11.0054
	74.4247	11.3209
	81.5574	11.0858
	84.5796	11.1288
	97.6459	11.4331
	68.2476	11.7695
	51.4025	10.3541
	79.5132	11.1796
	80.4468	11.4943
	69.5132	10.7231
	75.4468	11.2747
	69.6017	10.3347
	65.491	10.6315
	58.491	10.297
	58.3583	10.8765
	91.5574	11.528
	85.6017	11.0818
	60.3583	10.968
	95.5574	11.7002
	87.4247	11.8812
	75.3583	11.6318
	93.5574	11.6144
	79.4247	11.5396
	91.5132	11.704
	81.5796	10.9932
	56.5796	9.79031
	71.5353	10.721
	85.6459	10.8957
	80.4468	11.4943
	70.314	11.5925
	91.491	11.7911
	72.4468	11.1409
	75.3361	11.7193
	101.58	11.868
	72.4025	11.3229
	82.5353	11.2223
	83.3361	12.0558
	87.4689	11.7079
	74.3583	11.5887
	83.6681	10.7085
	69.491	10.818
	87.491	11.6202
	78.4025	11.5848
	82.4025	11.7562
	82.4468	11.581
	82.4247	11.6689
	62.5574	10.1929
	87.6681	10.8936
	85.5796	11.1736
	77.6238	10.6189
	59.5574	10.0446
	86.5353	11.3991
	85.6459	10.8957
	77.6681	10.4245
	86.5796	11.2183
	95.6238	11.4351
	68.491	10.7717
	76.6017	10.668
	73.4689	11.0939
	66.4247	10.9619
	80.6459	10.6638
	71.4025	11.2787
	64.5353	10.3894
	71.6459	10.2331
	70.5132	10.7696
	86.6017	11.1268
	98.5353	11.9138
	79.3583	11.8024
	75.5796	10.7168
	78.5796	10.8559
	91.5796	11.439
	90.6238	11.2143
	91.6459	11.1676
	78.5796	10.8559
	102.734	11.2932
	82.7345	10.37
	79.5796	10.9018
	84.5796	11.1288
	79.5132	11.1796
	72.5132	10.8621
	83.6902	10.6126
	89.6459	11.0777
	85.314	12.2224
	75.4689	11.1836
	67.491	10.7252
	79.6017	10.8077
	90.6902	10.9374
	77.5574	10.9039
	84.4689	11.579
	69.6017	10.3347
	74.6017	10.5738
	60.4247	10.6847
	68.4689	10.8662
	71.3804	11.3689
	87.2476	12.5508
	83.314	12.1403
	51.8936	12.4594
	65.0263	12.4887
	60.314	11.1529
	64.491	10.5844
	102.491	12.2486
	58.491	10.297
	86.5796	11.2183
	70.491	10.8641
	78.4689	11.317
	81.5353	11.1776
	70.4247	11.1429
	84.6238	10.9435
	95.7566	10.8854
	73.6017	10.5264
	61.4468	10.6357
	74.3583	11.5887
	78.4468	11.407
	86.4689	11.6651
	65.5132	10.5349
	84.6017	11.0366
	76.491	11.1368
	81.6238	10.8056
	81.5353	11.1776
	80.5132	11.2243
	84.5574	11.2203
	87.4689	11.7079
	78.3804	11.6727
	83.5574	11.1756
	86.4247	11.8391
	96.7123	11.1167
	87.491	11.6202
	105.557	12.12
	73.7345	9.92658
	67.491	10.7252
	109.602	12.1163
	71.4468	11.0959
	84.6017	11.0366
	100.602	11.7391
	72.5353	10.7675
	87.5796	11.2628
	69.4025	11.1896
	87.6017	11.1716
	100.602	11.7391
	70.6017	10.3829
	87.5132	11.5319
	72.5132	10.8621
	106.557	12.1612
	70.5353	10.6743
	64.4247	10.8703
	83.4247	11.7117
	78.6681	10.4724
	89.6459	11.0777
	80.5574	11.0406
	76.5796	10.7634
	91.6902	10.983
	82.6238	10.8518
	83.6681	10.7085
	76.4247	11.4089
	84.6681	10.7551
	95.6238	11.4351
	100.646	11.5636
	96.6681	11.2992
	106.712	11.5578
	85.6238	10.9891
	69.5796	10.4331
	66.5132	10.5823
	93.6681	11.1656
	68.2698	11.6823
	98.5353	11.9138
	67.4689	10.8201
	72.491	10.9558
	90.6238	11.2143
	97.6017	11.6106
	78.4689	11.317
	96.6238	11.4787
	108.712	11.644
	93.5353	11.7021
	80.6459	10.6638
	65.4689	10.7273
	70.4689	10.9578
	96.6459	11.3893
	82.3804	11.8428
	73.6238	10.4288
	73.491	11.0013
	97.491	12.0428
	83.7123	10.5158
	74.5796	10.6701
	93.5132	11.7892
	96.5353	11.8296
	74.4468	11.2303
	87.6681	10.8936
	76.6238	10.5717
	81.4025	11.7136
	70.4468	11.0507
	113.734	11.7702
	89.5353	11.5299
	80.5132	11.2243
	84.5353	11.311
	74.5796	10.6701
	101.557	11.9539
	73.5132	10.908
	89.5353	11.5299
	87.491	11.6202
	75.5132	10.9993
	81.5132	11.2687
	85.491	11.5338
	68.6681	9.98355
	102.469	12.3318
	93.6017	11.437
	110.58	12.2413
	118.734	11.9807
	92.6238	11.3031
	78.4689	11.317
	82.4025	11.7562
	111.668	11.9445
	84.4468	11.667
	93.6017	11.437
	70.4689	10.9578
	88.491	11.6632
	85.5796	11.1736
	100.624	11.6516
	95.5796	11.6125
	57.3583	10.8304
	114.557	12.4858
	71.4468	11.0959
	87.5353	11.4429
	85.4689	11.6221
	71.4247	11.1876
	89.4025	12.0502
	99.6459	11.5202
	71.6017	10.431
	73.314	11.7212
	96.491	12.0012
	92.6459	11.2123
	93.5796	11.5261
	91.491	11.7911
	90.4468	11.9214
	103.557	12.0372
	72.5574	10.6722
	93.5353	11.7021
	107.58	12.1182
	98.7345	11.1147
	98.6238	11.5655
	101.624	11.6945
	98.5796	11.741
	81.491	11.3591
	80.5132	11.2243
	88.7566	10.559
	99.5796	11.7835
	83.5353	11.2668
	88.5132	11.5752
	95.2919	12.7056
	109.137	13.7748
	125.54	16.185
	113.407	16.1933
	101.477	18.3603
	87.7871	17.1603
	86.1412	16.117
	85.4731	15.1026
	77.8051	13.7629
	115.38	13.1626
	107.557	12.2023
	81.2919	12.1422
	105.447	12.5347
	86.491	11.5771
	107.58	12.1182
	84.5796	11.1288
	73.3361	11.6337
	79.4247	11.5396
	90.6459	11.1228
	108.513	12.409
	86.6902	10.753
	118.69	12.1502
	95.6681	11.2548
	117.602	12.4421
	91.5132	11.704
	76.5796	10.7634
	93.5574	11.6144
	101.58	11.868
	89.6681	10.985
	103.69	11.5164
	98.5574	11.8277
	110.624	12.0731
	95.491	11.9595
	84.5132	11.4011
	77.5574	10.9039
	86.6238	11.0345
	94.6902	11.1187
	99.5353	11.9557
	79.6017	10.8077
	96.4689	12.0861
	122.712	12.2304
	79.491	11.2707
	102.712	11.3834
	114.668	12.0694
	75.5132	10.9993
	103.469	12.3723
	88.6681	10.9394
	102.646	11.6497
	120.624	12.4804
	93.6459	11.2568
	81.5132	11.2687
	77.7345	10.1261
	92.7123	10.9353
	99.5132	12.0409
	78.7123	10.2753
	114.668	12.0694
	100.314	12.8214
	99.6017	11.6964
	107.447	12.6142
	106.513	12.3282
	101.668	11.5183
	89.5796	11.3512
	99.6017	11.6964
	103.646	11.6926
	90.7566	10.6533
	110.757	11.5539
	92.5796	11.4826
	74.6017	10.5738
	128.646	12.7168
	103.491	12.2894
	86.3361	12.1796
	84.4025	11.841
	88.5132	11.5752
	108.447	12.6538
	107.203	13.4763
	80.3804	11.7581
	92.2919	12.587
	99.3583	12.6213
	91.4689	11.8775
	79.6017	10.8077
	94.5353	11.7448
	85.6681	10.8014
	109.624	12.0317
	119.712	12.1071
	100.513	12.0824
	97.6238	11.5222
	81.5796	10.9932
	104.624	11.822
	85.491	11.5338
	92.6238	11.3031
	94.6459	11.3011
	101.535	12.0391
	113.602	12.2803
	121.624	12.5204
	108.668	11.8183
	96.5132	11.9157
	115.69	12.0261
	103.624	11.7797
	97.5132	11.9576
	98.5574	11.8277
	103.624	11.7797
	119.557	12.6844
	113.69	11.9426
	86.4689	11.6651
	92.5796	11.4826
	91.4247	12.0484
	92.5796	11.4826
	96.5132	11.9157
	100.535	11.9975
	123.801	11.9333
	109.801	11.3315
	91.7566	10.7001
	85.5574	11.2648
	109.403	12.8533
	101.58	11.868
	105.712	11.5144
	114.557	12.4858
	104.602	11.9082
	114.58	12.4036
	117.58	12.524
	97.4689	12.1274
	78.4025	11.5848
	95.6017	11.5241
	103.447	12.4547
	111.646	12.0298
	92.4468	12.0049
	92.5574	11.5713
	114.557	12.4858
	91.5353	11.6164
	102.314	12.8991
	101.624	11.6945
	110.602	12.1575
	106.58	12.0768
	86.6017	11.1268
	101.535	12.0391
	106.491	12.4108
	101.69	11.4292
	107.624	11.9483
	110.557	12.3246
	81.491	11.3591
	96.6238	11.4787
	110.602	12.1575
	99.7123	11.2509
	89.6238	11.1696
	102.734	11.2932
	79.5132	11.1796
	126.845	11.8875
	95.6238	11.4351
	103.58	11.952
	107.668	11.7759
	95.6238	11.4351
	116.535	12.6467
	97.6681	11.3433
	91.5796	11.439
	86.5574	11.3091
	94.6459	11.3011
	109.801	11.3315
	97.6459	11.4331
	75.491	11.0919
	89.6017	11.2608
	90.4689	11.8353
	99.5132	12.0409
	104.58	11.9938
	82.6238	10.8518
	92.5353	11.6593
	89.6017	11.2608
	106.358	12.8956
	77.314	11.8906
	113.38	13.0864
	114.314	13.3562
	98.2919	12.8231
	74.96	13.1188
	81.5574	11.0858
	98.5132	11.9994
	104.535	12.163
	110.668	11.9026
	76.4689	11.2283
	80.5353	11.1328
	97.4468	12.2114
	91.3804	12.2169
	55.6502	13.4807
	56.4952	14.0372
	83.5838	14.6923
	65.7829	13.3963
	67.7165	13.6965
	65.0042	12.5703
	82.314	12.0991
	64.5574	10.2905
	69.4468	11.0054
	73.6017	10.5264
	50.4468	10.1054
	91.4247	12.0484
	97.6017	11.6106
	79.6459	10.6168
	75.6238	10.5243
	92.7345	10.8414
	70.6902	9.98131
	68.6681	9.98355
	62.6902	9.57217
	63.5353	10.3412
	70.6238	10.284
	78.6902	10.3743
	69.6681	10.0335
	69.6902	9.93109
	77.6459	10.5222
	79.5796	10.9018
	76.6902	10.2775
	67.6238	10.1371
	80.5796	10.9476
	82.8008	10.0699
	62.5574	10.1929
	78.5796	10.8559
	76.6238	10.5717
	63.6902	9.62426
	82.5796	11.0386
	70.5353	10.6743
	66.5353	10.4852
	61.6017	9.94009
	73.6459	10.3303
	63.4689	10.6336
	72.5796	10.5759
	89.6902	10.8916
	70.6017	10.3829
	63.6238	9.93784
	78.7345	10.1753
	75.6238	10.5243
	57.6017	9.73681
	86.7345	10.5611
	73.6459	10.3303
	67.6902	9.82988
	87.6459	10.9871
	60.4689	10.4916
	72.5353	10.7675
	71.7566	9.72071
	72.4247	11.2322
	79.6238	10.7126
	86.6238	11.0345
	102.712	11.3834
	48.5574	9.48129
	76.7345	10.0766
	69.6017	10.3347
	69.6902	9.93109
	70.6017	10.3829
	62.5796	10.0921
	86.7566	10.4639
	62.6459	9.78345
	70.7123	9.87835
	72.7566	9.77201
	62.5796	10.0921
	63.5796	10.1415
	90.7345	10.7488
	73.5796	10.6231
	89.7787	10.5094
	86.8008	10.2666
	57.6017	9.73681
	62.6681	9.67839
	75.5132	10.9993
	74.6681	10.2797
	77.7123	10.2265
	77.6459	10.5222
	82.6902	10.5653
	74.6902	10.1797
	76.7787	9.87155
	63.4689	10.6336
	74.6681	10.2797
	72.5796	10.5759
	66.6238	10.0877
	78.7123	10.2753
	73.7345	9.92658
	91.7566	10.7001
	72.6017	10.4788
	53.5353	9.8458
	79.6459	10.6168
	89.6017	11.2608
	61.7123	9.41179
	72.6902	10.081
	54.6017	9.58152
	67.6017	10.2375
	100.734	11.2043
	64.3804	11.0568
	76.7566	9.97458
	56.6238	9.57918
	65.4025	11.0095
	67.4689	10.8201
	64.6017	10.0899
	55.5574	9.84352
	72.6681	10.1819
	63.6238	9.93784
	57.5796	9.84125
	70.7566	9.66914
	73.3804	11.4566
	66.5132	10.5823
	63.6902	9.62426
	55.5132	10.0491
	83.6902	10.6126
	68.8008	9.34894
	74.6902	10.1797
	60.6681	9.57451
	77.7566	10.0246
	90.6459	11.1228
	62.6238	9.8874
	78.7787	9.97234
	51.6902	8.97922
	63.5796	10.1415
	71.6017	10.431
	83.6238	10.8977
	84.6681	10.7551
	62.7123	9.46476
	40.4025	9.80858
	68.5132	10.6763
	76.7123	10.1775
	88.7566	10.559
	55.5132	10.0491
	63.8451	8.84948
	66.7123	9.67376
	60.6238	9.78574
	60.5574	10.0943
	50.5353	9.69225
	82.6681	10.6617
	88.7123	10.7509
	46.6681	8.81313
	65.6017	10.1393
	67.5132	10.6294
	55.4247	10.4481
	66.7566	9.46003
	67.5353	10.5328
	68.5796	10.3851
	63.6902	9.62426
	75.8451	9.50333
	77.7787	9.92207
	65.5353	10.4374
	52.3804	10.5001
	57.4468	10.446
	71.6459	10.2331
	58.7566	9.0273
	58.6459	9.57684
	69.7566	9.61729
	64.6017	10.0899
	76.6459	10.4745
	68.6238	10.1863
	64.5796	10.1907
	70.7345	9.7743
	84.6681	10.7551
	67.6459	10.0357
	62.7345	9.35612
	47.5132	9.64284
	70.6902	9.98131
	76.7787	9.87155
	61.6459	9.73221
	68.6459	10.0854
	62.7787	9.13496
	63.6681	9.72991
	67.4247	11.0074
	78.6459	10.5696
	43.5132	9.43316
	59.6238	9.73451
	45.491	9.64516
	68.6902	9.88061
	73.6017	10.5264
	60.5574	10.0943
	49.6459	9.09483
	66.6681	9.88287
	71.7345	9.82532
	69.7566	9.61729
	70.5796	10.4809
	82.6902	10.5653
	61.6902	9.51979
	67.6017	10.2375
	58.6238	9.68301
	90.7123	10.8435
	55.6902	9.19926
	56.6238	9.57918
	65.7787	9.29771
	46.6459	8.92838
	74.7566	9.87381
	66.6459	9.98579
	67.6238	10.1371
	60.6017	9.88966
	64.7123	9.56983
	81.6017	10.8998
	79.6681	10.52
	47.5353	9.53623
	75.6459	10.4267
	63.4689	10.6336
	77.6902	10.326
	59.5796	9.94234
	74.6017	10.5738
	53.6238	9.42129
	54.6238	9.47421
	63.7345	9.40941
	67.6459	10.0357
	78.823	9.76514
	46.491	9.69686
	65.6459	9.93559
	55.8008	8.6257
	60.5132	10.2949
	51.491	9.95134
	64.6017	10.0899
	52.491	10.0015
	71.6459	10.2331
	59.6017	9.83898
	72.6902	10.081
	68.7787	9.45767
	51.4689	10.0536
	58.6681	9.46949
	56.6902	9.25346
	77.7566	10.0246
	67.6238	10.1371
	54.6459	9.36568
	52.5796	9.58385
	55.6238	9.52684
	87.6681	10.8936
	78.6681	10.4724
	65.6238	10.038
	53.6681	9.2017
	58.5574	9.99475
	65.6681	9.83215
	69.6238	10.2353
	58.4689	10.3959
	70.7123	9.87835
	60.6902	9.46713
	74.6902	10.1797
	65.6459	9.93559
	79.7123	10.3238
	68.6681	9.98355
	61.7123	9.41179
	63.8008	9.07759
	52.6238	9.36807
	48.6902	8.81059
	61.6681	9.62659
	70.5574	10.578
	59.6902	9.41416
	81.6902	10.5179
	65.6017	10.1393
	62.7787	9.13496
	60.7123	9.35851
	42.491	9.48837
	73.6017	10.5264
	55.5574	9.84352
	65.6902	9.72761
	61.5574	10.1437
	43.6238	8.87472
	67.6459	10.0357
	45.5796	9.21142
	58.6459	9.57684
	66.6238	10.0877
	84.823	10.0677
	54.6681	9.25587
	60.7787	9.02483
	54.6681	9.25587
	58.6681	9.46949
	87.7566	10.5115
	51.6681	9.09237
	68.8672	9.0149
	77.6902	10.326
	58.6459	9.57684
	55.6681	9.30974
	67.7123	9.72531
	62.491	10.4895
	58.6017	9.78803
	62.5353	10.2927
	65.7787	9.29771
	46.3583	10.3101
	71.6017	10.431
	55.6459	9.41891
	61.7123	9.41179
	59.6902	9.41416
	60.7787	9.02483
	72.6459	10.2818
	55.6459	9.41891
	59.7566	9.08252
	68.6681	9.98355
	56.6902	9.25346
	66.6238	10.0877
	57.7345	9.08499
	65.7123	9.62194
	55.6681	9.30974
	75.6902	10.2287
	67.7345	9.61961
	58.7123	9.25104
	67.7123	9.72531
	43.5132	9.43316
	63.6238	9.93784
	49.6238	9.20656
	67.7123	9.72531
	58.5353	10.0965
	52.7345	8.80551
	65.5796	10.2396
	68.6017	10.2862
	64.5132	10.4873
	63.6017	10.0402
	60.7345	9.24862
	59.5796	9.94234
	64.8672	8.79025
	57.5796	9.84125
	63.7123	9.51744
	52.6017	9.47657
	60.6017	9.88966
	63.6681	9.72991
	75.7123	10.1283
	55.4468	10.3498
	72.6681	10.1819
	63.6459	9.83443
	66.6681	9.88287
	68.6238	10.1863
	93.8008	10.602
	55.6238	9.52684
	70.6238	10.284
	62.6681	9.67839
	75.7345	10.0268
	63.6017	10.0402
	35.5574	8.76898
	65.6681	9.83215
	62.5574	10.1929
	65.7123	9.62194
	49.5796	9.42604
	65.6238	10.038
	61.6459	9.73221
	81.7123	10.4203
	58.7345	9.13986
	67.7123	9.72531
	73.7123	10.029
	70.6459	10.1841
	73.7345	9.92658
	69.6017	10.3347
	54.491	10.1009
	72.7345	9.87608
	84.8451	9.9656
	48.6902	8.81059
	65.5796	10.2396
	66.6017	10.1885
	59.6681	9.52214
	57.6902	9.30733
	76.6902	10.2775
	77.7345	10.1261
	71.6238	10.3325
	68.8451	9.12761
	69.8008	9.40227
	82.8008	10.0699
	58.7787	8.91333
	63.5796	10.1415
	57.7123	9.19683
	62.6459	9.78345
	59.6902	9.41416
	68.7787	9.45767
	67.5353	10.5328
	56.6459	9.47185
	60.7345	9.24862
	73.6681	10.2309
	60.6459	9.6807
	69.6681	10.0335
	62.7566	9.2462
	65.491	10.6315
	56.7345	9.02978
	69.6238	10.2353
	72.7123	9.97906
	70.7123	9.87835
	51.7123	8.86463
	72.5796	10.5759
	83.7787	10.22
	68.6238	10.1863
	67.6902	9.82988
	71.7787	9.61496
	48.6017	9.26312
	55.6459	9.41891
	55.5796	9.73911
	56.7345	9.02978
	82.7566	10.2709
	71.7566	9.72071
	68.6459	10.0854
	96.6681	11.2992
	57.6017	9.73681
	69.6681	10.0335
	66.5132	10.5823
	75.7123	10.1283
	75.6238	10.5243
	70.6902	9.98131
	64.7123	9.56983
	61.5796	10.0424
	84.7123	10.5632
	76.6902	10.2775
	70.6459	10.1841
	55.6459	9.41891
	60.8451	8.67832
	62.6017	9.99027
	67.7345	9.61961
	80.823	9.86701
	61.5796	10.0424
	49.5132	9.746
	63.7123	9.51744
	44.6017	9.04464
	51.6459	9.20413
	62.5574	10.1929
	76.6902	10.2775
	75.7345	10.0268
	53.7345	8.86211
	60.6459	9.6807
	62.5796	10.0921
	74.6459	10.3786
	59.7787	8.96925
	69.5132	10.7231
	73.7787	9.71841
	63.8008	9.07759
	73.6902	10.1305
	69.8008	9.40227
	65.7123	9.62194
	76.6681	10.3765
	59.6902	9.41416
	77.8451	9.60798
	67.5796	10.3368
	83.6681	10.7085
	68.6902	9.88061
	72.7345	9.87608
	71.6459	10.2331
	70.6902	9.98131
	64.6017	10.0899
	61.491	10.4417
	59.6459	9.62891
	56.5796	9.79031
	73.6902	10.1305
	76.7566	9.97458
	62.7123	9.46476
	76.7566	9.97458
	55.5353	9.94684
	65.491	10.6315
	61.7566	9.19196
	72.7566	9.77201
	53.6459	9.31214
	61.6238	9.8367
	53.7123	8.97673
	58.5353	10.0965
	54.6238	9.47421
	56.6681	9.36329
	43.5353	9.32415
	50.6017	9.37046
	63.6238	9.93784
	58.8008	8.79788
	47.6902	8.75365
	32.6459	8.10654
	53.7123	8.97673
	66.7787	9.35134
	64.7345	9.4624
	38.2698	10.3188
	54.5574	9.7926
	38.7387	12.512
	58.6944	13.4402
	27.2297	13.8773
	38.5395	13.227
	41.451	13.643
	61.9157	12.7747
	56.4025	10.5928
	39.4025	9.75747
	43.7123	8.40129
	43.5796	9.10221
	37.6459	8.40928
	46.7123	8.57798
	47.823	8.02234
	57.7566	8.97175
	27.6017	8.05018
	42.6459	8.70149
	31.7566	7.38188
	42.3804	10.0126
	23.6459	7.531
	42.7566	8.09273
	35.6459	8.28951
	38.6681	8.34693
	43.5574	9.21385
	54.7566	8.80297
	47.6238	9.09729
	45.7787	8.15153
	27.6459	7.79204
	44.7345	8.33888
	36.7787	7.57941
	41.8008	7.77192
	39.6902	8.28411
	22.6902	7.18516
	47.7123	8.63607
	32.7123	7.71892
	41.6459	8.64384
	39.6238	8.64643
	30.5796	8.35764
	44.7787	8.08996
	38.7787	7.71022
	31.6902	7.7863
	42.7123	8.34157
	34.5132	8.9434
	40.7566	7.9682
	42.6238	8.8182
	20.5796	7.73629
	48.6681	8.92587
	55.7787	8.74342
	46.7566	8.3362
	41.6681	8.52474
	52.8008	8.45001
	39.6902	8.28411
	34.5353	8.82835
	29.5574	8.41991
	50.7566	8.57276
	30.7123	7.58826
	37.7123	8.03627
	22.7345	6.89471
	49.6459	9.09483
	43.7123	8.40129
	56.8672	8.32277
	29.5353	8.54047
	30.6902	7.72182
	34.8008	7.30772
	29.6017	8.17346
	53.8008	8.50898
	33.7123	7.78343
	31.6459	8.04462
	36.6459	8.34961
	31.7566	7.38188
	25.6902	7.39097
	32.6238	8.23169
	45.5353	9.43078
	44.6238	8.93088
	36.7345	7.84455
	31.8008	7.09949
	35.6459	8.28951
	27.6017	8.05018
	35.7123	7.91086
	21.6238	7.53397
	31.6681	7.91651
	43.7345	8.27871
	20.5574	7.86733
	39.491	9.32894
	51.7123	8.86463
	43.6681	8.64125
	21.6459	7.39702
	40.5574	9.04958
	54.8008	8.56754
	30.6459	7.98223
	27.6902	7.52506
	28.5796	8.23712
	36.7566	7.71312
	15.4025	8.43849
	33.7123	7.78343
	42.7566	8.09273
	23.6017	7.79778
	25.491	8.54571
	37.6681	8.28681
	39.5796	8.87976
	23.6459	7.531
	29.6681	7.78917
	44.6238	8.93088
	21.6459	7.39702
	25.5574	8.17893
	19.491	8.18714
	41.7566	8.0307
	32.5796	8.47645
	25.5796	8.05296
	31.5574	8.53785
	35.6681	8.16524
	33.491	9.00162
	25.7787	6.81524
	34.5574	8.71177
	26.6902	7.45831
	28.5574	8.36032
	24.6459	7.5971
	25.6017	7.92499
	41.8008	7.77192
	24.6681	7.46131
	26.6681	7.59416
	30.6681	7.8531
	27.5574	8.3003
	27.6017	8.05018
	29.7123	7.52208
	35.7345	7.78055
	37.7123	8.03627
	22.5353	8.12033
	29.5796	8.2976
	27.6238	7.92217
	33.5353	8.77153
	26.5574	8.23984
	30.7566	7.31384
	29.8008	6.95721
	25.5796	8.05296
	23.6459	7.531
	42.8451	7.57055
	33.7123	7.78343
	22.7345	6.89471
	23.5574	8.05574
	19.6238	7.40005
	28.6238	7.98503
	22.5574	7.99343
	32.7787	7.31078
	19.5574	7.80352
	32.5796	8.47645
	20.6017	7.60299
	38.6902	8.22353
	10.6238	6.76467
	26.7566	7.03507
	18.5796	7.60593
	46.7787	8.21264
	25.6017	7.92499
	31.7566	7.38188
	37.8008	7.51017
	31.823	6.95399
	36.6902	8.10102
	43.6681	8.64125
	49.6681	8.98172
	99.8008	10.8813
	176.69	14.3397
	441.757	21.5521
	764.624	28.28
	1241.71	35.6172
	1927.76	44.1644
	2417.6	49.546
	2550.67	50.8101
	2336.69	48.6377
	1839.73	43.1803
	1263.62	36.0383
	772.69	28.313
	421.668	21.2761
	169.646	14.2378
	90.7787	10.5569
	55.6681	9.30974
	25.5796	8.05296
	41.6459	8.64384
	26.7123	7.31995
	19.6459	7.26058
	34.5796	8.59361
	24.6238	7.7305
	23.5353	8.18167
	35.5796	8.6516
	36.8008	7.4433
	18.5574	7.73918
	30.5796	8.35764
	20.6681	7.18827
	28.8008	6.88496
	26.6459	7.72761
	24.6459	7.5971
	25.7566	6.96364
	22.6017	7.7334
	19.5132	8.06129
	15.5796	7.40609
	27.7345	7.24824
	19.6017	7.53694
	17.7345	6.52204
	26.7566	7.03507
	26.6459	7.72761
	16.5353	7.74207
	21.6681	7.25749
	25.823	6.5083
	26.7787	6.88821
	15.7123	6.52547
	20.7345	6.74811
	30.7345	7.45231
	15.5132	7.80925
	13.5353	7.54584
	18.7123	6.75142
	11.5796	7.13093
	15.7345	6.36686
	12.7566	5.95753
	27.823	6.66018
	16.5353	7.74207
	11.5574	7.27289
	26.6017	7.98783
	32.6902	7.85025
	14.5574	7.47629
	21.6681	7.25749
	22.6681	7.32606
	12.6017	7.0573
	26.7787	6.88821
	20.7345	6.74811
	20.6902	7.0446
	17.6238	7.26366
	27.6459	7.79204
	17.7566	6.36335
	25.7345	7.10894
	6.62381	6.46225
	23.6902	7.25441
	16.7787	6.11943
	19.7345	6.6736
	13.7345	6.20781
	8.5353	7.20692
	9.66807	6.3774
	6.5353	7.0668
	15.6902	6.6803
	22.5796	7.86449
	23.6902	7.25441
	21.5353	8.05852
	10.6238	6.76467
	14.5574	7.47629
	25.7566	6.96364
	6.55743	6.92062
	10.6459	6.6118
	20.6902	7.0446
	19.6459	7.26058
	8.64594	6.45879
	20.8008	6.27716
	7.57956	6.84472
	16.6681	6.90443
	18.6681	7.04778
	8.49104	7.48526
	14.6902	6.60503
	22.823	6.27359
	6.55743	6.92062
	21.7345	6.8218
	16.5574	7.60887
	13.5574	7.40911
	19.7345	6.6736
	20.6238	7.46731
	20.7787	6.43797
	15.6238	7.12465
	18.7123	6.75142
	8.66807	6.29851
	1.57956	6.39142
	17.6459	7.12151
	14.6681	6.75805
	11.7123	6.21142
	11.7345	6.04458
	7.62381	6.53917
	12.6238	6.91091
	7.73446	5.70412
	26.7787	6.88821
	18.6902	6.90119
	14.6902	6.60503
	19.7787	6.35983
	19.6902	6.97327
	5.73446	5.52603
	19.6902	6.97327
	14.5353	7.61181
	25.6681	7.52803
	18.823	5.94626
	16.6902	6.75474
	3.62381	6.22581
	17.6017	7.40307
	2.64594	5.97628
	17.7345	6.52204
	16.6459	7.05095
	14.5796	7.33827
	5.55743	6.84799
	4.55743	6.77458
	21.7787	6.51517
	14.5796	7.33827
	17.6238	7.26366
	17.7345	6.52204
	2.66807	5.80269
	18.7345	6.59825
	8.62381	6.61519
	3.57956	6.54601
	-0.376188	5.89582
	12.8008	5.60381
	-4.4647	6.24017
	3.62381	6.22581
	20.8008	6.27716
	12.7566	5.95753
	10.6459	6.6118
	18.7345	6.59825
	17.6902	6.82836
	17.6459	7.12151
	9.64594	6.53574
	21.8008	6.35631
	13.6459	6.83491
	19.7566	6.51861
	11.8008	5.51387
	11.6459	6.687
	1.66807	5.71587
	15.6459	6.97968
	-3.48683	6.47954
	10.6681	6.45532
	-1.44257	6.31624
	19.6459	7.26058
	9.6902	6.21502
	5.64594	6.22221
	18.7345	6.59825
	10.6017	6.91415
	8.66807	6.29851
	1.62381	6.06306
	8.71233	5.96504
	15.7566	6.20421
	7.6902	6.05198
	0.579555	6.3127
	23.6902	7.25441
	2.60168	6.30916
	-2.4647	6.39841
	14.6681	6.75805
	5.5353	6.99569
	-0.420445	6.23299
	7.62381	6.53917
	15.7345	6.36686
	8.71233	5.96504
	15.7787	6.03717
	7.64594	6.38091
	5.60168	6.54259
	5.55743	6.84799
	3.60168	6.38791
	10.6238	6.76467
	9.80084	5.32942
	-0.354059	5.71979
	-8.48683	6.08148
	11.6238	6.83818
	13.6681	6.68365
	7.57956	6.84472
	1.51317	6.85452
	8.62381	6.61519
	10.6017	6.91415
	-4.42044	5.90341
	4.60168	6.46571
	11.7123	6.21142
	9.66807	6.3774
	14.6681	6.75805
	3.57956	6.54601
	16.6238	7.19449
	21.4025	8.78682
	21.491	8.30838
	6.18124	9.09151
	5.24762	8.6903
	-0.796633	8.57968
	2.29188	8.27236
	10.6238	6.76467
	9.60168	6.84145
	12.6238	6.91091
	5.49104	7.28211
	-3.3098	5.06226
	-2.39832	5.89961
	11.6902	6.37389
	20.7787	6.43797
	6.77871	5.23903
	0.645941	5.80654
	9.8451	4.93084
	1.64594	5.89202
	8.64594	6.45879
	16.8451	5.59582
	-0.376188	5.89582
	3.64594	6.05937
	8.75658	5.61179
	8.88936	4.38449
	1.82297	4.28462
	13.7787	5.8692
	2.75658	5.04898
	3.66807	5.88823
	3.60168	6.38791
	2.71233	5.43891
	1.71233	5.34619
	-1.48683	6.63208
	3.6902	5.71196
	11.7345	6.04458
	8.75658	5.61179
	14.8672	5.22192
	8.82297	5.03567
	14.7566	6.12309
	2.80084	4.62631
	11.8894	4.71421
	3.73446	5.342
	8.71233	5.96504
	4.86723	4.15554
	-7.42044	5.6436
	8.75658	5.61179
	3.77871	4.94444
	6.80084	5.04011
	1.71233	5.34619
	5.6902	5.88443
	12.7345	6.12674
	7.6902	6.05198
	-1.37619	5.8104
	-1.26554	4.85149
	7.86723	4.50205
	-1.24342	4.63597
	10.6902	6.29496
	7.80084	5.13836
	9.80084	5.32942
	7.77871	5.33362
	10.7123	6.13039
	-9.42044	5.46353
	2.6902	5.62374
	1.66807	5.71587
	6.75658	5.43067
	11.7345	6.04458
	0.756584	4.84688
	6.73446	5.61578
	10.7566	5.78725
	6.75658	5.43067
	3.66807	5.88823
	-3.3098	5.06226
	2.73446	5.24757
	6.73446	5.61578
	11.7566	5.87301
	-0.398316	6.06675
	0.66807	5.62772
	15.8672	5.31681
	6.75658	5.43067
	5.73446	5.52603
	5.77871	5.14271
	5.77871	5.14271
	10.9115	4.37938
	11.8894	4.71421
	8.86723	4.61178
	4.6902	5.79883
	9.82297	5.134
	1.73446	5.1514
	7.73446	5.70412
	1.73446	5.1514
	4.73446	5.43479
	11.8451	5.12964
	6.8451	4.61663
	0.712327	5.25183
	2.6902	5.62374
	5.6902	5.88443
	7.82297	4.93538
	11.8008	5.51387
	3.73446	5.342
	11.823	5.32522
	12.7345	6.12674
	4.77871	5.04455
	14.8672	5.22192
	14.8894	5.02232
	-0.287673	5.15575
	9.8451	4.93084
	10.8451	5.03123
	8.77871	5.42655
	-2.3098	5.16008
	-1.28767	5.05784
	7.73446	5.70412
	-1.24342	4.63597
	7.73446	5.70412
	-0.265544	4.95348
	4.8451	4.39468
	21.8672	5.85393
	-2.33193	5.35455
	9.71233	6.04828
	6.82297	4.83301
	1.6902	5.53412
	8.75658	5.61179
	11.8451	5.12964
	1.73446	5.1514
	8.75658	5.61179
	1.73446	5.1514
	5.64594	6.22221
	-4.35406	5.35873
	7.6902	6.05198
	7.86723	4.50205
	-2.42044	6.07044
	8.82297	5.03567
	5.82297	4.72842
	-9.50896	6.16678
	5.66807	6.05568
	6.80084	5.04011
	13.6459	6.83491
	-2.4647	6.39841
	4.64594	6.14133
	4.62381	6.30561
	4.82297	4.62147
	2.82297	4.39977
	4.73446	5.43479
	3.71233	5.53007
	6.75658	5.43067
	6.82297	4.83301
	0.800842	4.40485
	7.8451	4.72369
	3.80084	4.73315
	3.71233	5.53007
	4.73446	5.43479
	15.8672	5.31681
	9.86723	4.71895
	9.75658	5.70019
	7.82297	4.93538
	6.8451	4.61663
	5.77871	5.14271
	10.8451	5.03123
	3.73446	5.342
	11.7345	6.04458
	1.75658	4.94896
	10.8008	5.42243
	3.75658	5.14706
	1.73446	5.1514
	6.8451	4.61663
	5.77871	5.14271
	-0.265544	4.95348
	1.75658	4.94896
	0.690198	5.44302
	5.82297	4.72842
	3.8451	4.2794
	3.6902	5.71196
	8.80084	5.23476
	0.756584	4.84688
	1.73446	5.1514
	5.88936	4.02787
	4.80084	4.83764
	12.7787	5.78338
	8.75658	5.61179
	4.82297	4.62147
	-2.26554	4.74731
	2.82297	4.39977
	6.91149	3.89602
	1.77871	4.73788
	2.82297	4.39977
	6.80084	5.04011
	-1.26554	4.85149
	19.8894	5.49761
	2.82297	4.39977
	-1.35406	5.63169
	2.77871	4.84226
	4.77871	5.04455
	7.75658	5.52198
	-1.28767	5.05784
	0.867228	3.64259
	10.823	5.23049
	5.77871	5.14271
	5.88936	4.02787
	-2.28767	4.95799
	1.75658	4.94896
	-0.265544	4.95348
	7.80084	5.13836
	4.75658	5.2433
	-0.199158	4.28984
	9.88936	4.49708
	9.86723	4.71895
	9.88936	4.49708
	-8.44257	5.73541
	6.88936	4.15015
	10.8451	5.03123
	11.9557	4.01117
	-4.26554	4.53177
	6.8451	4.61663
	-4.28767	4.75202
	-2.35406	5.5422
	0.800842	4.40485
	-3.26554	4.64079
	5.80084	4.93991
	14.8451	5.41417
	7.8451	4.72369
	0.867228	3.64259
	0.800842	4.40485
	1.80084	4.51694
	4.73446	5.43479
	-5.33193	5.06668
	10.6902	6.29496
	6.77871	5.23903
	10.8451	5.03123
	-0.287673	5.15575
	11.8672	4.92631
	-1.22129	4.40993
	4.8451	4.39468
	12.8672	5.02678
	-5.37619	5.45534
	3.82297	4.51198
	2.80084	4.62631
	4.8451	4.39468
	-3.26554	4.64079
	1.71233	5.34619
	-1.17703	3.91893
	14.8451	5.41417
	-1.19916	4.17166
	15.8451	5.50575
	6.82297	4.83301
	-1.3098	5.25609
	3.75658	5.14706
	1.73446	5.1514
	3.75658	5.14706
	10.9115	4.37938
	3.75658	5.14706
	8.8451	4.82838
	6.80084	5.04011
	-2.28767	4.95799
	-2.28767	4.95799
	-6.26554	4.30546
	6.8451	4.61663
	9.95574	3.7536
	1.73446	5.1514
	5.8451	4.50702
	10.7345	5.96129
	6.82297	4.83301
	8.86723	4.61178
	8.86723	4.61178
	7.82297	4.93538
	-7.24342	3.93602
	2.82297	4.39977
	13.9115	4.70946
	6.80084	5.04011
	2.75658	5.04898
	11.9557	4.01117
	4.8451	4.39468
	4.73446	5.43479
	5.82297	4.72842
	-0.221287	4.52189
	2.75658	5.04898
	9.80084	5.32942
	0.66807	5.62772
	3.75658	5.14706
	3.77871	4.94444
	4.80084	4.83764
	-2.26554	4.74731
	0.734456	5.05341
	4.86723	4.15554
	8.86723	4.61178
	12.7787	5.78338
	21.8451	6.02605
	18.8451	5.77176
	74.9115	9.12025
	175.911	13.5713
	363.801	19.5551
	771.734	28.223
	1198.78	34.9206
	1795.82	42.5718
	2052.91	45.4002
	2244.85	47.5322
	2017.87	45.0585
	1601.8	40.2542
	1134.85	33.9015
	692.712	26.825
	337.779	18.9327
	183.867	14.0096
	61.7787	9.08006
	40.8672	7.29853
	1.71233	5.34619
	9.82297	5.134
	10.7787	5.6078
	5.82297	4.72842
	14.9115	4.81446
	-3.26554	4.64079
	-2.19916	4.05003
	2.86723	3.90749
	3.88936	3.77144
	6.93361	3.62412
	1.77871	4.73788
	-2.17703	3.78919
	0.911485	3.02968
	5.88936	4.02787
	4.88936	3.90176
	-0.177029	4.0445
	-0.154901	3.78328
	-3.19916	3.92463
	3.82297	4.51198
	-0.221287	4.52189
	-4.13277	2.8755
	5.86723	4.27416
	4.86723	4.15554
	3.93361	3.18343
	0.845099	3.91321
	-4.22129	4.05555
	-6.28767	4.53671
	-3.1549	3.36351
	-2.22129	4.29505
	-0.177029	4.0445
	2.77871	4.84226
	-4.24342	4.30026
	-5.22129	3.93033
	0.845099	3.91321
	-3.13277	3.04442
	1.86723	3.77736
	2.8451	4.16092
	4.86723	4.15554
	6.93361	3.62412
	-3.22129	4.17702
	3.86723	4.03342
	3.86723	4.03342
	-5.19916	3.66097
	-2.17703	3.78919
	-0.0885147	2.85989
	-1.19916	4.17166
	3.8451	4.2794
	0.845099	3.91321
	-1.19916	4.17166
	0.800842	4.40485
	2.80084	4.62631
	2.82297	4.39977
	5.93361	3.48342
	-1.22129	4.40993
	-0.221287	4.52189
	6.88936	4.15015
	4.86723	4.15554
	-0.154901	3.78328
	-6.24342	4.06106
	-2.19916	4.05003
	-3.1549	3.36351
	-9.28767	4.19306
	5.8451	4.50702
	1.88936	3.49625
	1.82297	4.28462
	3.82297	4.51198
	-6.3098	4.75673
	0.867228	3.64259
	2.82297	4.39977
	-1.13277	3.35686
	-0.177029	4.0445
	1.88936	3.49625
	-5.1549	3.05176
	-2.13277	3.20445
	0.867228	3.64259
	1.86723	3.77736
	-7.17703	3.05908
	-2.24342	4.52683
	-2.17703	3.78919
	-8.28767	4.31065
	3.91149	3.48984
	-0.132772	3.50264
	2.86723	3.90749
	-0.199158	4.28984
	0.845099	3.91321
	6.86723	4.38959
	4.88936	3.90176
	-4.13277	2.8755
	-2.19916	4.05003
	-1.13277	3.35686
	1.86723	3.77736
	4.91149	3.63029
	-3.13277	3.04442
	-6.17703	3.21838
	4.91149	3.63029
	-0.177029	4.0445
	1.82297	4.28462
	-1.11064	3.03706
	-4.19916	3.79509
	-0.177029	4.0445
	-4.17703	3.51539
	2.91149	3.3435
	1.91149	3.19045
	0.822971	4.16629
	2.91149	3.3435
	-3.19916	3.92463
	4.93361	3.3368
	-2.1549	3.50902
	1.93361	2.85206
	-2.1549	3.50902
	2.88936	3.63645
	0.911485	3.02968
	-7.22129	3.66708
	-5.22129	3.93033
	-0.154901	3.78328
	-2.19916	4.05003
	-0.132772	3.50264
	0.778713	4.63114
	-1.1549	3.64873
	3.88936	3.77144
	-5.17703	3.37016
	-0.0442574	2.02225
	-6.17703	3.21838
	1.86723	3.77736
	3.91149	3.48984
	-0.243416	4.7426
	0.756584	4.84688
	0.712327	5.25183
	7.80084	5.13836
	8.66807	6.29851
	-3.53109	6.78778
	-4.48683	6.40191
	3.71233	5.53007
	-4.35406	5.35873
	-7.35406	5.07109
	0.800842	4.40485
	1.8451	4.03896
	-5.1549	3.05176
	-5.22129	3.93033
	5.91149	3.7655
	0.800842	4.40485
	-0.110643	3.19746
	-1.22129	4.40993
	-1.13277	3.35686
	-0.199158	4.28984
	4.95574	3.01488
	-1.13277	3.35686
	-2.13277	3.20445
	1.8451	4.03896
	2.8451	4.16092
	7.88936	4.26893
	0.845099	3.91321
	-2.24342	4.52683
	-1.28767	5.05784
	-1.22129	4.40993
	-0.177029	4.0445
	-5.3098	4.86071
	4.88936	3.90176
	-0.154901	3.78328
	2.88936	3.63645
	-2.17703	3.78919
	-1.13277	3.35686
	1.91149	3.19045
	-2.17703	3.78919
	3.88936	3.77144
	2.91149	3.3435
	-1.1549	3.64873
	0.845099	3.91321
	3.8451	4.2794
	-0.110643	3.19746
	1.82297	4.28462
	-3.22129	4.17702
	-5.17703	3.37016
	-4.17703	3.51539
	-1.19916	4.17166
	1.91149	3.19045
	2.91149	3.3435
	0.845099	3.91321
	2.88936	3.63645
	-4.22129	4.05555
	-1.11064	3.03706
	-0.110643	3.19746
	0.822971	4.16629
	5.82297	4.72842
	1.86723	3.77736
	2.86723	3.90749
	-3.17703	3.65486
	0.889357	3.35018
	-3.17703	3.65486
	-1.1549	3.64873
	2.86723	3.90749
	-5.19916	3.66097
	-0.199158	4.28984
	-1.1549	3.64873
	-8.26554	4.06657
	-2.11064	2.86771
	-6.17703	3.21838
	0.889357	3.35018
	4.8451	4.39468
	-8.26554	4.06657
	1.80084	4.51694
	-2.24342	4.52683
	2.80084	4.62631
	-4.3098	4.96251
	4.75658	5.2433
	0.734456	5.05341
	-4.24342	4.30026
	-2.22129	4.29505
	-1.17703	3.91893
	-4.22129	4.05555
	-0.132772	3.50264
	-2.11064	2.86771
	3.86723	4.03342
	2.8451	4.16092
	-1.17703	3.91893
	2.88936	3.63645
	-1.13277	3.35686
	-10.2877	4.07206
	-4.22129	4.05555
	7.86723	4.50205
	-1.1549	3.64873
	-0.221287	4.52189
	-0.33193	5.53816
	-4.50896	6.55966
	-1.26554	4.85149
	-1.28767	5.05784
	-6.26554	4.30546
	-0.132772	3.50264
	3.91149	3.48984
	-7.28767	4.42512
	2.95574	2.66261
	-3.1549	3.36351
	-1.11064	3.03706
	-8.28767	4.31065
	4.82297	4.62147
	-4.17703	3.51539
	-0.154901	3.78328
	-2.19916	4.05003
	1.8451	4.03896
	-1.13277	3.35686
	6.93361	3.62412
	1.95574	2.46769
	-3.17703	3.65486
	2.93361	3.02229
	-3.1549	3.36351
	-5.22129	3.93033
	-3.24342	4.415
	-2.19916	4.05003
	-3.17703	3.65486
	-1.13277	3.35686
	7.95574	3.47699
	-6.26554	4.30546
	-2.1549	3.50902
	-4.13277	2.8755
	-8.24342	3.80686
	0.867228	3.64259
	-3.08851	2.27574
	-0.132772	3.50264
	1.82297	4.28462
	3.93361	3.18343
	0.867228	3.64259
	3.91149	3.48984
	1.8451	4.03896
	-3.19916	3.92463
	-0.132772	3.50264
	-3.08851	2.27574
	-1.08851	2.67936
	-1.13277	3.35686
	2.91149	3.3435
	0.845099	3.91321
	0.911485	3.02968
	0.933614	2.671
	5.91149	3.7655
	-10.3762	4.97601
	1.97787	2.01116
	1.86723	3.77736
	3.91149	3.48984
	0.822971	4.16629
	-6.22129	3.80098
	0.867228	3.64259
	3.86723	4.03342
	-4.24342	4.30026
	0.867228	3.64259
	-0.221287	4.52189
	3.95574	2.8442
	5.91149	3.7655
	2.86723	3.90749
	4.97787	2.65419
	3.88936	3.77144
	2.82297	4.39977
	-0.0885147	2.85989
	-1.17703	3.91893
	-2.11064	2.86771
	-1.11064	3.03706
	-0.132772	3.50264
	-5.22129	3.93033
	2.88936	3.63645
	-4.17703	3.51539
	-1.1549	3.64873
	-6.13277	2.50369
	0.911485	3.02968
	-1.13277	3.35686
	4.8451	4.39468
	-10.2655	3.81274
	-1.1549	3.64873
	2.8451	4.16092
	-0.154901	3.78328
	0.889357	3.35018
	3.97787	2.45861
	-2.1549	3.50902
	-4.19916	3.79509
	1.95574	2.46769
	-0.066386	2.47674
	-4.1549	3.21142
	1.8451	4.03896
	0.867228	3.64259
	2.93361	3.02229
	2.91149	3.3435
	2.93361	3.02229
	6.91149	3.89602
	-0.154901	3.78328
	3.86723	4.03342
	6.93361	3.62412
	0.867228	3.64259
	5.97787	2.83633
	2.93361	3.02229
	0.911485	3.02968
	-2.17703	3.78919
	-1.17703	3.91893
	-1.19916	4.17166
	-2.11064	2.86771
	-2.11064	2.86771
	10.8451	5.03123
	0.867228	3.64259
	-5.1549	3.05176
	-4.22129	4.05555
	-1.13277	3.35686
	7.93361	3.75955
	2.95574	2.66261
	-4.26554	4.53177
	-2.1549	3.50902
	1.88936	3.49625
	-3.13277	3.04442
	8.93361	3.89028
	-3.17703	3.65486
	-0.154901	3.78328
	-2.11064	2.86771
	3.93361	3.18343
	3.93361	3.18343
	-3.13277	3.04442
	0.867228	3.64259
	3.82297	4.51198
	2.91149	3.3435
	1.82297	4.28462
	-2.17703	3.78919
	-2.1549	3.50902
	-0.110643	3.19746
	-0.154901	3.78328
	-5.17703	3.37016
	-2.19916	4.05003
	2.93361	3.02229
	-0.066386	2.47674
	-0.177029	4.0445
	-4.17703	3.51539
	-1.08851	2.67936
	-0.110643	3.19746
	0.889357	3.35018
	-3.1549	3.36351
	1.88936	3.49625
	3.86723	4.03342
	6.91149	3.89602
	0.889357	3.35018
	5.93361	3.48342
	-2.26554	4.74731
	4.93361	3.3368
	-1.1549	3.64873
	2.80084	4.62631
	-1.24342	4.63597
	0.645941	5.80654
	8.55743	7.06364
	12.9157	10.6861
	4.72075	14.7516
	33.7028	18.4842
	-20.3109	21.8114
	46.5342	23.602
	16.2729	25.389
	-15.1739	23.6957
	-52.6207	21.734
	-31.1381	18.8512
	-19.4342	14.4195
	-0.283464	10.936
	-5.73025	7.90422
	-3.37619	5.63566
	0.889357	3.35018
	-2.11064	2.86771
	-1.19916	4.17166
	2.93361	3.02229
	1.97787	2.01116
	2.93361	3.02229
	2.91149	3.3435
	-5.17703	3.37016
	-0.110643	3.19746
	-1.13277	3.35686
	1.91149	3.19045
	-2.11064	2.86771
	2.91149	3.3435
	2.93361	3.02229
	0.889357	3.35018
	-2.11064	2.86771
	0.955743	2.25599
	1.91149	3.19045
	2.91149	3.3435
	-2.1549	3.50902
	2.93361	3.02229
	-5.1549	3.05176
	-1.11064	3.03706
	3.88936	3.77144
	7.95574	3.47699
	2.93361	3.02229
	-2.06639	2.03328
	-2.13277	3.20445
	-3.11064	2.6877
	-1.08851	2.67936
	-2.13277	3.20445
	-2.13277	3.20445
	3.97787	2.45861
	4.93361	3.3368
	-0.066386	2.47674
	-1.08851	2.67936
	-0.110643	3.19746
	-1.13277	3.35686
	6.95574	3.33009
	1.97787	2.01116
	-2.1549	3.50902
	0.911485	3.02968
	0.955743	2.25599
	-1.11064	3.03706
	-4.19916	3.79509
	-1.06639	2.26589
	3.95574	2.8442
	-2.08851	2.48576
	2.86723	3.90749
	3.95574	2.8442
	3.93361	3.18343
	3.93361	3.18343
	-2.08851	2.48576
	0.845099	3.91321
	-1.08851	2.67936
	-5.19916	3.66097
	-3.1549	3.36351
	-7.17703	3.05908
	-4.17703	3.51539
	-3.13277	3.04442
	-2.13277	3.20445
	-1.06639	2.26589
	0.867228	3.64259
	0.845099	3.91321
	-0.066386	2.47674
	-5.13277	2.69601
	1.91149	3.19045
	-0.132772	3.50264
	-4.1549	3.21142
	-3.06639	1.77038
	4.91149	3.63029
	0.933614	2.671
	-0.0885147	2.85989
	-1.11064	3.03706
	-4.13277	2.8755
	-3.1549	3.36351
	0.933614	2.671
	8.97787	3.32336
	3.95574	2.8442
	-2.1549	3.50902
	0.933614	2.671
	-1.11064	3.03706
	-2.1549	3.50902
	-0.132772	3.50264
	-1.1549	3.64873
	0.933614	2.671
	-1.04426	1.7577
	-5.1549	3.05176
	6	2.44949
	-0.110643	3.19746
	1	1
	1.93361	2.85206
	1.95574	2.46769
	-1.11064	3.03706
	3.93361	3.18343
	5.97787	2.83633
	2.93361	3.02229
	0.911485	3.02968
	5.93361	3.48342
	-0.199158	4.28984
	5.91149	3.7655
	-2.19916	4.05003
	2.86723	3.90749
	-0.066386	2.47674
	-2.1549	3.50902
	1.88936	3.49625
	-2.17703	3.78919
	-2.08851	2.48576
	1.88936	3.49625
	2.91149	3.3435
	-2.11064	2.86771
	1.93361	2.85206
	-3.08851	2.27574
	-3.1549	3.36351
	-5.1549	3.05176
	-2.11064	2.86771
	-1.08851	2.67936
	-0.110643	3.19746
	1.93361	2.85206
	1.91149	3.19045
	-2.13277	3.20445
	4.95574	3.01488
	-2.13277	3.20445
	-2.1549	3.50902
	-2.13277	3.20445
	-3.13277	3.04442
	-4.17703	3.51539
	-1.08851	2.67936
	-3.11064	2.6877
	1.91149	3.19045
	-0.110643	3.19746
	-2.17703	3.78919
	-1.11064	3.03706
	4.86723	4.15554
	2.91149	3.3435
	-1.11064	3.03706
	-0.154901	3.78328
	4.77871	5.04455
	-3.28767	4.8561
	0.712327	5.25183
	-0.221287	4.52189
	2.77871	4.84226
	-9.35406	4.8699
	2.73446	5.24757
	3.95574	2.8442
	-3.24342	4.415
	-0.0885147	2.85989
	0.933614	2.671
	-3.13277	3.04442
	-3.1549	3.36351
	-1.13277	3.35686
	0.933614	2.671
	-2.13277	3.20445
	1.93361	2.85206
	2.95574	2.66261
	-0.066386	2.47674
	3.95574	2.8442
	-1.13277	3.35686
	-0.154901	3.78328
	-1.08851	2.67936
	2.95574	2.66261
	2.95574	2.66261
	-0.110643	3.19746
	-0.0442574	2.02225
	4.97787	2.65419
	-0.110643	3.19746
	-1.1549	3.64873
	-0.110643	3.19746
	0.933614	2.671
	-2.08851	2.48576
	-4.19916	3.79509
	2.88936	3.63645
	2.95574	2.66261
	4.95574	3.01488
	-1.13277	3.35686
	-3.11064	2.6877
	-2.22129	4.29505
	-2.06639	2.03328
	6.93361	3.62412
	1.91149	3.19045
	-1.11064	3.03706
	1.97787	2.01116
	4.97787	2.65419
	-0.0885147	2.85989
	-0.0885147	2.85989
	1.93361	2.85206
	0.911485	3.02968
	7	2.64575
	1.93361	2.85206
	1.86723	3.77736
	2.91149	3.3435
	-0.132772	3.50264
	-1.06639	2.26589
	-2.11064	2.86771
	-1.06639	2.26589
	-2.13277	3.20445
	-2.08851	2.48576
	-2.08851	2.48576
	3.93361	3.18343
	-1.1549	3.64873
	4.95574	3.01488
	-3.1549	3.36351
	-3.13277	3.04442
	-1.08851	2.67936
	-4.11064	2.49474
	0.977871	1.74492
	0.933614	2.671
	0.955743	2.25599
	3.93361	3.18343
	-0.0885147	2.85989
	6.88936	4.15015
	1.93361	2.85206
	-0.0885147	2.85989
	0.955743	2.25599
	3.95574	2.8442
	-1.11064	3.03706
	-1.06639	2.26589
	0.911485	3.02968
	-2.11064	2.86771
	-1.11064	3.03706
	-3.1549	3.36351
	-0.110643	3.19746
	-2.11064	2.86771
	-3.1549	3.36351
	-3.1549	3.36351
	3.93361	3.18343
	1.97787	2.01116
	1.93361	2.85206
	8.93361	3.89028
	-0.110643	3.19746
	3.93361	3.18343
	1.86723	3.77736
	-1.11064	3.03706
	-0.0885147	2.85989
	-1.11064	3.03706
	-2.11064	2.86771
	3.95574	2.8442
	-3.13277	3.04442
	0.911485	3.02968
	-7.17703	3.05908
	2.95574	2.66261
	3.93361	3.18343
	4.97787	2.65419
	3.93361	3.18343
	-0.0885147	2.85989
	1.93361	2.85206
	-1.08851	2.67936
	0.889357	3.35018
	-4.13277	2.8755
	-3.1549	3.36351
	3.97787	2.45861
	-0.0442574	2.02225
	0.911485	3.02968
	0.955743	2.25599
	-0.066386	2.47674
	3.93361	3.18343
	-4.13277	2.8755
	1.93361	2.85206
	-1.11064	3.03706
	1.93361	2.85206
	-5.19916	3.66097
	-6.13277	2.50369
	2.95574	2.66261
	2.86723	3.90749
	1.95574	2.46769
	-3.08851	2.27574
	2.97787	2.24605
	1.93361	2.85206
	0.889357	3.35018
	0.955743	2.25599
	0.911485	3.02968
	1.91149	3.19045
	-2.1549	3.50902
	-0.0442574	2.02225
	-2.08851	2.48576
	-4.1549	3.21142
	4.93361	3.3368
	-0.0885147	2.85989
	-2.04426	1.44551
	1.95574	2.46769
	-0.0442574	2.02225
	-1.08851	2.67936
	-3.1549	3.36351
	-2.08851	2.48576
	4.93361	3.3368
	-1.06639	2.26589
	0.911485	3.02968
	2.93361	3.02229
	-1.08851	2.67936
	0.933614	2.671
	-0.0885147	2.85989
	-6.22129	3.80098
	2.97787	2.24605
	0.933614	2.671
	0.933614	2.671
	-1.04426	1.7577
	-5.13277	2.69601
	0.955743	2.25599
	-0.0442574	2.02225
	-0.0885147	2.85989
	1.93361	2.85206
	-0.0442574	2.02225
	-3.11064	2.6877
	-0.0442574	2.02225
	-1.11064	3.03706
	3.97787	2.45861
	-2.08851	2.48576
	0.933614	2.671
	-1.04426	1.7577
	1.93361	2.85206
	2.95574	2.66261
	0.955743	2.25599
	3.95574	2.8442
	-3.11064	2.6877
	-0.066386	2.47674
	-1.13277	3.35686
	2.95574	2.66261
	-1.13277	3.35686
	-2.08851	2.48576
	-1.04426	1.7577
	1.93361	2.85206
	2.93361	3.02229
	2.95574	2.66261
	-1.04426	1.7577
	5.97787	2.83633
	0.955743	2.25599
	0.933614	2.671
	-0.066386	2.47674
	-2.11064	2.86771
	0.955743	2.25599
	3.95574	2.8442
	-2.08851	2.48576
	-0.066386	2.47674
	-0.0442574	2.02225
	-3.13277	3.04442
	-3.11064	2.6877
	-0.0885147	2.85989
	4.95574	3.01488
	-1.08851	2.67936
	-2.08851	2.48576
	-3.13277	3.04442
	-0.066386	2.47674
	-1.04426	1.7577
	-3.13277	3.04442
	-3.11064	2.6877
	-1.11064	3.03706
	0.955743	2.25599
	0.933614	2.671
	1.95574	2.46769
	-4.08851	2.04426
	0.933614	2.671
	0.911485	3.02968
	-2.13277	3.20445
	1.97787	2.01116
	-3.19916	3.92463
	5	2.23607
	-3.17703	3.65486
	-2.17703	3.78919
	-1.08851	2.67936
	-0.110643	3.19746
	-1.11064	3.03706
	-1.13277	3.35686
	2.95574	2.66261
	2.95574	2.66261
	2.93361	3.02229
	1.91149	3.19045
	3.88936	3.77144
	-0.0885147	2.85989
	-8.24342	3.80686
	3.93361	3.18343
	-0.110643	3.19746
	-1.13277	3.35686
	-2.17703	3.78919
	-4.17703	3.51539
	-2.04426	1.44551
	-2.08851	2.48576
	0.955743	2.25599
	-0.110643	3.19746
	-0.066386	2.47674
	1.86723	3.77736
	3.95574	2.8442
	-2.19916	4.05003
	0.712327	5.25183
	-5.28767	4.64561
	2.75658	5.04898
	5.86723	4.27416
	3.86723	4.03342
	-6.1549	2.88327
	-0.132772	3.50264
	-5.1549	3.05176
	4.93361	3.3368
	-0.110643	3.19746
	1.86723	3.77736
	-1.35406	5.63169
	-2.22129	4.29505
	11.7566	5.87301
	-8.59747	6.87082
	8.6902	6.13404
	-13.6417	6.80424
	-6.48683	6.24375
	-3.24342	4.415
	-3.24342	4.415
	-4.24342	4.30026
	2.91149	3.3435
	1.86723	3.77736
	3.91149	3.48984
	3.93361	3.18343
	-0.132772	3.50264
	-1.08851	2.67936
	2.95574	2.66261
	-5.1549	3.05176
	-4.1549	3.21142
	-1.06639	2.26589
	-0.066386	2.47674
	-4.1549	3.21142
	-3.08851	2.27574
	-2.11064	2.86771
	-3.11064	2.6877
	0.911485	3.02968
	3.93361	3.18343
	-2.06639	2.03328
	-0.110643	3.19746
	1.91149	3.19045
	-0.0885147	2.85989
	-0.177029	4.0445
	6.97787	3.00745
	-1.11064	3.03706
	3.93361	3.18343
	3.95574	2.8442
	-2.06639	2.03328
	-1.06639	2.26589
	-3.11064	2.6877
	-3.11064	2.6877
	0.911485	3.02968
	2.91149	3.3435
	-1.08851	2.67936
	-2.11064	2.86771
	2.97787	2.24605
	4.95574	3.01488
	2.97787	2.24605
	-2.11064	2.86771
	-2.13277	3.20445
	-0.066386	2.47674
	-1.11064	3.03706
	5.95574	3.1764
	2.97787	2.24605
	1.97787	2.01116
	0.911485	3.02968
	-0.110643	3.19746
	-2.06639	2.03328
	-0.0885147	2.85989
	1.97787	2.01116
	-2.08851	2.48576
	-0.110643	3.19746
	5.97787	2.83633
	-1.08851	2.67936
	0.933614	2.671
	-4.13277	2.8755
	3.93361	3.18343
	2	1.41421
	0.889357	3.35018
	4.97787	2.65419
	1.91149	3.19045
	-1.06639	2.26589
	-0.066386	2.47674
	0.889357	3.35018
	3.95574	2.8442
	-3.11064	2.6877
	1.97787	2.01116
	0.933614	2.671
	1.95574	2.46769
	-4.11064	2.49474
	2.95574	2.66261
	-2.08851	2.48576
	1.91149	3.19045
	-0.0221287	1.42995
	-5.19916	3.66097
	-1.04426	1.7577
	4.97787	2.65419
	-1.1549	3.64873
	1.86723	3.77736
	-0.066386	2.47674
	0.845099	3.91321
	-1.24342	4.63597
	-2.1549	3.50902
	-8.26554	4.06657
	-2.13277	3.20445
	-0.110643	3.19746
	3.95574	2.8442
	-0.177029	4.0445
	0.933614	2.671
	0.977871	1.74492
	-5.13277	2.69601
	-2.13277	3.20445
	-0.066386	2.47674
	6	2.44949
	1.97787	2.01116
	2.91149	3.3435
	2.95574	2.66261
	-3.11064	2.6877
	0.933614	2.671
	-0.066386	2.47674
	-4.11064	2.49474
	-1.11064	3.03706
	-3.06639	1.77038
	2.93361	3.02229
	-0.066386	2.47674
	-3.11064	2.6877
	2.97787	2.24605
	-1.11064	3.03706
	1.88936	3.49625
	-2.11064	2.86771
	2.91149	3.3435
	3.82297	4.51198
	1.86723	3.77736
	1.88936	3.49625
	-1.13277	3.35686
	2.91149	3.3435
	-0.110643	3.19746
	-2.11064	2.86771
	0.955743	2.25599
	-1.08851	2.67936
	0.955743	2.25599
	0.889357	3.35018
	-1.08851	2.67936
	0.933614	2.671
	-0.0885147	2.85989
	-2.13277	3.20445
	0.933614	2.671
	-0.066386	2.47674
	-1.08851	2.67936
	1.88936	3.49625
	-4.08851	2.04426
	3	1.73205
	-4.1549	3.21142
	4.91149	3.63029
	2.97787	2.24605
	-2.08851	2.48576
	-1.11064	3.03706
	-3.08851	2.27574
	-1.11064	3.03706
	1.97787	2.01116
	-2.06639	2.03328
	7	2.64575
	3.97787	2.45861
	1.95574	2.46769
	-3.08851	2.27574
	-0.0885147	2.85989
	-1.06639	2.26589
	3.95574	2.8442
	-1.13277	3.35686
	-0.066386	2.47674
	-4.08851	2.04426
	0.977871	1.74492
	-2.06639	2.03328
	3.93361	3.18343
	0.933614	2.671
	-2.06639	2.03328
	-1.11064	3.03706
	0.933614	2.671
	0.911485	3.02968
	1.91149	3.19045
	-0.0885147	2.85989
	0.933614	2.671
	-1.06639	2.26589
	1.95574	2.46769
	-1.04426	1.7577
	2.95574	2.66261
	-0.0221287	1.42995
	0.933614	2.671
	-0.0442574	2.02225
	-2.04426	1.44551
	-1.04426	1.7577
	0.977871	1.74492
	1	1
	1.95574	2.46769
	2	1.41421
	-0.0885147	2.85989
	-4.13277	2.8755
	1.97787	2.01116
	0.955743	2.25599
	-2.13277	3.20445
	-0.0221287	1.42995
	-2.04426	1.44551
	-1.06639	2.26589
	1.95574	2.46769
	-1.06639	2.26589
	-2.11064	2.86771
	-0.0885147	2.85989
	0.955743	2.25599
	0.977871	1.74492
	0.955743	2.25599
	-6.17703	3.21838
	-5.11064	2.28555
	1.91149	3.19045
	-2.11064	2.86771
	-0.066386	2.47674
	1.95574	2.46769
	-3.13277	3.04442
	2.95574	2.66261
	1.95574	2.46769
	-0.0885147	2.85989
	-0.0885147	2.85989
	6.95574	3.33009
	-2.08851	2.48576
	3.91149	3.48984
	1.8451	4.03896
	-0.221287	4.52189
	2.88936	3.63645
	-0.110643	3.19746
	5.95574	3.1764
	-1.06639	2.26589
	0.911485	3.02968
	1.97787	2.01116
	1.91149	3.19045
	-3.11064	2.6877
	0.933614	2.671
	-1.06639	2.26589
	1.93361	2.85206
	-5.1549	3.05176
	2	1.41421
	-1.06639	2.26589
	3.97787	2.45861
	-1.08851	2.67936
	2.88936	3.63645
	3.95574	2.8442
	-2.06639	2.03328
	-3.11064	2.6877
	2.97787	2.24605
	-2.08851	2.48576
	-2.13277	3.20445
	-2.11064	2.86771
	4	2
	-1.04426	1.7577
	-3.11064	2.6877
	-1.08851	2.67936
	-0.0221287	1.42995
	-1.08851	2.67936
	-1.11064	3.03706
	0.933614	2.671
	0.933614	2.671
	-2.04426	1.44551
	0.933614	2.671
	-1.06639	2.26589
	2.95574	2.66261
	-1.13277	3.35686
	1.91149	3.19045
	-1.08851	2.67936
	-3.08851	2.27574
	-1.06639	2.26589
	-4.13277	2.8755
	2.97787	2.24605
	-0.066386	2.47674
	0.933614	2.671
	2.97787	2.24605
	2.97787	2.24605
	3.97787	2.45861
	1.95574	2.46769
	-1.11064	3.03706
	-0.0442574	2.02225
	-2.06639	2.03328
	-0.0885147	2.85989
	-2.04426	1.44551
	1	1
	-1.08851	2.67936
	-0.0442574	2.02225
	-1.04426	1.7577
	0.955743	2.25599
	1.95574	2.46769
	0.933614	2.671
	-0.0221287	1.42995
	-4.13277	2.8755
	-3.06639	1.77038
	3.97787	2.45861
	-4.11064	2.49474
	-1.06639	2.26589
	0.933614	2.671
	1.93361	2.85206
	-7.1549	2.7043
	-2.06639	2.03328
	-1.06639	2.26589
	-0.0442574	2.02225
	2.95574	2.66261
	1.91149	3.19045
	0.977871	1.74492
	-2.04426	1.44551
	-2.08851	2.48576
	-0.0885147	2.85989
	-4.11064	2.49474
	-2.06639	2.03328
	3.95574	2.8442
	2	1.41421
	-0.110643	3.19746
	0.955743	2.25599
	-1.02213	1.02213
	3.95574	2.8442
	0.867228	3.64259
	-0.0885147	2.85989
	3.95574	2.8442
	2.95574	2.66261
	0.955743	2.25599
	-4.11064	2.49474
	0.933614	2.671
	-2.11064	2.86771
	3.88936	3.77144
	1.93361	2.85206
	-0.0442574	2.02225
	1.95574	2.46769
	-1.11064	3.03706
	-3.11064	2.6877
	0.933614	2.671
	-2.13277	3.20445
	0.955743	2.25599
	2.95574	2.66261
	-4.11064	2.49474
	1.97787	2.01116
	-2.06639	2.03328
	3	1.73205
	-0.132772	3.50264
	-1.02213	1.02213
	6	2.44949
	-2.13277	3.20445
	-0.0442574	2.02225
	-1.06639	2.26589
	-2.08851	2.48576
	2.95574	2.66261
	0.977871	1.74492
	0	0
	-3.11064	2.6877
	-4.11064	2.49474
	-0.066386	2.47674
	3.97787	2.45861
	-0.0221287	1.42995
	0.933614	2.671
	-2.06639	2.03328
	0.933614	2.671
	-0.0442574	2.02225
	0.977871	1.74492
	-0.066386	2.47674
	-2.06639	2.03328
	-3.08851	2.27574
	3.95574	2.8442
	-0.0221287	1.42995
	-2.08851	2.48576
	-0.066386	2.47674
	3	1.73205
	-0.0221287	1.42995
	0.911485	3.02968
	3.97787	2.45861
	-0.0442574	2.02225
	-0.066386	2.47674
	-1.06639	2.26589
	0.933614	2.671
	1.93361	2.85206
	0.955743	2.25599
	-4.08851	2.04426
	-0.066386	2.47674
	-1.11064	3.03706
	2.95574	2.66261
	-2.06639	2.03328
	0.977871	1.74492
	0.911485	3.02968
	-1.06639	2.26589
	0.977871	1.74492
	0.977871	1.74492
	0.933614	2.671
	4	2
	-2.06639	2.03328
	-2.04426	1.44551
	-1.06639	2.26589
	0.977871	1.74492
	1.97787	2.01116
	-1.08851	2.67936
	-4.11064	2.49474
	-2.08851	2.48576
	-5.1549	3.05176
	3.95574	2.8442
	-2.08851	2.48576
	4	2
	-0.066386	2.47674
	-2.06639	2.03328
	-3.11064	2.6877
	-0.0221287	1.42995
	-2.08851	2.48576
	-0.0442574	2.02225
	0.933614	2.671
	3.91149	3.48984
	0.955743	2.25599
	-0.0442574	2.02225
	-0.066386	2.47674
	1.95574	2.46769
	-1.08851	2.67936
	0.977871	1.74492
	-7.19916	3.37679
	1.95574	2.46769
	0.977871	1.74492
	-1.08851	2.67936
	0.933614	2.671
	0.977871	1.74492
	6	2.44949
	-1.04426	1.7577
	-0.0885147	2.85989
	-4.08851	2.04426
	-0.066386	2.47674
	-0.0885147	2.85989
	-1.06639	2.26589
	0.955743	2.25599
	-0.0442574	2.02225
	1.93361	2.85206
	3.95574	2.8442
	1.95574	2.46769
	-1.08851	2.67936
	-0.0885147	2.85989
	4.88936	3.90176
	3.86723	4.03342
	-8.26554	4.06657
	0.778713	4.63114
	4.82297	4.62147
	-3.3098	5.06226
	-3.35406	5.45123
	-3.1549	3.36351
	-4.1549	3.21142
	-0.0885147	2.85989
	-2.11064	2.86771
	0.933614	2.671
	-2.08851	2.48576
	-2.08851	2.48576
	-1.06639	2.26589
	0	0
	-2.08851	2.48576
	-0.0221287	1.42995
	0.955743	2.25599
	0.977871	1.74492
	-1.04426	1.7577
	4.95574	3.01488
	3	1.73205
	4	2
	2.97787	2.24605
	2.97787	2.24605
	0	0
	-1.04426	1.7577
	0.977871	1.74492
	-0.0442574	2.02225
	-0.0221287	1.42995
	-0.066386	2.47674
	-0.0221287	1.42995
	0.977871	1.74492
	-3.08851	2.27574
	3	1.73205
	3.97787	2.45861
	-2.06639	2.03328
	0.889357	3.35018
	-5.13277	2.69601
	-1.02213	1.02213
	1.95574	2.46769
	1.97787	2.01116
	-3.11064	2.6877
	-1.04426	1.7577
	1.91149	3.19045
	2.97787	2.24605
	0.977871	1.74492
	6	2.44949
	2	1.41421
	0.889357	3.35018
	1.97787	2.01116
	0.933614	2.671
	-3.06639	1.77038
	0.977871	1.74492
	-1.08851	2.67936
	4	2
	-1.06639	2.26589
	1.97787	2.01116
	0.977871	1.74492
	-0.0885147	2.85989
	2.97787	2.24605
	-0.066386	2.47674
	-4.11064	2.49474
	-1.06639	2.26589
	-0.066386	2.47674
	0.933614	2.671
	2.95574	2.66261
	-2.06639	2.03328
	-0.0221287	1.42995
	0.955743	2.25599
	-1.02213	1.02213
	-3.11064	2.6877
	0.889357	3.35018
	1.95574	2.46769
	-1.08851	2.67936
	-2.06639	2.03328
	-2.08851	2.48576
	-4.08851	2.04426
	-1.06639	2.26589
	0	0
	-2.04426	1.44551
	-3.08851	2.27574
	3.97787	2.45861
	-0.0442574	2.02225
	-1.04426	1.7577
	4.97787	2.65419
	6	2.44949
	-2.11064	2.86771
	-1.1549	3.64873
	0.955743	2.25599
	-0.066386	2.47674
	1.97787	2.01116
	1.95574	2.46769
	-3.08851	2.27574
	-4.11064	2.49474
	2.91149	3.3435
	2.95574	2.66261
	-1.06639	2.26589
	0.933614	2.671
	-3.11064	2.6877
	0.955743	2.25599
	2.95574	2.66261
	1.93361	2.85206
	-2.08851	2.48576
	6.95574	3.33009
	12.8894	4.8191
	4.75658	5.2433
	2.5353	6.77788
	5.35827	8.0807
	-4.10643	9.96179
	-8.19495	10.1694
	-7.08431	9.70529
	-15.1286	9.50169
	-8.84089	8.34868
	-7.48683	6.16315
	0.778713	4.63114
	-5.26554	4.42006
	0.822971	4.16629
	-3.13277	3.04442
	1.91149	3.19045
	-2.04426	1.44551
	-0.066386	2.47674
	-1.04426	1.7577
	-2.08851	2.48576
	-2.04426	1.44551
	2.95574	2.66261
	1.97787	2.01116
	1.97787	2.01116
	0.933614	2.671
	-2.06639	2.03328
	-3.08851	2.27574
	1.97787	2.01116
	-2.11064	2.86771
	-1.04426	1.7577
	-1.02213	1.02213
	-0.0442574	2.02225
	-1.04426	1.7577
	0.977871	1.74492
	1.95574	2.46769
	-0.0221287	1.42995
	-2.06639	2.03328
	-3.11064	2.6877
	-0.0442574	2.02225
	0.933614	2.671
	-0.0885147	2.85989
	2.97787	2.24605
	-0.0885147	2.85989
	1.97787	2.01116
	-0.0442574	2.02225
	-0.0442574	2.02225
	-2.06639	2.03328
	-1.04426	1.7577
	1.95574	2.46769
	0	0
	2	1.41421
	0.955743	2.25599
	0.977871	1.74492
	-1.06639	2.26589
	-1.04426	1.7577
	-1.04426	1.7577
	0.955743	2.25599
	3.97787	2.45861
	-0.0442574	2.02225
	-1.08851	2.67936
	-1.06639	2.26589
	-1.08851	2.67936
	2	1.41421
	-0.0885147	2.85989
	1.97787	2.01116
	-3.11064	2.6877
	-4.08851	2.04426
	5.97787	2.83633
	1.95574	2.46769
	4.97787	2.65419
	1.95574	2.46769
	-1.06639	2.26589
	-3.08851	2.27574
	3.97787	2.45861
	1.93361	2.85206
	0.955743	2.25599
	-1.06639	2.26589
	-1.13277	3.35686
	-4.11064	2.49474
	3.91149	3.48984
	-0.0442574	2.02225
	0.911485	3.02968
	0.977871	1.74492
	-0.066386	2.47674
	-1.04426	1.7577
	-1.04426	1.7577
	0.955743	2.25599
	-0.066386	2.47674
	-2.06639	2.03328
	0.955743	2.25599
	-5.11064	2.28555
	0.933614	2.671
	0.977871	1.74492
	-0.0221287	1.42995
	1.97787	2.01116
	5.97787	2.83633
	-2.08851	2.48576
	5	2.23607
	-2.04426	1.44551
	-1.04426	1.7577
	0.977871	1.74492
	0.977871	1.74492
	-1.02213	1.02213
	0.955743	2.25599
	-1.04426	1.7577
	3	1.73205
	-2.06639	2.03328
	-0.0442574	2.02225
	3.95574	2.8442
	-0.0885147	2.85989
	2.97787	2.24605
	0.977871	1.74492
	0.933614	2.671
	-2.06639	2.03328
	0.955743	2.25599
	-1.02213	1.02213
	1	1
	5	2.23607
	-2.08851	2.48576
	0.933614	2.671
	1.97787	2.01116
	-1.08851	2.67936
	0.955743	2.25599
	-1.04426	1.7577
	1.97787	2.01116
	1.91149	3.19045
	-2.04426	1.44551
	-1.06639	2.26589
	-2.13277	3.20445
	-0.0221287	1.42995
	-2.06639	2.03328
	-0.0442574	2.02225
	-1.02213	1.02213
	1.97787	2.01116
	0.955743	2.25599
	4	2
	-0.0221287	1.42995
	1.88936	3.49625
	0.977871	1.74492
	-3.08851	2.27574
	-1.06639	2.26589
	-1.04426	1.7577
	3	1.73205
	4.93361	3.3368
	-0.0221287	1.42995
	0.977871	1.74492
	-0.0221287	1.42995
	-1.08851	2.67936
	-3.08851	2.27574
	-2.08851	2.48576
	0.955743	2.25599
	-2.08851	2.48576
	-1.04426	1.7577
	3.93361	3.18343
	2.95574	2.66261
	-0.0442574	2.02225
	3	1.73205
	-2.11064	2.86771
	-3.06639	1.77038
	-0.066386	2.47674
	-2.06639	2.03328
	-0.066386	2.47674
	0.933614	2.671
	-2.11064	2.86771
	4	2
	-1.11064	3.03706
	1.97787	2.01116
	2	1.41421
	0.977871	1.74492
	1.97787	2.01116
	-0.0442574	2.02225
	2	1.41421
	1.95574	2.46769
	1.93361	2.85206
	-0.0221287	1.42995
	-2.06639	2.03328
	1.91149	3.19045
	0.955743	2.25599
	1	1
	0.955743	2.25599
	-0.0442574	2.02225
	0.977871	1.74492
	-4.11064	2.49474
	-0.0442574	2.02225
	-4.08851	2.04426
	0.955743	2.25599
	2.97787	2.24605
	1.97787	2.01116
	-4.08851	2.04426
	5.95574	3.1764
	0.955743	2.25599
	-2.08851	2.48576
	-3.11064	2.6877
	3.97787	2.45861
	-0.0442574	2.02225
	0.911485	3.02968
	0.977871	1.74492
	-3.06639	1.77038
	-3.06639	1.77038
	-1.04426	1.7577
	-0.0885147	2.85989
	-2.08851	2.48576
	-3.1549	3.36351
	1.93361	2.85206
	-3.08851	2.27574
	-1.06639	2.26589
	1.95574	2.46769
	3.97787	2.45861
	-1.02213	1.02213
	-2.06639	2.03328
	-0.0221287	1.42995
	0.955743	2.25599
	1.95574	2.46769
	0.977871	1.74492
	-5.1549	3.05176
	1.95574	2.46769
	2	1.41421
	-3.11064	2.6877
	-1.06639	2.26589
	2.95574	2.66261
	0	0
	-0.0442574	2.02225
	3.97787	2.45861
	1.95574	2.46769
	-2.08851	2.48576
	-0.0442574	2.02225
	-1.11064	3.03706
	-0.0442574	2.02225
	-5.11064	2.28555
	-0.0221287	1.42995
	2.97787	2.24605
	-4.11064	2.49474
	-0.066386	2.47674
	-1.02213	1.02213
	-3.17703	3.65486
	-3.11064	2.6877
	-0.0885147	2.85989
	0.933614	2.671
	0.933614	2.671
	0.955743	2.25599
	0.955743	2.25599
	1.97787	2.01116
	-1.08851	2.67936
	-0.066386	2.47674
	-2.06639	2.03328
	4.95574	3.01488
	0.933614	2.671
	-1.06639	2.26589
	-2.06639	2.03328
	-2.06639	2.03328
	1.97787	2.01116
	2.93361	3.02229
	-3.13277	3.04442
	0.977871	1.74492
	-4.13277	2.8755
	4.95574	3.01488
	2.95574	2.66261
	-0.110643	3.19746
	4.93361	3.3368
	-6.3098	4.75673
	1.86723	3.77736
	-4.24342	4.30026
	-1.17703	3.91893
	-4.26554	4.53177
	1.95574	2.46769
	-0.066386	2.47674
	5.97787	2.83633
	3	1.73205
	-2.08851	2.48576
	0	0
	2.97787	2.24605
	0.977871	1.74492
	4	2
	4	2
	-0.0221287	1.42995
	2.97787	2.24605
	1.97787	2.01116
	1.97787	2.01116
	-3.06639	1.77038
	-0.0442574	2.02225
	-3.08851	2.27574
	1.95574	2.46769
	-2.06639	2.03328
	-1.04426	1.7577
	0.955743	2.25599
	-4.1549	3.21142
	0.933614	2.671
	1.95574	2.46769
	-6.13277	2.50369
	0.955743	2.25599
	1.91149	3.19045
	3.91149	3.48984
	-1.04426	1.7577
	-1.04426	1.7577
	0.977871	1.74492
	-0.0221287	1.42995
	1.93361	2.85206
	-2.11064	2.86771
	-0.066386	2.47674
	-1.08851	2.67936
	0.911485	3.02968
	1	1
	-1.04426	1.7577
	0.955743	2.25599
	1.95574	2.46769
	-3.06639	1.77038
	-3.08851	2.27574
	2.95574	2.66261
	0.955743	2.25599
	2.97787	2.24605
	-4.1549	3.21142
	-1.02213	1.02213
	0.955743	2.25599
	0.977871	1.74492
	-1.04426	1.7577
	1	1
	-1.04426	1.7577
	-4.11064	2.49474
	-0.0442574	2.02225
	-3.1549	3.36351
	0.955743	2.25599
	0.977871	1.74492
	1.97787	2.01116
	-4.11064	2.49474
	-0.066386	2.47674
	-0.0442574	2.02225
	2	1.41421
	0.955743	2.25599
	4	2
	-0.0442574	2.02225
	4.93361	3.3368
	3.93361	3.18343
	-0.0885147	2.85989
	-3.11064	2.6877
	0.933614	2.671
	0.955743	2.25599
	1.91149	3.19045
	-1.04426	1.7577
	-3.08851	2.27574
	0.955743	2.25599
	0.933614	2.671
	1.93361	2.85206
	-3.06639	1.77038
	-4.13277	2.8755
	-1.04426	1.7577
	1.97787	2.01116
	-2.08851	2.48576
	1.97787	2.01116
	2.97787	2.24605
	-1.04426	1.7577
	-1.06639	2.26589
	2.93361	3.02229
	3	1.73205
	1.97787	2.01116
	0.977871	1.74492
	0.955743	2.25599
	-0.066386	2.47674
	-1.04426	1.7577
	3	1.73205
	-0.0221287	1.42995
	2	1.41421
	-1.04426	1.7577
	-1.04426	1.7577
	3	1.73205
	1.91149	3.19045
	-2.04426	1.44551
	5	2.23607
	-0.066386	2.47674
	1.88936	3.49625
	-3.08851	2.27574
	1.97787	2.01116
	-0.0442574	2.02225
	-0.066386	2.47674
	0.955743	2.25599
	1.97787	2.01116
	-1.04426	1.7577
	-1.08851	2.67936
	-0.0885147	2.85989
	-3.08851	2.27574
	5.91149	3.7655
	-1.08851	2.67936
	0.955743	2.25599
	-0.0221287	1.42995
	6	2.44949
	-0.0221287	1.42995
	1.91149	3.19045
	-0.0442574	2.02225
	-3.06639	1.77038
	-0.066386	2.47674
	-2.11064	2.86771
	-0.0885147	2.85989
	0.955743	2.25599
	1.91149	3.19045
	-1.04426	1.7577
	-4.11064	2.49474
	0.977871	1.74492
	-4.08851	2.04426
	3.95574	2.8442
	2.95574	2.66261
	-1.08851	2.67936
	-0.0442574	2.02225
	-1.06639	2.26589
	3.97787	2.45861
	1.95574	2.46769
	-0.0221287	1.42995
	-1.06639	2.26589
	1.93361	2.85206
	-2.06639	2.03328
	-1.06639	2.26589
	-1.06639	2.26589
	-1.08851	2.67936
	-0.066386	2.47674
	-3.06639	1.77038
	-6.13277	2.50369
	-0.0221287	1.42995
	0.933614	2.671
	-1.08851	2.67936
	0.933614	2.671
	-0.0221287	1.42995
	-0.066386	2.47674
	-3.11064	2.6877
	2.97787	2.24605
	1.95574	2.46769
	3	1.73205
	-2.08851	2.48576
	-3.06639	1.77038
	-0.0885147	2.85989
	-1.04426	1.7577
	-5.13277	2.69601
	1.93361	2.85206
	-3.11064	2.6877
	2.97787	2.24605
	-1.08851	2.67936
	-0.0442574	2.02225
	-2.06639	2.03328
	-1.06639	2.26589
	-0.0221287	1.42995
	-3.08851	2.27574
	-0.0442574	2.02225
	1.88936	3.49625
	-2.04426	1.44551
	0.933614	2.671
	-1.06639	2.26589
	3.97787	2.45861
	-1.02213	1.02213
	-1.04426	1.7577
	-0.066386	2.47674
	0.955743	2.25599
	-3.13277	3.04442
	-0.0442574	2.02225
	-1.08851	2.67936
	-3.06639	1.77038
	-0.066386	2.47674
	-1.02213	1.02213
	-3.08851	2.27574
	1.97787	2.01116
	-4.13277	2.8755
	-0.0442574	2.02225
	-1.06639	2.26589
	-0.0442574	2.02225
	-4.11064	2.49474
	4	2
	0.955743	2.25599
	1.97787	2.01116
	-3.06639	1.77038
	-1.04426	1.7577
	-1.06639	2.26589
	3	1.73205
	2.95574	2.66261
	-3.06639	1.77038
	-1.04426	1.7577
	4	2
	-0.0885147	2.85989
	-0.0221287	1.42995
	-1.06639	2.26589
	-4.11064	2.49474
	-2.04426	1.44551
	-1.02213	1.02213
	-0.066386	2.47674
	-0.0442574	2.02225
	0.955743	2.25599
	1.93361	2.85206
	-2.08851	2.48576
	-2.06639	2.03328
	2	1.41421
	-0.066386	2.47674
	0.977871	1.74492
	0.933614	2.671
	0.955743	2.25599
	0.955743	2.25599
	-2.06639	2.03328
	-2.04426	1.44551
	-0.0221287	1.42995
	0.911485	3.02968
	-0.0442574	2.02225
	-2.06639	2.03328
	3	1.73205
	-1.04426	1.7577
	2.93361	3.02229
	-1.04426	1.7577
	0.889357	3.35018
	1	1
	-2.06639	2.03328
	1	1
	-0.0442574	2.02225
	3.97787	2.45861
	0.933614	2.671
	1.97787	2.01116
	2	1.41421
	2	1.41421
	-4.13277	2.8755
	-1.08851	2.67936
	0.933614	2.671
	0.955743	2.25599
	1.97787	2.01116
	-3.06639	1.77038
	-1.13277	3.35686
	-3.06639	1.77038
	1.95574	2.46769
	-3.06639	1.77038
	0.911485	3.02968
	1.95574	2.46769
	-1.02213	1.02213
	-0.0442574	2.02225
	-4.13277	2.8755
	-1.04426	1.7577
	0.977871	1.74492
	0.977871	1.74492
	-1.08851	2.67936
	-0.066386	2.47674
	0	0
	2.97787	2.24605
	2.95574	2.66261
	-5.13277	2.69601
	-0.0442574	2.02225
	6.97787	3.00745
	0.977871	1.74492
	0.955743	2.25599
	4	2
	5	2.23607
	3.97787	2.45861
	2.97787	2.24605
	1.97787	2.01116
	-5.13277	2.69601
	-0.066386	2.47674
	1.97787	2.01116
	-2.11064	2.86771
	1	1
	1.95574	2.46769
	-0.0442574	2.02225
	-2.04426	1.44551
	0.977871	1.74492
	-0.0221287	1.42995
	-1.04426	1.7577
	1.93361	2.85206
	1.97787	2.01116
	2.97787	2.24605
	1	1
	0.977871	1.74492
	-1.06639	2.26589
	-0.0442574	2.02225
	1.95574	2.46769
	0.955743	2.25599
	0.955743	2.25599
	0.955743	2.25599
	-0.066386	2.47674
	-2.08851	2.48576
	-0.0442574	2.02225
	-1.08851	2.67936
	-1.04426	1.7577
	1.95574	2.46769
	1.97787	2.01116
	0.933614	2.671
	-0.066386	2.47674
	3.93361	3.18343
	3.97787	2.45861
	1	1
	2	1.41421
	-0.0442574	2.02225
	-1.04426	1.7577
	-0.0885147	2.85989
	1.93361	2.85206
	-0.0442574	2.02225
	-0.0221287	1.42995
	1	1
	-1.04426	1.7577
	0.955743	2.25599
	-0.0442574	2.02225
	1	1
	-3.08851	2.27574
	-2.04426	1.44551
	2.93361	3.02229
	7	2.64575
	-3.11064	2.6877
	1.93361	2.85206
	0	0
	-0.066386	2.47674
	4.93361	3.3368
	1.97787	2.01116
	4	2
	-3.06639	1.77038
	-2.06639	2.03328
	-0.0442574	2.02225
	2.97787	2.24605
	-1.04426	1.7577
	3	1.73205
	-0.0221287	1.42995
	-0.0885147	2.85989
	0.977871	1.74492
	-0.0221287	1.42995
	-0.066386	2.47674
	3	1.73205
	-1.04426	1.7577
	-3.06639	1.77038
	-4.08851	2.04426
	0.955743	2.25599
	2.97787	2.24605
	-4.13277	2.8755
	-2.04426	1.44551
	-0.066386	2.47674
	2.97787	2.24605
	-0.0221287	1.42995
	0.955743	2.25599
	-3.08851	2.27574
	-0.066386	2.47674
	2.95574	2.66261
	-1.06639	2.26589
	-0.110643	3.19746
	2.93361	3.02229
	-1.08851	2.67936
	1.97787	2.01116
	1.97787	2.01116
	1	1
	-0.0221287	1.42995
	1	1
	-0.0221287	1.42995
	-2.04426	1.44551
	-1.02213	1.02213
	2.93361	3.02229
	2	1.41421
	-0.0442574	2.02225
	5	2.23607
	-6.13277	2.50369
	-4.13277	2.8755
	-1.04426	1.7577
	1.95574	2.46769
	2.93361	3.02229
	2.97787	2.24605
	3.97787	2.45861
	1.97787	2.01116
	-3.11064	2.6877
	-0.0221287	1.42995
	-0.066386	2.47674
	-1.04426	1.7577
	0.955743	2.25599
	-0.0221287	1.42995
	-1.02213	1.02213
	-1.04426	1.7577
	-0.066386	2.47674
	1	1
	-0.0221287	1.42995
	1.97787	2.01116
	-0.066386	2.47674
	-4.11064	2.49474
	-1.02213	1.02213
	-1.11064	3.03706
	-0.066386	2.47674
	-1.06639	2.26589
	1	1
	-2.06639	2.03328
	-2.06639	2.03328
	-3.08851	2.27574
	-2.11064	2.86771
	0.977871	1.74492
	0.955743	2.25599
	-3.06639	1.77038
	-0.0221287	1.42995
	-0.0442574	2.02225
	-1.06639	2.26589
	2.97787	2.24605
	-0.0442574	2.02225
	1.97787	2.01116
	3.97787	2.45861
	-0.0885147	2.85989
	-0.0221287	1.42995
	0.977871	1.74492
	0.977871	1.74492
	6	2.44949
	-1.02213	1.02213
	0.977871	1.74492
	-0.0442574	2.02225
	-0.066386	2.47674
	-0.0221287	1.42995
	2	1.41421
	-0.0442574	2.02225
	-1.04426	1.7577
	-0.066386	2.47674
	3	1.73205
	2.95574	2.66261
	-1.04426	1.7577
	1.97787	2.01116
	0.955743	2.25599
	4	2
	4	2
	2	1.41421
	2	1.41421
	-2.08851	2.48576
	-2.08851	2.48576
	4.95574	3.01488
	1.95574	2.46769
	0.977871	1.74492
	4.97787	2.65419
	0.933614	2.671
	-2.08851	2.48576
	0	0
	2.95574	2.66261
	-1.06639	2.26589
	0.977871	1.74492
	0.933614	2.671
	-4.08851	2.04426
	-1.04426	1.7577
	2.97787	2.24605
	3	1.73205
	-0.066386	2.47674
	6	2.44949
	-3.11064	2.6877
	-0.0442574	2.02225
	2	1.41421
	-1.06639	2.26589
	-0.066386	2.47674
	1.95574	2.46769
	0	0
	1	1
	-0.066386	2.47674
	-0.0221287	1.42995
	-2.06639	2.03328
	1.97787	2.01116
	-1.06639	2.26589
	1	1
	-2.08851	2.48576
	-2.08851	2.48576
	-2.06639	2.03328
	1.97787	2.01116
	1.97787	2.01116
	0.977871	1.74492
	2	1.41421
	-2.08851	2.48576
	-0.0442574	2.02225
	2	1.41421
	-0.066386	2.47674
	-4.11064	2.49474
	-0.066386	2.47674
	-2.06639	2.03328
	-1.08851	2.67936
	0.977871	1.74492
	-1.02213	1.02213
	3	1.73205
	3.97787	2.45861
	1.93361	2.85206
	0	0
	0.977871	1.74492
	-0.066386	2.47674
	0.911485	3.02968
	-2.08851	2.48576
	8	2.82843
	-3.08851	2.27574
	1	1
	-1.04426	1.7577
	4	2
	0.933614	2.671
	-1.04426	1.7577
	-2.06639	2.03328
	0.977871	1.74492
	-0.0885147	2.85989
	2.95574	2.66261
	-3.11064	2.6877
	-2.11064	2.86771
	-1.06639	2.26589
	6	2.44949
	-0.0221287	1.42995
	-2.06639	2.03328
	-1.06639	2.26589
	-0.0442574	2.02225
	3.95574	2.8442
	-0.0442574	2.02225
	1.97787	2.01116
	2	1.41421
	2.97787	2.24605
	6	2.44949
	-1.04426	1.7577
	-2.08851	2.48576
	-0.066386	2.47674
	-1.02213	1.02213
	0.977871	1.74492
	-0.0221287	1.42995
	0.955743	2.25599
	2	1.41421
	-0.0221287	1.42995
	-0.0221287	1.42995
	1.97787	2.01116
	1	1
	2.95574	2.66261
	-1.08851	2.67936
	-0.0442574	2.02225
	-1.04426	1.7577
	-1.11064	3.03706
	1.93361	2.85206
	-1.04426	1.7577
	-0.0442574	2.02225
	-1.04426	1.7577
	-1.06639	2.26589
	1.95574	2.46769
	1.97787	2.01116
	-0.0221287	1.42995
	0.955743	2.25599
	1	1
	0	0
	-1.08851	2.67936
	-1.04426	1.7577
	0.955743	2.25599
	1.95574	2.46769
	-2.06639	2.03328
	1.95574	2.46769
	0.977871	1.74492
	-5.11064	2.28555
	1.93361	2.85206
	-0.066386	2.47674
	-1.02213	1.02213
	-0.0221287	1.42995
	0	0
	3	1.73205
	-3.06639	1.77038
	0.933614	2.671
	0.977871	1.74492
	1.95574	2.46769
	2.93361	3.02229
	-0.0221287	1.42995
	0.933614	2.671
	-1.06639	2.26589
	-1.02213	1.02213
	-2.08851	2.48576
	1.95574	2.46769
	0	0
	1.95574	2.46769
	-2.04426	1.44551
	0.933614	2.671
	2.97787	2.24605
	-0.0442574	2.02225
	4	2
	-2.06639	2.03328
	-1.04426	1.7577
	-0.066386	2.47674
	-0.0442574	2.02225
	1.97787	2.01116
	-0.0442574	2.02225
	-2.04426	1.44551
	-1.04426	1.7577
	-3.06639	1.77038
	2.97787	2.24605
	-0.0442574	2.02225
	0.977871	1.74492
	-4.11064	2.49474
	-2.04426	1.44551
	3	1.73205
	1	1
	-2.08851	2.48576
	-3.06639	1.77038
	-3.08851	2.27574
	0.955743	2.25599
	-3.06639	1.77038
	-2.06639	2.03328
	2.93361	3.02229
	3	1.73205
	-2.06639	2.03328
	3.97787	2.45861
	-0.0442574	2.02225
	0.955743	2.25599
	0.977871	1.74492
	-1.06639	2.26589
	1.97787	2.01116
	2	1.41421
	-3.08851	2.27574
	0.977871	1.74492
	2	1.41421
	0.955743	2.25599
	-0.0442574	2.02225
	0.933614	2.671
	-2.06639	2.03328
	0.977871	1.74492
	-0.0221287	1.42995
	3.97787	2.45861
	-0.0885147	2.85989
	-0.0442574	2.02225
	-1.04426	1.7577
	-1.06639	2.26589
	-4.13277	2.8755
	-0.0442574	2.02225
	1.97787	2.01116
	-1.06639	2.26589
	2	1.41421
	-3.06639	1.77038
	0.977871	1.74492
	-0.066386	2.47674
	1	1
	-1.04426	1.7577
	-0.0221287	1.42995
	-0.0442574	2.02225
	2.95574	2.66261
	0.933614	2.671
	-1.06639	2.26589
	-0.0442574	2.02225
	2.97787	2.24605
	-2.06639	2.03328
	-1.04426	1.7577
	2	1.41421
	-0.0221287	1.42995
	-1.02213	1.02213
	-4.11064	2.49474
	-2.04426	1.44551
	-1.06639	2.26589
	-1.04426	1.7577
	-0.0221287	1.42995
	-3.06639	1.77038
	2	1.41421
	-1.06639	2.26589
	-1.04426	1.7577
	1.93361	2.85206
	1.95574	2.46769
	-0.0221287	1.42995
	-0.0221287	1.42995
	0.977871	1.74492
	0.977871	1.74492
	2	1.41421
	-1.04426	1.7577
	-2.08851	2.48576
	0.955743	2.25599
	0.977871	1.74492
	1	1
	-4.08851	2.04426
	-3.06639	1.77038
	2.97787	2.24605
	2.97787	2.24605
	-3.06639	1.77038
	3	1.73205
	-1.04426	1.7577
	-1.04426	1.7577
	-0.066386	2.47674
	1.97787	2.01116
	-2.06639	2.03328
	0.933614	2.671
	-2.04426	1.44551
	0.955743	2.25599
	0.977871	1.74492
	-2.11064	2.86771
	-0.0442574	2.02225
	-0.0221287	1.42995
	-2.04426	1.44551
	-1.04426	1.7577
	5	2.23607
	-0.0442574	2.02225
	-2.06639	2.03328
	1	1
	0.977871	1.74492
	0.955743	2.25599
	-1.02213	1.02213
	2	1.41421
	-1.02213	1.02213
	-3.06639	1.77038
	0	0
	-1.04426	1.7577
	-2.04426	1.44551
	0.955743	2.25599
	0.977871	1.74492
	2.97787	2.24605
	-2.06639	2.03328
	-0.0221287	1.42995
	-1.02213	1.02213
	-1.06639	2.26589
	-0.0221287	1.42995
	0.977871	1.74492
	-1.08851	2.67936
	2	1.41421
	-1.02213	1.02213
	0.933614	2.671
	-2.06639	2.03328
	-3.06639	1.77038
	-6.1549	2.88327
	1.97787	2.01116
	0.977871	1.74492
	1.97787	2.01116
	0.955743	2.25599
	0.977871	1.74492
	0	0
	0.955743	2.25599
	-1.02213	1.02213
	-0.0221287	1.42995
	1	1
	-0.0221287	1.42995
	-3.06639	1.77038
	-1.04426	1.7577
	-1.04426	1.7577
	-1.04426	1.7577
	0.955743	2.25599
	1	1
	5	2.23607
	0.977871	1.74492
	-1.04426	1.7577
	-7.17703	3.05908
	0.977871	1.74492
	3.97787	2.45861
	0.977871	1.74492
	-0.0442574	2.02225
	0.955743	2.25599
	1.95574	2.46769
	2	1.41421
	1	1
	2	1.41421
	-1.04426	1.7577
	-4.08851	2.04426
	-2.06639	2.03328
	-2.04426	1.44551
	-2.08851	2.48576
	-2.08851	2.48576
	-1.04426	1.7577
	0.977871	1.74492
	-0.0442574	2.02225
	2.97787	2.24605
	-2.11064	2.86771
	0.955743	2.25599
	-1.04426	1.7577
	-2.08851	2.48576
	0	0
	-2.06639	2.03328
	-0.0221287	1.42995
	1.95574	2.46769
	2.97787	2.24605
	1.95574	2.46769
	0.933614	2.671
	-1.06639	2.26589
	-2.06639	2.03328
	1.88936	3.49625
	2.97787	2.24605
	-0.132772	3.50264
	-4.19916	3.79509
	-4.1549	3.21142
	1.86723	3.77736
	-0.221287	4.52189
	-0.265544	4.95348
	1.82297	4.28462
	-0.199158	4.28984
	-2.26554	4.74731
	-2.19916	4.05003
	-1.11064	3.03706
	-3.11064	2.6877
	-2.11064	2.86771
	-3.06639	1.77038
	-0.066386	2.47674
	-0.0442574	2.02225
	-0.0442574	2.02225
	-2.08851	2.48576
	-3.13277	3.04442
	-3.08851	2.27574
	0	0
	-2.04426	1.44551
	1.95574	2.46769
	-4.1549	3.21142
	-4.11064	2.49474
	0.955743	2.25599
	4	2
	-1.04426	1.7577
	-1.04426	1.7577
	2.97787	2.24605
	0.955743	2.25599
	-0.0885147	2.85989
	-0.0442574	2.02225
	3	1.73205
	0	0
	-1.08851	2.67936
	-2.06639	2.03328
	2.95574	2.66261
	2	1.41421
	1.97787	2.01116
	-2.06639	2.03328
	0	0
	1	1
	-3.11064	2.6877
	-3.08851	2.27574
	1.93361	2.85206
	0.955743	2.25599
	-4.08851	2.04426
	1.95574	2.46769
	-4.1549	3.21142
	1.86723	3.77736
	-0.132772	3.50264
	-2.06639	2.03328
	-0.066386	2.47674
	-1.11064	3.03706
	-1.11064	3.03706
	-2.08851	2.48576
	-3.06639	1.77038
	0	0
	-2.08851	2.48576
	0	0
	1.95574	2.46769
	-0.0442574	2.02225
	-4.11064	2.49474
	1.95574	2.46769
	-0.0221287	1.42995
	-2.04426	1.44551
	-1.06639	2.26589
	-0.0221287	1.42995
	-0.0442574	2.02225
	1.95574	2.46769
	-1.02213	1.02213
	-3.06639	1.77038
	-0.066386	2.47674
	-0.066386	2.47674
	2	1.41421
	4	2
	0.977871	1.74492
	-1.04426	1.7577
	-0.0221287	1.42995
	1.95574	2.46769
	-0.0442574	2.02225
	-1.04426	1.7577
	-1.02213	1.02213
	2.95574	2.66261
	6.97787	3.00745
	2.97787	2.24605
	4	2
	-0.0442574	2.02225
	-3.11064	2.6877
	-3.06639	1.77038
	-1.04426	1.7577
	1	1
	0.977871	1.74492
	-1.08851	2.67936
	3.97787	2.45861
	0.977871	1.74492
	1.95574	2.46769
	0	0
	-3.13277	3.04442
	-3.06639	1.77038
	-3.06639	1.77038
	0.955743	2.25599
	-1.04426	1.7577
	-0.0221287	1.42995
	0	0
	-2.04426	1.44551
	1.97787	2.01116
	-0.0442574	2.02225
	-2.04426	1.44551
	3	1.73205
	-2.06639	2.03328
	0.977871	1.74492
	5	2.23607
	-1.06639	2.26589
	-2.04426	1.44551
	0.977871	1.74492
	-2.08851	2.48576
	-0.0442574	2.02225
	-1.04426	1.7577
	-2.06639	2.03328
	-1.08851	2.67936
	0.977871	1.74492
	-1.04426	1.7577
	-0.0885147	2.85989
	-1.06639	2.26589
	-2.04426	1.44551
	1.97787	2.01116
	-3.08851	2.27574
	2	1.41421
	5	2.23607
	-4.08851	2.04426
	1	1
	-2.04426	1.44551
	-0.0221287	1.42995
	2.97787	2.24605
	2	1.41421
	-1.02213	1.02213
	1.97787	2.01116
	-2.13277	3.20445
	-2.06639	2.03328
	-4.08851	2.04426
	-3.11064	2.6877
	3	1.73205
	-2.08851	2.48576
	0.955743	2.25599
	1	1
	-2.06639	2.03328
	-1.04426	1.7577
	-1.08851	2.67936
	-2.06639	2.03328
	-1.02213	1.02213
	-0.0442574	2.02225
	-2.06639	2.03328
	-1.02213	1.02213
	0.955743	2.25599
	-0.0442574	2.02225
	-0.0442574	2.02225
	-5.1549	3.05176
	2	1.41421
	-0.0221287	1.42995
	-4.11064	2.49474
	1.97787	2.01116
	0.977871	1.74492
	-5.13277	2.69601
	-3.08851	2.27574
	-0.0221287	1.42995
	-2.06639	2.03328
	1	1
	2	1.41421
	-1.04426	1.7577
	-0.066386	2.47674
	-0.0221287	1.42995
	0.955743	2.25599
	1	1
	-0.0442574	2.02225
	-2.04426	1.44551
	0.955743	2.25599
	0.933614	2.671
	0.977871	1.74492
	-0.0442574	2.02225
	4	2
	-0.0442574	2.02225
	-3.08851	2.27574
	-3.06639	1.77038
	4	2
	-0.0442574	2.02225
	-3.08851	2.27574
	2	1.41421
	-0.0442574	2.02225
	1.97787	2.01116
	-0.0442574	2.02225
	-3.08851	2.27574
	-0.066386	2.47674
	0.977871	1.74492
	0.977871	1.74492
	1.95574	2.46769
	2.97787	2.24605
	-0.0221287	1.42995
	0.933614	2.671
	-2.11064	2.86771
	-2.04426	1.44551
	-0.0442574	2.02225
	-0.0442574	2.02225
	1	1
	-2.04426	1.44551
	-0.066386	2.47674
	1.97787	2.01116
	2	1.41421
	-1.06639	2.26589
	-1.06639	2.26589
	3	1.73205
	1.97787	2.01116
	-3.11064	2.6877
	3.97787	2.45861
	-0.0442574	2.02225
	-1.02213	1.02213
	-0.066386	2.47674
	-1.04426	1.7577
	-1.06639	2.26589
	-0.0442574	2.02225
	-3.11064	2.6877
	-3.06639	1.77038
	3	1.73205
	2.97787	2.24605
	1.95574	2.46769
	-4.08851	2.04426
	-1.04426	1.7577
	-1.06639	2.26589
	-1.13277	3.35686
	1	1
	-1.06639	2.26589
	-2.11064	2.86771
	-2.06639	2.03328
	-0.0442574	2.02225
	0.955743	2.25599
	-2.04426	1.44551
	0.977871	1.74492
	2	1.41421
	1.95574	2.46769
	0.955743	2.25599
	-1.02213	1.02213
	1	1
	1.97787	2.01116
	-3.08851	2.27574
	4	2
	-0.0221287	1.42995
	-1.02213	1.02213
	-0.066386	2.47674
	-3.06639	1.77038
	-1.02213	1.02213
	-0.0221287	1.42995
	0.977871	1.74492
	0.955743	2.25599
	-0.0221287	1.42995
	1.95574	2.46769
	-4.13277	2.8755
	-1.02213	1.02213
	-4.13277	2.8755
	-0.0221287	1.42995
	-0.0221287	1.42995
	1.97787	2.01116
	0.955743	2.25599
	-1.02213	1.02213
	1	1
	0.977871	1.74492
	-2.08851	2.48576
	-1.04426	1.7577
	-3.06639	1.77038
	-1.02213	1.02213
	-4.11064	2.49474
	-1.06639	2.26589
	-5.11064	2.28555
	1	1
	-1.06639	2.26589
	-0.0442574	2.02225
	-4.11064	2.49474
	0.955743	2.25599
	0.977871	1.74492
	-0.0221287	1.42995
	0.977871	1.74492
	1.97787	2.01116
	0.977871	1.74492
	-0.0442574	2.02225
	-0.0221287	1.42995
	-0.0221287	1.42995
	-0.0221287	1.42995
	2.95574	2.66261
	3.95574	2.8442
	-4.11064	2.49474
	-1.04426	1.7577
	-2.08851	2.48576
	-1.08851	2.67936
	2.97787	2.24605
	2	1.41421
	-0.0221287	1.42995
	-2.06639	2.03328
	-3.11064	2.6877
	1.93361	2.85206
	-0.0442574	2.02225
	-6.1549	2.88327
	-1.08851	2.67936
	2.97787	2.24605
	1.95574	2.46769
	-0.0442574	2.02225
	2.97787	2.24605
	2.97787	2.24605
	-0.0442574	2.02225
	1.93361	2.85206
	3.95574	2.8442
	-2.19916	4.05003
	-5.26554	4.42006
	1.80084	4.51694
	1.73446	5.1514
	-2.28767	4.95799
	-0.199158	4.28984
	-0.177029	4.0445
	2.8451	4.16092
	-8.24342	3.80686
	-5.17703	3.37016
	-0.110643	3.19746
	-2.08851	2.48576
	0.977871	1.74492
	0.977871	1.74492
	-2.06639	2.03328
	-0.0442574	2.02225
	-0.0442574	2.02225
	0.977871	1.74492
	2.97787	2.24605
	5	2.23607
	-5.1549	3.05176
	-3.08851	2.27574
	-0.0221287	1.42995
	0.977871	1.74492
	2.97787	2.24605
	-1.04426	1.7577
	-1.04426	1.7577
	-3.06639	1.77038
	-0.0442574	2.02225
	2	1.41421
	0.977871	1.74492
	2	1.41421
	-1.02213	1.02213
	-0.0221287	1.42995
	-2.04426	1.44551
	-1.04426	1.7577
	1.97787	2.01116
	-0.0442574	2.02225
	0	0
	0.977871	1.74492
	-0.0221287	1.42995
	-1.06639	2.26589
	-0.0221287	1.42995
	0.955743	2.25599
	-3.11064	2.6877
	2.95574	2.66261
	-0.066386	2.47674
	1.97787	2.01116
	2.95574	2.66261
	-1.06639	2.26589
	2	1.41421
	-3.06639	1.77038
	-6.13277	2.50369
	-0.0221287	1.42995
	-4.11064	2.49474
	0	0
	-1.04426	1.7577
	-1.06639	2.26589
	0.933614	2.671
	2.97787	2.24605
	6	2.44949
	1.97787	2.01116
	-2.06639	2.03328
	-1.02213	1.02213
	-1.02213	1.02213
	-3.06639	1.77038
	-0.0221287	1.42995
	0.911485	3.02968
	-0.0221287	1.42995
	-3.08851	2.27574
	0.933614	2.671
	0.977871	1.74492
	3.97787	2.45861
	-2.06639	2.03328
	0.955743	2.25599
	-0.0221287	1.42995
	0.977871	1.74492
	-3.08851	2.27574
	-0.0442574	2.02225
	-1.06639	2.26589
	0.955743	2.25599
	0.977871	1.74492
	-2.04426	1.44551
	-0.066386	2.47674
	2	1.41421
	0.955743	2.25599
	-0.0442574	2.02225
	-2.04426	1.44551
	-4.11064	2.49474
	-3.08851	2.27574
	2	1.41421
	-1.04426	1.7577
	0.977871	1.74492
	1	1
	1.97787	2.01116
	1.97787	2.01116
	-1.04426	1.7577
	2	1.41421
	2.95574	2.66261
	-2.08851	2.48576
	-1.02213	1.02213
	1	1
	-0.0885147	2.85989
	-2.04426	1.44551
	-2.06639	2.03328
	0.977871	1.74492
	-0.0221287	1.42995
	-1.02213	1.02213
	1	1
	-3.08851	2.27574
	-0.066386	2.47674
	-0.066386	2.47674
	0	0
	-0.0442574	2.02225
	-3.08851	2.27574
	0.977871	1.74492
	-0.066386	2.47674
	1.97787	2.01116
	-1.02213	1.02213
	-1.06639	2.26589
	-0.0442574	2.02225
	1.93361	2.85206
	1.93361	2.85206
	-2.04426	1.44551
	-1.06639	2.26589
	-0.0221287	1.42995
	-1.04426	1.7577
	1.97787	2.01116
	2	1.41421
	-2.06639	2.03328
	-4.08851	2.04426
	1	1
	3	1.73205
	-0.0221287	1.42995
	1.97787	2.01116
	-2.08851	2.48576
	0.933614	2.671
	-1.06639	2.26589
	2.97787	2.24605
	-1.06639	2.26589
	-3.06639	1.77038
	-0.066386	2.47674
	1	1
	-0.0221287	1.42995
	1.97787	2.01116
	-0.066386	2.47674
	-2.11064	2.86771
	0.911485	3.02968
	-0.0221287	1.42995
	-0.0442574	2.02225
	-0.0442574	2.02225
	-1.02213	1.02213
	0.977871	1.74492
	0.933614	2.671
	0	0
	-0.066386	2.47674
	0.977871	1.74492
	-2.08851	2.48576
	-3.08851	2.27574
	-1.06639	2.26589
	-4.11064	2.49474
	-0.0442574	2.02225
	0.977871	1.74492
	-2.06639	2.03328
	-2.04426	1.44551
	0.977871	1.74492
	-1.06639	2.26589
	1	1
	-1.02213	1.02213
	-0.0442574	2.02225
	-2.06639	2.03328
	0.977871	1.74492
	-0.0221287	1.42995
	-1.02213	1.02213
	-0.0221287	1.42995
	0.977871	1.74492
	-1.06639	2.26589
	5	2.23607
	-0.0442574	2.02225
	3	1.73205
	0.955743	2.25599
	-0.0442574	2.02225
	-1.06639	2.26589
	3.97787	2.45861
	-2.08851	2.48576
	4	2
	2.93361	3.02229
	0.977871	1.74492
	0.955743	2.25599
	-1.02213	1.02213
	-0.066386	2.47674
	-3.08851	2.27574
	0.977871	1.74492
	-2.04426	1.44551
	-3.13277	3.04442
	-0.066386	2.47674
	-0.0442574	2.02225
	-1.04426	1.7577
	-1.06639	2.26589
	3	1.73205
	0	0
	1.97787	2.01116
	-3.08851	2.27574
	1.97787	2.01116
	-1.04426	1.7577
	-1.08851	2.67936
	1.95574	2.46769
	-2.1549	3.50902
	0.977871	1.74492
	-0.066386	2.47674
	-4.11064	2.49474
	0.955743	2.25599
	-4.08851	2.04426
	-1.08851	2.67936
	0.911485	3.02968
	-2.04426	1.44551
	-1.06639	2.26589
	-4.08851	2.04426
	1.97787	2.01116
	-0.0442574	2.02225
	-3.13277	3.04442
	-3.08851	2.27574
	-0.0442574	2.02225
	-1.04426	1.7577
	1.97787	2.01116
	-2.06639	2.03328
	-1.08851	2.67936
	1	1
	2	1.41421
	-1.06639	2.26589
	2	1.41421
	0.955743	2.25599
	-2.08851	2.48576
	-2.08851	2.48576
	1.97787	2.01116
	-1.04426	1.7577
	-2.08851	2.48576
	-0.0221287	1.42995
	2.93361	3.02229
	0.977871	1.74492
	-4.11064	2.49474
	1	1
	-1.11064	3.03706
	1.97787	2.01116
	-1.04426	1.7577
	0.977871	1.74492
	1.95574	2.46769
	-0.0221287	1.42995
	1.93361	2.85206
	-1.04426	1.7577
	1.97787	2.01116
	-2.11064	2.86771
	-1.04426	1.7577
	-1.02213	1.02213
	-1.08851	2.67936
	-0.066386	2.47674
	-0.066386	2.47674
	-0.0885147	2.85989
	-2.11064	2.86771
	-0.0442574	2.02225
	-2.08851	2.48576
	-0.066386	2.47674
	3	1.73205
	2.93361	3.02229
	0	0
	-1.06639	2.26589
	2.95574	2.66261
	-4.08851	2.04426
	-2.04426	1.44551
	0.955743	2.25599
	-2.08851	2.48576
	-0.0442574	2.02225
	-1.08851	2.67936
	-1.04426	1.7577
	1	1
	-2.06639	2.03328
	-5.13277	2.69601
	0.977871	1.74492
	1.95574	2.46769
	-1.11064	3.03706
	1.95574	2.46769
	-1.06639	2.26589
	-4.08851	2.04426
	1.97787	2.01116
	2.97787	2.24605
	2	1.41421
	-0.0221287	1.42995
	0.977871	1.74492
	0.955743	2.25599
	2.91149	3.3435
	0.955743	2.25599
	-1.04426	1.7577
	-1.06639	2.26589
	1.95574	2.46769
	-0.0221287	1.42995
	1.95574	2.46769
	1.97787	2.01116
	2.95574	2.66261
	-0.0442574	2.02225
	-1.02213	1.02213
	-0.0885147	2.85989
	-0.0442574	2.02225
	-1.06639	2.26589
	2.97787	2.24605
	1.97787	2.01116
	2.95574	2.66261
	-2.08851	2.48576
	-1.11064	3.03706
	0.977871	1.74492
	0.977871	1.74492
	-0.0442574	2.02225
	-0.0442574	2.02225
	-1.08851	2.67936
	-0.0442574	2.02225
	-0.0442574	2.02225
	-0.066386	2.47674
	-0.066386	2.47674
	-2.04426	1.44551
	-2.06639	2.03328
	4	2
	-0.0442574	2.02225
	3	1.73205
	1.97787	2.01116
	-4.08851	2.04426
	2	1.41421
	3	1.73205
	-0.0442574	2.02225
	-1.04426	1.7577
	5	2.23607
	-1.02213	1.02213
	-0.0221287	1.42995
	1.97787	2.01116
	-0.0221287	1.42995
	1.95574	2.46769
	-1.02213	1.02213
	-2.06639	2.03328
	-4.08851	2.04426
	3.95574	2.8442
	2	1.41421
	-0.0221287	1.42995
	1.97787	2.01116
	-1.06639	2.26589
	0.977871	1.74492
	4	2
	0.977871	1.74492
	-1.06639	2.26589
	-1.08851	2.67936
	-4.11064	2.49474
	-1.04426	1.7577
	0.933614	2.671
	2.97787	2.24605
	0.955743	2.25599
	1.93361	2.85206
	-1.06639	2.26589
	0.977871	1.74492
	-2.11064	2.86771
	1.95574	2.46769
	-2.06639	2.03328
	-2.04426	1.44551
	2.95574	2.66261
	3.97787	2.45861
	-2.06639	2.03328
	0.977871	1.74492
	-0.0885147	2.85989
	1.95574	2.46769
	-1.04426	1.7577
	-2.06639	2.03328
	-2.04426	1.44551
	-0.0885147	2.85989
	-0.066386	2.47674
	2	1.41421
	1	1
	-1.04426	1.7577
	0.977871	1.74492
	0.955743	2.25599
	-0.0221287	1.42995
	-0.0221287	1.42995
	2.97787	2.24605
	-0.0221287	1.42995
	1.95574	2.46769
	4.97787	2.65419
	-0.0442574	2.02225
	-2.06639	2.03328
	1.97787	2.01116
	5	2.23607
	-1.06639	2.26589
	-5.13277	2.69601
	-0.0221287	1.42995
	1.97787	2.01116
	2	1.41421
	-1.06639	2.26589
	-1.06639	2.26589
	0.955743	2.25599
	-5.11064	2.28555
	0.955743	2.25599
	-0.0885147	2.85989
	0.977871	1.74492
	-2.08851	2.48576
	2.97787	2.24605
	0.955743	2.25599
	-1.08851	2.67936
	-1.02213	1.02213
	2	1.41421
	-1.08851	2.67936
	0.977871	1.74492
	-4.08851	2.04426
	-4.1549	3.21142
	-1.06639	2.26589
	-0.0442574	2.02225
	-3.08851	2.27574
	0.955743	2.25599
	0	0
	3	1.73205
	-0.0221287	1.42995
	-2.08851	2.48576
	-0.0885147	2.85989
	1.97787	2.01116
	-1.06639	2.26589
	-3.06639	1.77038
	1	1
	0.911485	3.02968
	1.97787	2.01116
	2.97787	2.24605
	-3.08851	2.27574
	0.955743	2.25599
	-1.02213	1.02213
	-5.11064	2.28555
	-2.08851	2.48576
	1.97787	2.01116
	-0.0442574	2.02225
	-0.0442574	2.02225
	1.93361	2.85206
	-1.06639	2.26589
	-1.02213	1.02213
	-0.0221287	1.42995
	-4.08851	2.04426
	2.97787	2.24605
	-1.02213	1.02213
	2.97787	2.24605
	0.977871	1.74492
	-2.08851	2.48576
	-3.08851	2.27574
	1	1
	-1.08851	2.67936
	1.95574	2.46769
	-2.08851	2.48576
	-3.08851	2.27574
	4.97787	2.65419
	2.97787	2.24605
	-4.13277	2.8755
	1.97787	2.01116
	-0.0221287	1.42995
	-1.04426	1.7577
	-0.0442574	2.02225
	2.97787	2.24605
	-3.11064	2.6877
	-0.0221287	1.42995
	-0.0442574	2.02225
	-1.02213	1.02213
	-1.06639	2.26589
	-3.08851	2.27574
	0.933614	2.671
	-2.04426	1.44551
	-0.066386	2.47674
	-1.06639	2.26589
	-4.13277	2.8755
	-0.0442574	2.02225
	0.933614	2.671
	0.977871	1.74492
	4	2
	-4.08851	2.04426
	-1.06639	2.26589
	-4.08851	2.04426
	-2.04426	1.44551
	0.977871	1.74492
	0.955743	2.25599
	-0.066386	2.47674
	2.97787	2.24605
	0.955743	2.25599
	-0.0221287	1.42995
	0.977871	1.74492
	2	1.41421
	-0.0442574	2.02225
	0.955743	2.25599
	0.955743	2.25599
	0.955743	2.25599
	-4.11064	2.49474
	-1.04426	1.7577
	2.95574	2.66261
	1.95574	2.46769
	2.97787	2.24605
	2	1.41421
	1	1
	1.93361	2.85206
	0.933614	2.671
	0.977871	1.74492
	-3.08851	2.27574
	-3.08851	2.27574
	-1.04426	1.7577
	5.97787	2.83633
	1	1
	-0.0221287	1.42995
	-0.066386	2.47674
	0.977871	1.74492
	1.97787	2.01116
	-2.04426	1.44551
	1.95574	2.46769
	-0.0442574	2.02225
	1.95574	2.46769
	-0.0442574	2.02225
	0.977871	1.74492
	2	1.41421
	-1.04426	1.7577
	1.93361	2.85206
	-0.0885147	2.85989
	2.95574	2.66261
	-2.06639	2.03328
	-1.02213	1.02213
	6	2.44949
	1.93361	2.85206
	-2.11064	2.86771
	-0.0885147	2.85989
	-1.02213	1.02213
	5	2.23607
	-2.08851	2.48576
	2	1.41421
	-3.08851	2.27574
	2	1.41421
	3	1.73205
	-0.066386	2.47674
	0.977871	1.74492
	-0.0442574	2.02225
	-0.0221287	1.42995
	2	1.41421
	3.95574	2.8442
	-0.0442574	2.02225
	3	1.73205
	0.955743	2.25599
	-0.0442574	2.02225
	-3.06639	1.77038
	0.977871	1.74492
	-0.066386	2.47674
	2	1.41421
	-1.06639	2.26589
	-5.1549	3.05176
	0.955743	2.25599
	-1.08851	2.67936
	-4.11064	2.49474
	-1.06639	2.26589
	-1.04426	1.7577
	-0.0442574	2.02225
	2	1.41421
	-3.11064	2.6877
	0.977871	1.74492
	0	0
	1.97787	2.01116
	-1.04426	1.7577
	-1.08851	2.67936
	-0.0221287	1.42995
	1.95574	2.46769
	0.977871	1.74492
	0.955743	2.25599
	-0.0442574	2.02225
	-1.04426	1.7577
	-1.02213	1.02213
	-0.0442574	2.02225
	2.97787	2.24605
	-0.0221287	1.42995
	-1.02213	1.02213
	2	1.41421
	3.97787	2.45861
	-2.04426	1.44551
	0	0
	-0.0221287	1.42995
	-0.0221287	1.42995
	1	1
	-1.06639	2.26589
	1	1
	-1.04426	1.7577
	-1.04426	1.7577
	-1.04426	1.7577
	-0.0221287	1.42995
	-2.06639	2.03328
	-2.04426	1.44551
	1.95574	2.46769
	-2.06639	2.03328
	-0.0442574	2.02225
	1	1
	1	1
	-4.11064	2.49474
	-0.0442574	2.02225
	1	1
	0.977871	1.74492
	3	1.73205
	0.933614	2.671
	1.97787	2.01116
	-2.06639	2.03328
	3.97787	2.45861
	-4.08851	2.04426
	0.933614	2.671
	1	1
	-1.06639	2.26589
	-0.0442574	2.02225
	-0.0221287	1.42995
	1.97787	2.01116
	-1.11064	3.03706
	1.97787	2.01116
	-1.02213	1.02213
	4	2
	-2.06639	2.03328
	3	1.73205
	-1.04426	1.7577
	-1.02213	1.02213
	3	1.73205
	-1.02213	1.02213
	-0.0221287	1.42995
	-1.02213	1.02213
	1	1
	3	1.73205
	2	1.41421
	-1.04426	1.7577
	-1.04426	1.7577
	1	1
	3	1.73205
	-0.0221287	1.42995
	2.97787	2.24605
	0	0
	0	0
	-3.11064	2.6877
	1.97787	2.01116
	-0.0221287	1.42995
	-2.04426	1.44551
	-2.06639	2.03328
	2	1.41421
	1	1
	0	0
	-2.04426	1.44551
	-0.0221287	1.42995
	-1.04426	1.7577
	-2.06639	2.03328
	2.97787	2.24605
	0.955743	2.25599
	-1.06639	2.26589
	0.977871	1.74492
	-0.0221287	1.42995
	-1.04426	1.7577
	0.977871	1.74492
	3	1.73205
	0	0
	3	1.73205
	-5.13277	2.69601
	-1.06639	2.26589
	1.95574	2.46769
	-1.04426	1.7577
	-1.02213	1.02213
	-1.02213	1.02213
	1.97787	2.01116
	-0.0221287	1.42995
	3	1.73205
	1	1
	-2.04426	1.44551
	3	1.73205
	-2.06639	2.03328
	-1.02213	1.02213
	-1.02213	1.02213
	2	1.41421
	-0.0442574	2.02225
	-1.02213	1.02213
	-2.04426	1.44551
	1.95574	2.46769
	-0.0442574	2.02225
	-2.06639	2.03328
	-0.0442574	2.02225
	-0.066386	2.47674
	-1.04426	1.7577
	-2.04426	1.44551
	3	1.73205
	-0.0221287	1.42995
	-0.0221287	1.42995
	1	1
	2	1.41421
	-1.02213	1.02213
	0	0
	-1.06639	2.26589
	0.977871	1.74492
	-2.04426	1.44551
	-1.02213	1.02213
	1	1
	0.933614	2.671
	1	1
	-0.0221287	1.42995
	-2.04426	1.44551
	2	1.41421
	1	1
	-0.0221287	1.42995
	-1.04426	1.7577
	-2.04426	1.44551
	-1.02213	1.02213
	-0.0221287	1.42995
	-0.0221287	1.42995
	0.977871	1.74492
	-5.11064	2.28555
	-1.04426	1.7577
	-1.02213	1.02213
	1	1
	0.955743	2.25599
	-0.0221287	1.42995
	0.977871	1.74492
	-0.0221287	1.42995
	-2.04426	1.44551
	-2.06639	2.03328
	-0.0221287	1.42995
	-1.02213	1.02213
	1	1
	-0.0442574	2.02225
	-1.02213	1.02213
	-1.02213	1.02213
	1	1
	1	1
	-1.04426	1.7577
	-1.02213	1.02213
	0	0
	0	0
	-1.02213	1.02213
	-0.0221287	1.42995
	-0.0442574	2.02225
	-0.0221287	1.42995
	-0.0221287	1.42995
	1.95574	2.46769
	-1.02213	1.02213
	-2.04426	1.44551
	-2.04426	1.44551
	2	1.41421
	0	0
	-0.0221287	1.42995
	1.97787	2.01116
	1.95574	2.46769
	-1.06639	2.26589
	0	0
	0.977871	1.74492
	-0.0221287	1.42995
	-0.0221287	1.42995
	1	1
	-1.02213	1.02213
	-0.0442574	2.02225
	-2.06639	2.03328
	-0.0442574	2.02225
	-4.11064	2.49474
	-0.0885147	2.85989
	2.97787	2.24605
	-2.13277	3.20445
	1.91149	3.19045
	2.95574	2.66261
	0.933614	2.671
	-0.110643	3.19746
	4.97787	2.65419
	-1.08851	2.67936
	1.97787	2.01116
	-0.0442574	2.02225
	-1.02213	1.02213
	1.97787	2.01116
	0.977871	1.74492
	-1.02213	1.02213
	0	0
	0	0
	1	1
	-2.06639	2.03328
	-1.02213	1.02213
	-1.02213	1.02213
	0	0
	-0.0221287	1.42995
	1	1
	-0.0221287	1.42995
	-1.02213	1.02213
	0	0
	1	1
	1	1
	-2.04426	1.44551
	1	1
	-1.06639	2.26589
	1	1
	-1.04426	1.7577
	0	0
	0.955743	2.25599
	-2.04426	1.44551
	-0.0221287	1.42995
	-2.06639	2.03328
	1	1
	1	1
	-1.02213	1.02213
	2	1.41421
	-2.06639	2.03328
	0	0
	0	0
	-0.0221287	1.42995
	2.97787	2.24605
	-2.04426	1.44551
	-1.04426	1.7577
	1	1
	-0.0221287	1.42995
	-3.06639	1.77038
	-3.06639	1.77038
	-1.02213	1.02213
	-1.02213	1.02213
	-0.0442574	2.02225
	0.977871	1.74492
	1	1
	-2.04426	1.44551
	1	1
	0.955743	2.25599
	-1.02213	1.02213
	-1.02213	1.02213
	-0.0221287	1.42995
	2	1.41421
	1	1
	0	0
	-1.02213	1.02213
	0	0
	3	1.73205
	-1.02213	1.02213
	0.977871	1.74492
	1	1
	1	1
	-1.02213	1.02213
	1	1
	-2.04426	1.44551
	-2.04426	1.44551
	-0.0221287	1.42995
	-1.02213	1.02213
	-1.02213	1.02213
	0	0
	0	0
	0	0
	-0.0442574	2.02225
	0	0
	-1.02213	1.02213
	-1.02213	1.02213
	-0.0221287	1.42995
	-1.04426	1.7577
	-1.04426	1.7577
	0.977871	1.74492
	0.977871	1.74492
	-1.02213	1.02213
	1	1
	0.977871	1.74492
	0	0
	-1.02213	1.02213
	-2.04426	1.44551
	-1.02213	1.02213
	-2.04426	1.44551
	-2.04426	1.44551
	-2.04426	1.44551
	-1.02213	1.02213
	-2.04426	1.44551
	0	0
	0	0
	0	0
	-0.0221287	1.42995
	0	0
	-1.04426	1.7577
	1	1
	1	1
	0	0
	1	1
	1	1
	-1.02213	1.02213
	-0.0221287	1.42995
	-0.0442574	2.02225
	0	0
	2	1.41421
	0	0
	0	0
	0	0
	0	0
	0	0
	0	0
	0	0
	-1.02213	1.02213
	-1.02213	1.02213
	0	0
	0	0
	0	0
	0	0
	-0.0221287	1.42995
	-1.04426	1.7577
	0.977871	1.74492
	-2.04426	1.44551
	0	0
	-1.02213	1.02213
	0	0
	-2.04426	1.44551
	-2.04426	1.44551
	-3.06639	1.77038
	1	1
	1	1
	0	0
	-1.02213	1.02213
	0	0
	0	0
	0	0
	-1.02213	1.02213
	1.97787	2.01116
	0	0
	0	0
	0	0
	-2.04426	1.44551
	-0.0221287	1.42995
	0	0
	-0.0221287	1.42995
	1	1
	0	0
	-0.0221287	1.42995
	2	1.41421
	0	0
	0	0
	0	0
	2	1.41421
	0.977871	1.74492
	-1.02213	1.02213
	0	0
	-1.02213	1.02213
	0	0
	1	1
	0.977871	1.74492
	-0.0221287	1.42995
	-3.06639	1.77038
	0.977871	1.74492
	3	1.73205
	-1.02213	1.02213
	0	0
	-1.02213	1.02213
	2	1.41421
	-3.06639	1.77038
	1.97787	2.01116
	-1.02213	1.02213
	0	0
	-1.02213	1.02213
	-0.0221287	1.42995
	0	0
	0	0
	-1.02213	1.02213
	0	0
	1	1
	0	0
	-0.0221287	1.42995
	0	0
	-1.02213	1.02213
	0	0
	0	0
	-1.02213	1.02213
	-2.04426	1.44551
	-2.04426	1.44551
	1	1
	1	1
	0	0
	-1.02213	1.02213
	-0.0221287	1.42995
	-1.02213	1.02213
	-3.06639	1.77038
	-0.0221287	1.42995
	1	1
	-0.0442574	2.02225
	1	1
	0	0
	0	0
	0	0
	0	0
	1	1
	0	0
	0	0
	-2.04426	1.44551
	1	1
	0	0
	0	0
	-1.02213	1.02213
	0	0
	-2.04426	1.44551
	-1.02213	1.02213
	0	0
	0	0
	0	0
	0	0
	1	1
	0	0
	1	1
	1	1
	-0.0221287	1.42995
	-2.04426	1.44551
	1	1
	-1.02213	1.02213
	-1.02213	1.02213
	1	1
	0	0
	0	0
	0	0
	-0.0221287	1.42995
	2	1.41421
	0	0
	0	0
	0.977871	1.74492
	0	0
	0	0
	2	1.41421
	-1.02213	1.02213
	0	0
	-0.0221287	1.42995
	1	1
	0	0
	1	1
	0	0
	2	1.41421
	0	0
	0	0
	-1.02213	1.02213
	0	0
	2	1.41421
	0	0
	-0.0221287	1.42995
	-1.02213	1.02213
	0	0
	-2.04426	1.44551
	-1.02213	1.02213
	1	1
	1	1
	0	0
	0	0
	1	1
	0	0
	0	0
	-1.02213	1.02213
	-0.0221287	1.42995
	2	1.41421
	0	0
	3	1.73205
	0	0
	0.977871	1.74492
	-1.02213	1.02213
	0	0
	0	0
	1	1
	0	0
	0	0
	0	0
	1	1
	1	1
	0	0
	0	0
	0	0
	0	0
	0	0
	0	0
	-1.02213	1.02213
	1	1
	-0.0221287	1.42995
	0	0
	-0.0221287	1.42995
	-1.02213	1.02213
	-0.0221287	1.42995
	-0.0221287	1.42995
	0	0
	-1.02213	1.02213
	-1.02213	1.02213
	0	0
	0	0
	0	0
	2	1.41421
	1	1
	0	0
	0	0
	-0.0221287	1.42995
	-1.02213	1.02213
	0	0
	-1.02213	1.02213
	2	1.41421
	-1.02213	1.02213
	-1.02213	1.02213
	0	0
	0	0
	1	1
	0	0
	-1.02213	1.02213
	0	0
	-1.02213	1.02213
	0	0
	0	0
	1	1
	0	0
	1.97787	2.01116
	0	0
	0	0
	0	0
	1	1
	-0.0221287	1.42995
	0	0
	0	0
	2	1.41421
	0	0
	0	0
	0	0
	0	0
	-0.0221287	1.42995
	0	0
	0	0
	0	0
	1	1
	0	0
	-2.06639	2.03328
	1	1
	-1.02213	1.02213
	-1.04426	1.7577
	-0.0221287	1.42995
	0	0
	-1.04426	1.7577
	1	1
	2	1.41421
	0	0
	0	0
	0	0
	0	0
	0	0
	-2.04426	1.44551
	0	0
	0	0
	0	0
	0	0
	-1.02213	1.02213
	-0.0221287	1.42995
	0	0
	0	0
	-1.02213	1.02213
	2	1.41421
	0	0
	-0.0221287	1.42995
	1	1
	0	0
	-2.04426	1.44551
	-1.02213	1.02213
	-2.04426	1.44551
	0	0
	1	1
	0	0
	1	1
	1	1
	0	0
	-2.04426	1.44551
	0	0
	0	0
	-1.02213	1.02213
	0	0
	1	1
	0	0
	0	0
	0	0
	-1.02213	1.02213
	1	1
	0.977871	1.74492
	0	0
	0	0
	-1.02213	1.02213
	1	1
	-1.02213	1.02213
	1	1
	0	0
	1	1
	0	0
	-0.0221287	1.42995
	0	0
	-0.0221287	1.42995
	1	1
	0	0
	-1.02213	1.02213
	0	0
	0	0
	1	1
	0.977871	1.74492
	0	0
	0	0
	0	0
	0	0
	-1.04426	1.7577
	0	0
	-0.0221287	1.42995
	0	0
	0	0
	-2.04426	1.44551
	0	0
	0	0
	0	0
	0	0
	-1.02213	1.02213
	-1.02213	1.02213
	0	0
	0	0
	0	0
	0	0
	0	0
	0	0
	0	0
	1	1
	0	0
	0	0
	0	0
	0	0
	0	0
	0	0
	0	0
	-3.06639	1.77038
	0	0
	0	0
	0	0
	-0.0221287	1.42995
	0	0
	0	0
	1	1
	0	0
	0	0
	0	0
	0	0
	0	0
	0	0
	-1.02213	1.02213
	0	0
	0	0
	1	1
	0	0
	1	1
	0	0
	0	0
	0	0
	-1.02213	1.02213
	0	0
	1	1
	2	1.41421
	-1.02213	1.02213
	-1.02213	1.02213
	0	0
	-2.04426	1.44551
	1	1
	0	0
	0	0
	0	0
	0	0
	0	0
	0	0
	-1.02213	1.02213
	0	0
	1	1
	1	1
	0	0
	-1.02213	1.02213
	-3.06639	1.77038
	-1.02213	1.02213
	0	0
	2	1.41421
	0.955743	2.25599
	6.95574	3.33009
	2.93361	3.02229
	-0.243416	4.7426
	-3.42044	5.9875
	6.64594	6.30206
	17.5574	7.6743
	25.2698	9.66833
	-9.41624	11.0844
	-0.128563	10.2607
	8.84931	10.7855
	-6.59327	11.9257
	-12.2171	10.0728
	-2.79663	8.46232
	-10.686	7.30665
	2.75658	5.04898
	-5.28767	4.64561
	-1.11064	3.03706
	0.911485	3.02968
	-0.0221287	1.42995
	-1.02213	1.02213
	-2.04426	1.44551
	0	0
	-1.02213	1.02213
	0	0
	0.977871	1.74492
	1	1
	0	0
	0	0
	0	0
	0	0
	0	0
	0	0
	0	0
	0	0
	0	0
	0	0
	-1.02213	1.02213
	1	1
	0	0
	0	0
	-1.02213	1.02213
	-1.02213	1.02213
	0	0
	0	0
	1	1
	-1.02213	1.02213
	0.977871	1.74492
	0	0
	-1.02213	1.02213
	-0.0221287	1.42995
	0	0
	0	0
	0	0
	0	0
	0	0
	1	1
	-1.02213	1.02213
	0	0
	0	0
	-0.0221287	1.42995
	0	0
	0	0
	0	0
	0	0
	0	0
	0	0
	-1.02213	1.02213
	1	1
	2	1.41421
	0	0
	0	0
	2	1.41421
	-0.0221287	1.42995
	0	0
	0	0
	0	0
	1	1
	0	0
	0	0
	0	0
	1	1
	-1.02213	1.02213
	-0.0221287	1.42995
	0.977871	1.74492
	0	0
	0	0
	0	0
	0	0
	1	1
	0	0
	0	0
	0.977871	1.74492
	0	0
	1	1
	-0.0221287	1.42995
	0	0
	0	0
	1	1
	-1.02213	1.02213
	-1.02213	1.02213
	1	1
	0	0
	-1.04426	1.7577
	0	0
	1	1
	0	0
	0	0
	-1.02213	1.02213
	-1.02213	1.02213
	-1.02213	1.02213
	0	0
	0	0
	-1.02213	1.02213
	-2.04426	1.44551
	0	0
	1	1
	0	0
	0	0
	-1.02213	1.02213
	1	1
	0	0
	0	0
	0	0
	-1.02213	1.02213
	0	0
	0	0
	-1.02213	1.02213
	0	0
	0	0
	1	1
	0.977871	1.74492
	1	1
	1	1
	0	0
	1	1
	0	0
	0	0
	0	0
	-1.02213	1.02213
	0	0
	0	0
	1	1
	0	0
	-1.04426	1.7577
	0	0
	0	0
	-2.04426	1.44551
	1	1
	1	1
	1	1
	2	1.41421
	-1.02213	1.02213
	1	1
	1	1
	-1.02213	1.02213
	0	0
	-1.02213	1.02213
	0	0
	0	0
	1	1
	0	0
	0	0
	-0.0221287	1.42995
	1	1
	-1.02213	1.02213
	0	0
	0	0
	2	1.41421
	0	0
	0	0
	0	0
	0	0
	0	0
	0	0
	0	0
	0	0
	0	0
	0	0
	0	0
	0	0
	-0.0221287	1.42995
	-0.0221287	1.42995
	0	0
	0	0
	1	1
	0	0
	-0.0221287	1.42995
	0	0
	-1.02213	1.02213
	-2.04426	1.44551
	0	0
	0	0
	0	0
	0	0
	0	0
	0	0
	0	0
	0	0
	-1.02213	1.02213
	-1.02213	1.02213
	0	0
	0	0
	-1.02213	1.02213
	-0.0221287	1.42995
	0	0
	-1.02213	1.02213
	0	0
	-0.0221287	1.42995
	-2.04426	1.44551
	35.2076	14.2346
	408.253	45.452
	530.552	53.9209
	443.884	52.8184
	377.928	52.1507
	320.264	52.1923
	372.437	51.6398
	444.079	51.753
	364.596	52.3199
	377.375	52.6386
	444.389	51.4757
