$SPEC_ID:
No sample description was entered.
$SPEC_REM:
DET# 1
DETDESC# DESKTOP-LO9J119 MCB 337
AP# Maestro Version 5.35.01
$DATE_MEA:
01/26/2026 15:38:36
$MEAS_TIM:
341	383
$DATA:
0 8191
	473.857	22.7765
	444.718	22.1073
	412.734	21.3957
	437.34	21.9962
	419.662	21.5104
	387.006	20.7538
	421.81	21.5325
	425.482	21.6255
	399.261	20.9912
	384.876	20.6302
	391.302	20.7997
	392.122	20.7989
	404.722	21.0601
	412.302	21.2985
	385.722	20.6041
	335.23	19.3533
	350.056	19.7898
	373.804	20.3107
	349.614	19.7376
	322.845	19.0138
	364.655	20.114
	362.886	20.038
	345.116	19.5569
	353.905	19.7068
	355.485	19.8105
	320.968	18.961
	369.356	20.0833
	337.838	19.3236
	333.823	19.1927
	332.028	19.1403
	343.987	19.4513
	300.756	18.3413
	343.315	19.4253
	318.413	18.7983
	318.454	18.7983
	359.242	19.7803
	275.1	17.6474
	271.463	17.444
	265.192	17.3016
	315.217	18.6629
	327.463	18.9814
	287.602	17.9256
	318.457	18.6593
	285.93	17.8694
	295.643	18.1474
	293.94	18.0342
	299.145	18.1721
	283.473	17.726
	273.299	17.5014
	246.889	16.7427
	300.006	18.1711
	251.857	16.8296
	277.35	17.5561
	307.703	18.3619
	312.58	18.4977
	299.227	18.172
	291.924	17.9497
	293.416	17.977
	292.129	17.9495
	262.744	17.0927
	272.605	17.3529
	301.4	18.1695
	260.596	17.0648
	281.056	17.5814
	255.145	16.9182
	282.842	17.6973
	288.113	17.8085
	249.41	16.6147
	269.523	17.2663
	296.712	18.0022
	297.113	18.0594
	256.728	16.8855
	268.507	17.2072
	233.917	16.1576
	237.917	16.281
	242.615	16.4025
	265.851	17.1497
	250.492	16.6447
	226.656	15.9072
	297.056	18.0307
	241.056	16.4044
	254.025	16.7339
	214.599	15.492
	259.605	16.9742
	229.009	15.9369
	223.369	15.813
	246.378	16.4611
	220.558	15.6845
	219.507	15.719
	224.968	15.8109
	204.747	15.1312
	216.189	15.5569
	229.665	15.936
	225.492	15.876
	220.173	15.6517
	217.747	15.5549
	203.05	15.0991
	228.331	15.8066
	212.747	15.3933
	232.419	16.0302
	190.968	14.6964
	222.993	15.7144
	205.911	15.164
	217.542	15.5551
	228.148	15.938
	223.798	15.6802
	233.224	15.9967
	222.952	15.7145
	223.952	15.7463
	216.634	15.4556
	207.337	15.2306
	207.839	15.1614
	232.937	15.997
	192.429	14.6589
	204.47	15.0626
	210.675	15.2602
	211.085	15.2597
	207.649	15.1959
	192.552	14.6588
	200.183	14.9297
	198.952	14.9313
	216.659	15.4219
	226.444	15.809
	216.044	15.4227
	182.126	14.2778
	182.265	14.314
	200.126	14.8948
	205.684	15.0264
	211.372	15.2593
	178.142	14.1738
	211.11	15.2255
	223.454	15.6474
	159.11	13.4095
	179.479	14.1351
	220.192	15.5181
	196.577	14.7593
	156.044	13.3364
	218.536	15.4867
	164.684	13.5938
	198.306	14.8624
	173.233	13.9216
	178.192	14.1001
	166.192	13.6679
	196.069	14.7247
	195.053	14.6553
	199.75	14.7901
	174.545	13.9197
	181.864	14.2417
	191.914	14.5169
	206.463	15.0253
	184.634	14.3832
	202.044	14.9619
	189.7	14.5201
	171.397	13.8493
	210.495	15.2263
	191.659	14.5888
	187.577	14.4512
	182.06	14.3143
	191.274	14.5537
	184.905	14.3466
	176.552	14.1025
	176.504	13.9914
	176.864	14.0651
	191.079	14.4822
	166.274	13.6678
	151.741	13.1465
	204.602	14.9932
	163.823	13.5951
	171.536	13.8867
	201.504	14.8579
	209.356	15.1593
	161.823	13.5214
	159.798	13.4859
	179.864	14.1713
	188.192	14.4503
	183.659	14.312
	182.495	14.2773
	185.151	14.3462
	192.11	14.5882
	202.495	14.9613
	196.044	14.7601
	174.987	13.9936
	178.946	14.1359
	190.224	14.5909
	174.403	14.0686
	195.372	14.7257
	197.028	14.7587
	178.274	14.1
	177.798	14.1375
	173.813	14.0325
	176.306	14.1028
	191.331	14.5893
	189.444	14.592
	174.675	14.0312
	193.29	14.6577
	168.085	13.7789
	167.511	13.7797
	192.249	14.6236
	204.347	15.0628
	212.192	15.2582
	187.157	14.5237
	168.618	13.7781
	184.978	14.4188
	162.895	13.6348
	190.757	14.5901
	196.675	14.7944
	219.921	15.552
	199.962	14.8951
	200.06	14.9298
	213.501	15.4261
	215.716	15.4231
	216.813	15.489
	241.552	16.2444
	250.567	16.5505
	236.649	16.1219
	220.337	15.6515
	248.214	16.522
	221.075	15.6506
	266.05	17.0582
	209.829	15.2954
	241.952	16.3078
	278.501	17.4059
	219.082	15.6864
	237.378	16.1854
	252.87	16.6418
	243.861	16.4326
	219.271	15.6529
	199.886	14.9996
	229.943	16.0009
	242.64	16.3707
	225.886	15.8426
	243.526	16.3377
	249.927	16.5827
	254.656	16.7642
	223.558	15.7798
	226.066	15.8752
	236.164	16.2191
	230.615	16.0325
	221.82	15.7491
	246.435	16.4926
	214.82	15.5252
	205.435	15.1989
	233.492	16.1259
	236.123	16.2192
	231.476	16.0314
	237.214	16.1857
	226.984	15.9068
	242.451	16.4027
	233.656	16.1257
	223.507	15.8457
	211.902	15.4282
	230.64	16
	209.599	15.3297
	239.738	16.3106
	232.681	16.0623
	226.466	15.9401
	216.867	15.6893
	234.277	16.2215
	224.949	15.9421
	242.466	16.4344
	236.066	16.1871
	246.712	16.5553
	240.959	16.3728
	205.738	15.2327
	231.917	16.0956
	234.81	16.2208
	246.835	16.5552
	248.959	16.6153
	236.41	16.2188
	228.933	16.0347
	257.794	16.8842
	251.933	16.7365
	240.507	16.3733
	241.851	16.4351
	225.851	15.9409
	241.892	16.4351
	228.851	16.0348
	240.22	16.3737
	234.908	16.2528
	253.375	16.8278
	259.744	17.0047
	234.76	16.2849
	262.621	17.0928
	225.851	15.9409
	222.539	15.8798
	246.154	16.5874
	220.498	15.8167
	227.195	16.0044
	208.908	15.4322
	244.826	16.5576
	293.031	17.9485
	241.391	16.4989
	256.186	16.9476
	249.687	16.6769
	248.533	16.5845
	284.236	17.6957
	233.441	16.1904
	277.637	17.5557
	246.589	16.5555
	249.375	16.7085
	307.498	18.3622
	250.703	16.738
	282.99	17.6677
	264.611	17.2118
	230.785	16.1294
	282.892	17.6384
	268.611	17.3276
	253.022	16.8591
	273.072	17.3823
	257.227	16.9771
	285.4	17.7238
	332.457	19.0308
	288.611	17.8954
	294.088	18.0052
	277.842	17.5555
	280.63	17.5522
	277.35	17.5561
	289.851	17.8357
	265.252	17.1808
	296.35	18.0891
	302.318	18.1971
	304.078	18.3376
	341.129	19.2661
	330.391	19.0056
	407.898	20.9579
	667.523	26.3842
	1337.68	36.9892
	2893.89	54.0566
	5061.36	71.3452
	6859.91	83.0009
	7123.16	84.5888
	5651.01	75.3737
	3438.25	58.8912
	1738.28	42.0745
	785.851	28.5327
	451.227	21.9595
	362.359	19.7771
	327.318	18.8715
	320.498	18.7128
	336.334	19.1357
	277.293	17.5265
	256.006	16.9171
	231.154	16.1289
	200.744	15.171
	195.652	15.0746
	192.186	14.9406
	203.4	15.2359
	189.104	14.84
	181.457	14.5317
	189.719	14.8392
	176.391	14.3949
	206.548	15.2998
	192.031	14.871
	173.564	14.2171
	157.523	13.6428
	158.678	13.7551
	170.154	14.1118
	175.179	14.2513
	173.293	14.254
	172.097	14.1458
	193.687	14.9037
	168.41	13.966
	180.359	14.4615
	158.835	13.6409
	183.482	14.5646
	178.801	14.4637
	195.898	15.0743
	149.227	13.4246
	154.646	13.5322
	155.015	13.5317
	167.129	14.0422
	168.908	14.0766
	158.876	13.6408
	172.164	14.1088
	151.22	13.3828
	174.22	14.2161
	173.334	14.254
	170.047	14.1488
	190.851	14.8025
	168.523	14.0402
	163.539	13.8985
	176.4	14.3224
	137.738	12.8077
	193.261	14.8693
	161.441	13.7888
	160.753	13.7141
	139.138	12.9268
	150.687	13.3836
	176.785	14.3582
	150.287	13.3062
	183.712	14.5285
	162.794	13.7868
	185.687	14.6328
	160.728	13.752
	146.056	13.1949
	163.056	13.8241
	180.457	14.4973
	196.384	14.9697
	163.984	13.785
	193.517	14.7988
	148.107	13.1917
	171.328	14.0731
	166.441	13.9689
	164.574	13.8218
	190	14.7332
	167.621	14.0415
	188.599	14.6288
	190.369	14.7327
	194.015	14.9032
	207.343	15.3327
	190.656	14.7323
	189.205	14.6989
	217.198	15.5221
	188.63	14.6997
	185.492	14.5618
	205.107	15.1994
	187.189	14.5951
	205.589	15.2671
	235.624	16.1232
	210.548	15.43
	161.738	13.7126
	168.451	13.966
	186.697	14.5958
	193.148	14.7993
	186.451	14.5962
	172.738	14.108
	180.959	14.4246
	187.952	14.5583
	171.451	14.0729
	174.173	14.1059
	157.321	13.451
	196.173	14.8653
	168.949	14.0766
	223.583	15.7468
	189.722	14.6627
	169.599	13.9643
	193.034	14.7289
	175.328	14.2145
	186.722	14.5601
	178.697	14.3191
	186.378	14.5248
	178.132	14.2471
	176.444	14.1395
	155.984	13.4917
	174.091	14.106
	201.993	15.0314
	182.034	14.3507
	168.854	13.8531
	198.731	14.8968
	164.337	13.7467
	191.772	14.6599
	146.542	13.0752
	144.731	12.9581
	166.239	13.7816
	193.501	14.7636
	178.567	14.2099
	156.87	13.4517
	169.788	13.9267
	162.476	13.7115
	153.624	13.3401
	164.608	13.7083
	143.353	13.0004
	168.107	13.9291
	178.978	14.2093
	181.952	14.3508
	180.501	14.3166
	177.536	14.101
	157.716	13.4117
	216.649	15.4892
	188.511	14.5218
	177.388	14.1381
	174.593	14.0313
	178.583	14.2464
	168.429	13.8161
	177.378	14.2116
	175.813	14.1035
	167.265	13.7801
	163.716	13.6335
	175.634	14.0668
	173.208	13.959
	146.003	12.9561
	143.937	12.9192
	164.536	13.6323
	157.937	13.4501
	171.044	13.8874
	154.224	13.3001
	178.593	14.1731
	183.88	14.348
	168.511	13.816
	163.29	13.5959
	189.495	14.5204
	183.88	14.348
	187.126	14.4519
	133.921	12.4846
	178.053	14.0633
	161.321	13.5989
	186.47	14.4528
	184.741	14.3468
	164.413	13.6325
	164.536	13.6323
	168.889	13.7399
	155.946	13.2975
	164.552	13.6704
	147.151	12.9543
	171.479	13.8492
	151.331	13.1472
	175.766	13.9925
	160.864	13.4843
	182.044	14.2779
	149.47	13.1104
	176.11	14.0291
	176.012	13.9921
	172.479	13.8853
	184.577	14.347
	170.914	13.7747
	183.053	14.24
	181.618	14.242
	170.807	13.8126
	144.012	12.7976
	177.454	14.1012
	161.233	13.4837
	173.643	13.921
	143.397	12.7986
	158.167	13.411
	172.167	13.9232
	166.593	13.7433
	140.331	12.7219
	167.971	13.7033
	155.987	13.2974
	132.192	12.3617
	161.94	13.4052
	154.776	13.1418
	171.325	13.7741
	160.299	13.4077
	175.914	13.955
	179.75	14.0978
	162.145	13.4049
	167.243	13.6282
	162.202	13.4436
	181.161	14.1326
	173.498	13.7708
	173.145	13.8091
	182.161	14.168
	166.653	13.5909
	187.12	14.3434
	169.627	13.7388
	151.956	13.0668
	169.129	13.6254
	173.35	13.8088
	173.489	13.8462
	173.914	13.8831
	145.129	12.7142
	168.709	13.7022
	163.35	13.4418
	156.022	13.1794
	181.186	14.0957
	156.243	13.2185
	180.12	14.0973
	163.022	13.4423
	161.801	13.3665
	156.375	13.1393
	147.571	12.873
	146.448	12.8343
	156.391	13.1788
	151.621	12.9472
	158.514	13.2543
	173.662	13.7706
	151.416	12.9476
	164.104	13.4794
	162.949	13.3648
	143.678	12.6755
	153.653	13.1039
	160.914	13.4068
	145.006	12.7144
	187.104	14.3071
	151.883	12.987
	120.981	11.777
	136.965	12.3959
	140.211	12.5159
	135.867	12.3134
	158.621	13.2148
	171.17	13.6985
	121.375	11.732
	160.088	13.2911
	136.826	12.354
	159.687	13.2131
	144.293	12.6745
	138.309	12.4774
	145.785	12.7131
	169.359	13.5868
	145.473	12.7545
	123.416	11.8169
	136.252	12.355
	150.268	12.9494
	129.098	11.9821
	159.842	13.2915
	152.113	12.9464
	141.637	12.5965
	164.072	13.4019
	144.129	12.6748
	141.826	12.5548
	134.129	12.274
	142.334	12.5953
	155.949	13.1003
	145.949	12.7129
	111.457	11.2977
	149.59	12.7887
	144.236	12.6335
	125.318	11.8576
	118.785	11.6028
	154.236	13.0233
	149.728	12.8291
	124.908	11.8583
	150.016	12.8286
	131.769	12.1072
	147.154	12.7518
	147.769	12.7508
	145.18	12.632
	132.113	12.1495
	152.728	12.9455
	152.318	12.9461
	133.851	12.1893
	141.646	12.5135
	132.508	12.1059
	163.646	13.3637
	131.81	12.1071
	135.221	12.2297
	136.18	12.2706
	125.81	11.8567
	120.098	11.6004
	126.359	11.8996
	149.59	12.7887
	130.836	12.0225
	156.975	13.0987
	145.549	12.6314
	110.59	11.1602
	127.057	11.8984
	145.262	12.6318
	124.441	11.8151
	133.574	12.1041
	155.385	13.0215
	133.508	12.1472
	149.99	12.8692
	129.492	11.9379
	117.892	11.5143
	129.123	11.9385
	132.205	12.0634
	118.328	11.4682
	153.467	12.9443
	135.148	12.1444
	111.861	11.1579
	126.492	11.8116
	143.41	12.5106
	125.205	11.7697
	125.59	11.8131
	133.795	12.1467
	113.59	11.2938
	107.205	10.9784
	126.959	11.8547
	116.631	11.4258
	139.861	12.349
	112.492	11.2033
	140.451	12.3901
	134.59	12.1881
	112	11.2042
	126.779	11.8111
	112.615	11.203
	112.426	11.2497
	125.189	11.7254
	132.23	12.0201
	131.328	12.0216
	119.492	11.5114
	110.394	11.0669
	138.23	12.2671
	119.599	11.4659
	116.558	11.3344
	130.804	11.9356
	112.066	11.1575
	131.123	12.022
	113.492	11.2478
	120.287	11.5551
	104.918	10.8874
	132.476	12.0197
	139.4	12.4338
	101.098	10.7504
	88.9713	10.4298
	106.88	11.3519
	118.101	11.8701
	130.085	12.3231
	109.407	11.3014
	126.672	11.8552
	136.779	12.2271
	131.836	12.064
	118.312	11.4228
	139.082	12.3503
	136.369	12.2278
	138.441	12.3934
	102.041	10.7486
	113.451	11.2479
	130.902	11.979
	114.476	11.246
	133.542	12.0179
	145.337	12.5075
	182.476	13.9453
	310.583	17.9284
	657.952	25.8537
	1024.91	32.1778
	1366.13	37.114
	1400.54	37.569
	1236.79	35.3188
	891.624	30.0404
	485.609	22.2572
	307.968	17.8732
	197.829	14.4367
	143.019	12.3438
	122.23	11.5967
	152.224	12.7028
	140.158	12.2639
	141.404	12.3042
	140.24	12.2638
	119.091	11.4214
	105.87	10.7896
	93.2806	10.1685
	110.281	10.9726
	123.568	11.5493
	92.5014	10.1701
	119.665	11.4203
	113.009	11.1557
	96.7064	10.3645
	106.224	10.7406
	111.24	11.0182
	101.158	10.5548
	87.1986	9.86924
	128.214	11.8086
	95.3626	10.2662
	88.3216	9.91952
	108.322	10.881
	78.1418	9.34683
	85.5266	9.7667
	76.7064	9.34998
	96.0188	10.2649
	90.5676	10.0193
	95.6087	10.2657
	91.6087	10.069
	84.9367	9.71451
	94.0345	10.2181
	114.445	11.1531
	90.3468	9.96769
	84.7317	9.71494
	76.7727	9.294
	84.8957	9.7146
	97.4856	10.3629
	84.1008	9.66255
	87.0188	9.81674
	112.47	11.0159
	91.4446	10.0694
	91.0598	10.0183
	86.4036	9.81802
	95.4289	10.2153
	85.5676	9.76662
	91.9367	10.0684
	79.5676	9.45446
	107.65	10.8344
	84.3058	9.66212
	85.9778	9.76576
	96.3468	10.2643
	100.798	10.4564
	89.3468	9.9174
	75.0188	9.18522
	76.2238	9.23904
	84.962	9.66073
	97.7569	10.312
	82.126	9.50384
	72.9778	9.07579
	123.757	11.5038
	96.921	10.2631
	89.7569	9.91655
	85.798	9.71269
	98.0188	10.3619
	81.6087	9.55956
	88.921	9.86566
	73.9935	9.18751
	81.4856	9.55982
	107.101	10.7873
	70.3626	8.96634
	89.3216	9.9698
	76.6244	9.35016
	88.88	9.86575
	104.486	10.6953
	98.88	10.3602
	97.085	10.2628
	99.2238	10.4096
	79.4541	9.34395
	86.2081	9.71183
	91.3468	10.0177
	93.167	10.0658
	76.2491	9.18248
	77.7412	9.23567
	74.4131	9.07255
	79.88	9.39856
	89.839	9.91638
	91.6749	10.0171
	106.495	10.6915
	75.3468	9.18449
	82.0598	9.55859
	82.4289	9.5578
	79.6749	9.39901
	74.962	9.12851
	71.4699	8.96381
	85.0283	9.60656
	84.5109	9.66168
	65.3468	8.62293
	75.921	9.18321
	69.0283	8.73418
	94.5771	10.1146
	86.962	9.76369
	78.839	9.3453
	80.6749	9.45206
	88.5266	9.9191
	83.5771	9.55533
	81.5929	9.50499
	81.88	9.50437
	73.9462	9.01606
	86.4951	9.71122
	75.2901	9.12777
	83.8642	9.55472
	75.6592	9.12694
	68.5361	8.73534
	81.7412	9.44975
	84.3311	9.60804
	77.003	9.23731
	83.3721	9.55577
	79.044	9.34485
	75.5361	9.12722
	76.2081	9.18257
	84.4131	9.60787
	83.3721	9.55577
	84.3311	9.60804
	78.3153	9.2344
	73.962	9.07357
	87.3721	9.76283
	61.3721	8.32543
	73.7822	9.01643
	75.2901	9.12777
	80.8075	9.34098
	73.4131	9.01727
	85.0693	9.60647
	81.003	9.45135
	66.3721	8.62049
	75.4794	9.07014
	74.1103	9.01568
	81.7254	9.39454
	73.5771	9.0169
	75.4131	9.12749
	74.3563	9.01512
	89.9873	9.86345
	77.7412	9.23567
	76.8547	9.29382
	86.5834	9.87052
	89.0093	10.0225
	68.5739	9.02827
	77.1323	9.40456
	94.4761	10.3186
	106.511	10.74
	122.331	11.4155
	132.511	11.889
	138.536	12.0957
	146.315	12.3804
	117.864	11.1934
	92.2333	9.96381
	77.7002	9.23577
	81.2333	9.39561
	76.2081	9.18257
	74.9052	9.07144
	63.2901	8.44489
	86.5109	9.76464
	87.3721	9.76283
	68.4131	8.73562
	79.2491	9.3444
	82.4794	9.44814
	69.6844	8.73264
	84.1513	9.5541
	77.4131	9.2364
	68.9715	8.67452
	90.1103	9.86319
	62.4384	8.32281
	80.2743	9.34215
	72.8075	8.90247
	70.1923	8.79086
	80.0693	9.3426
	79.8485	9.28721
	72.0693	8.90417
	79.5046	9.23176
	68.9305	8.67461
	72.5614	8.90304
	71.9557	8.78674
	64.9873	8.50221
	77.2333	9.18028
	87.5614	9.70897
	71.8232	8.90474
	67.2901	8.67849
	82.2333	9.44868
	75.1765	9.01326
	75.4384	9.07023
	67.1103	8.61873
	69.2586	8.67384
	70.3721	8.84945
	69.9305	8.73206
	67.6844	8.61737
	68.6844	8.67519
	75.2996	9.01298
	67.4384	8.61795
	76.9715	9.12399
	82.8895	9.44725
	60.6592	8.26444
	60.9305	8.20054
	83.3153	9.50127
	75.5614	9.06995
	78.1355	9.17826
	73.3406	8.90124
	74.0125	8.95799
	77.8895	9.17881
	72.9147	8.84356
	83.0125	9.44699
	93.4131	10.0653
	91.8485	9.91223
	75.0535	9.01354
	77.2586	9.12335
	55.2743	7.8915
	73.7254	8.95865
	82.3974	9.44832
	68.0535	8.61649
	59.6844	8.13996
	62.8075	8.3219
	70.0535	8.73177
	52.5867	7.63033
	86.2838	9.54952
	75.8485	9.0693
	70.5614	8.79
	70.2996	8.7312
	75.3563	9.07042
	66.5614	8.55944
	71.8075	8.84613
	87.8485	9.70836
	70.9557	8.72965
	71.4226	8.78799
	55.8327	7.8238
	70.8485	8.78933
	71.1355	8.78866
	71.0125	8.78894
	69.7917	8.67258
	77.9557	9.12178
	72.5046	8.84451
	66.5867	8.49835
	70.9147	8.72975
	88.2176	9.70758
	58.6277	8.01376
	65.5456	8.43941
	59.3406	8.07664
	74.3974	9.01503
	65.8075	8.50023
	64.5204	8.4419
	62.7254	8.3221
	59.4226	8.07643
	91.3406	9.86063
	90.3406	9.8098
	82.2176	9.39346
	84.5456	9.49861
	110.52	10.8289
	90.4636	9.80954
	82.0125	9.39391
	73.7097	8.90039
	79.9715	9.28694
	73.6024	8.95893
	62.8737	8.25895
	66.0945	8.49954
	98.0788	10.1588
	69.2586	8.67384
	75.2586	9.01307
	80.4636	9.28585
	65.0788	8.37865
	65.8737	8.43862
	69.5046	8.67326
	69.9147	8.67229
	83.4479	9.39078
	73.8075	8.95846
	57.0378	7.88692
	45.6119	7.08378
	69.9968	8.67209
	69.5867	8.67306
	79.3563	9.2883
	72.0283	8.90426
	66.5519	8.68023
	54.8232	7.89268
	68.9052	8.73447
	64.5614	8.4418
	71.3248	8.72879
	77.6844	9.17927
	62.4226	8.26007
	74.6024	9.01456
	73.9147	8.89992
	64.8737	8.37915
	79.6277	9.23149
	90.1608	9.75697
	68.6687	8.61502
	89.2018	9.7055
	69.5046	8.67326
	87.3658	9.60156
	99.5867	10.2578
	186.325	13.8272
	386.71	19.8045
	987.325	31.4991
	1705.04	41.3546
	2761.59	52.6044
	3418.87	58.5168
	3395.2	58.3112
	2508	50.1319
	1674.16	40.978
	805.079	28.464
	391.587	19.9304
	194.956	14.1494
	160.546	12.8928
	132.243	11.713
	127.366	11.4974
	151.366	12.4976
	121.382	11.2796
	94.6687	10.0109
	99.2838	10.2075
	78.8327	9.1767
	85.4889	9.49658
	77.6277	9.12252
	56.3721	8.01953
	59.0598	8.26841
	40.3121	7.24426
	55.5076	8.33986
	70.8925	9.25087
	54.3121	8.15349
	66.0188	8.68149
	79.6434	9.28766
	59.2996	8.07674
	69.2428	8.61366
	54.7759	7.69241
	68.7349	8.55423
	77.7349	9.06504
	60.94	8.07258
	60.3248	8.07414
	51.022	7.42719
	50.3091	7.35876
	56.2018	7.82284
	57.4889	7.88575
	50.94	7.42742
	49.2428	7.36173
	52.145	7.49387
	47.063	7.15272
	59.7349	8.01092
	58.063	7.88425
	64.7349	8.31715
	56.6939	7.82155
	74.186	8.84061
	66.7917	8.49786
	59.7759	8.01082
	50.9557	7.49712
	51.5299	7.49555
	61.1198	8.13635
	60.022	8.01019
	57.145	7.82036
	43.5709	6.9413
	59.4889	8.01155
	48.6939	7.29223
	47.3911	7.15178
	59.4731	7.94636
	60.7349	8.0731
	58.6939	7.94837
	54.186	7.62604
	52.981	7.56074
	60.7759	8.07299
	45.94	7.08283
	46.94	7.15308
	65.022	8.31644
	47.858	7.22287
	65.063	8.31634
	74.8327	8.95611
	69.5299	8.61297
	99.2271	10.1565
	107.899	10.5909
	139.858	12.0071
	138.571	11.9659
	140.653	12.049
	133.94	11.7544
	100.022	10.206
	80.817	9.22884
	78.6529	9.12021
	71.7759	8.72773
	52.1198	7.56308
	63.145	8.195
	63.3911	8.19439
	57.6119	7.88543
	48.3248	7.29327
	56.4069	7.8223
	52.5299	7.56197
	53.186	7.56019
	74.5551	8.83976
	48.981	7.29142
	61.7349	8.1348
	55.3658	7.75822
	51.6939	7.4951
	48.3658	7.29315
	60.6529	8.07331
	52.4069	7.5623
	55.7759	7.75714
	52.3911	7.4932
	45.4069	7.08437
	47.4731	7.15155
	50.7349	7.42798
	53.9557	7.6946
	52.7759	7.5613
	54.4636	7.76061
	50.145	7.35922
	57.145	7.82036
	52.858	7.56108
	66.3091	8.37564
	61.6372	8.07081
	57.94	7.88457
	57.6939	7.88521
	48.4321	7.22124
	30.5551	5.84305
	45.817	7.08319
	58.145	7.88404
	54.6939	7.69263
	57.4321	7.81961
	60.6119	8.07341
	52.817	7.56119
	60.899	8.07268
	43.6939	6.94094
	61.104	8.07216
	51.7192	7.42526
	37.6939	6.49435
	50.2271	7.35899
	50.858	7.42764
	58.6939	7.94837
	53.5551	7.55918
	59.5299	8.01145
	64.2271	8.25559
	66.6372	8.37484
	74.5141	8.83985
	44.145	6.9396
	52.94	7.56085
	52.2271	7.49365
	40.3501	6.64452
	46.94	7.15308
	53.5141	7.5593
	37.6119	6.49461
	38.2271	6.49267
	42.4321	6.79311
	43.7192	6.86546
	45.9242	7.009
	48.8012	7.22019
	65.3911	8.31553
	46.981	7.15296
	61.186	8.07195
	48.1703	7.14955
	58.8832	7.88212
	54.858	7.6922
	41.4731	6.71898
	51.3091	7.4264
	45.899	7.08295
	46.7349	7.15366
	60.4321	8.00914
	51.3501	7.42628
	40.2838	6.7226
	40.5141	6.64402
	40.8012	6.64313
	49.8012	7.28911
	46.6939	7.15378
	37.5551	6.41415
	50.4731	7.3583
	58.817	7.94805
	45.3091	7.0108
	46.4321	7.08141
	53.5141	7.5593
	45.3501	7.01068
	50.5551	7.35808
	60.8422	8.00809
	46.145	7.08224
	66.858	8.43622
	47.6372	7.15108
	43.6782	6.86558
	53.8422	7.55841
	48.3091	7.22159
	51.981	7.49432
	51.7349	7.49499
	42.145	6.79397
	43.8422	6.86509
	54.5551	7.62504
	46.186	7.08212
	50.145	7.35922
	50.7192	7.35762
	39.3911	6.56871
	63.0063	8.13159
	39.5299	6.64705
	53.104	7.56041
	44.0883	6.86436
	43.3911	6.86644
	70.4164	8.5502
	54.4321	7.62537
	56.8832	7.75421
	41.1293	6.64212
	49.8422	7.289
	45.7192	7.0096
	40.4731	6.64414
	54.063	7.62637
	44.4321	6.93875
	43.4479	6.94166
	57.3343	7.75302
	37.7759	6.49409
	67.5141	8.43463
	87.0883	9.49312
	101.268	10.2544
	182.719	13.6431
	244.735	15.7853
	281.227	16.8865
	244.965	15.752
	170.432	13.1965
	141.432	12.0477
	83.7602	9.3345
	63.2271	8.1948
	57.0473	7.75378
	44.1293	6.86424
	57.2113	7.75335
	41.3091	6.71948
	50.7192	7.35762
	59.4731	7.94636
	43.4164	6.79014
	51.9242	7.4247
	51.3501	7.42628
	51.3091	7.4264
	67.7192	8.43413
	57.145	7.82036
	56.9242	7.7541
	42.4731	6.79298
	45.4731	7.01032
	68.1293	8.43313
	63.4731	8.19418
	53.5962	7.55907
	53.8832	7.55829
	45.5804	6.93536
	65.5962	8.31502
	40.4731	6.64414
	50.3911	7.35853
	34.7192	6.17532
	40.4321	6.64427
	51.5141	7.42583
	48.4731	7.22112
	63.8012	8.19336
	53.2113	7.49095
	51.6372	7.42549
	50.8832	7.35716
	50.0883	7.28831
	44.6372	6.93815
	42.2271	6.79373
	46.8422	7.08022
	50.3343	7.28761
	51.186	7.42674
	40.6372	6.64364
	47.0473	7.07963
	49.2271	7.29073
	37.6782	6.41375
	45.6372	7.00984
	51.8422	7.42492
	61.2681	8.07174
	54.2113	7.5574
	43.5962	6.86583
	56.4321	7.75541
	35.063	6.25791
	42.8012	6.79199
	55.8422	7.68957
	47.8832	7.15037
	45.6782	7.00972
	51.2113	7.35625
	40.7602	6.64326
	39.5962	6.56807
	50.2933	7.28773
	51.8832	7.42481
	48.2523	7.14931
	49.3501	7.29038
	48.9242	7.21984
	48.4164	7.14884
	53.2523	7.49084
	46.3753	7.00768
	50.3343	7.28761
	43.8012	6.86522
	52.7602	7.49219
	38.8422	6.49072
	44.0063	6.8646
	46.0063	7.00876
	43.2523	6.79063
	56.2523	7.68848
	53.0473	7.4914
	43.1293	6.791
	47.5141	7.15143
	39.6372	6.56795
	53.8832	7.55829
	52.0883	7.42424
	50.8422	7.35728
	56.0063	7.68913
	52.0473	7.42436
	48.2933	7.1492
	57.9652	7.81821
	43.2113	6.79076
	45.0473	6.93694
	53.0063	7.49151
	54.3343	7.55707
	43.3343	6.79038
	41.2523	6.64174
	53.0883	7.49129
	48.6372	7.22066
	52.9652	7.49163
	99.0473	10.1055
	129.293	11.494
	211.498	14.6322
	331.293	18.2787
	329.211	18.224
	316.006	17.864
	263.908	16.3121
	176.539	13.3829
	104.498	10.349
	71.0063	8.60946
	64.7602	8.25426
	59.1703	7.88137
	66.9652	8.37403
	55.1703	7.62339
	52.9652	7.49163
	64.7034	8.1911
	62.2523	8.06924
	49.1703	7.21914
	48.5804	7.14837
	60.2113	7.94445
	47.2523	7.07903
	52.6624	7.42266
	52.4164	7.42334
	54.5394	7.55651
	46.3753	7.00768
	41.0883	6.64224
	37.2933	6.33332
	54.1293	7.55763
	46.0063	7.00876
	52.2523	7.42379
	51.3343	7.3559
	40.4164	6.56551
	45.7192	7.0096
	55.3343	7.62295
	52.7192	7.4923
	38.5394	6.411
	37.8012	6.41336
	47.6214	7.07796
	48.6624	7.14814
	42.5804	6.7156
	55.6624	7.62206
	44.6214	6.86277
	42.2523	6.7166
	47.3343	7.07879
	47.2523	7.07903
	50.6214	7.28681
	43.0883	6.79113
	49.1293	7.21926
	43.6782	6.86558
	52.7602	7.49219
	43.1293	6.791
	63.8422	8.19326
	55.0473	7.62372
	40.3343	6.56577
	51.3343	7.3559
	50.2113	7.28796
	48.8422	7.22008
	43.2681	6.86681
	49.8012	7.28911
	46.063	7.08248
	45.8832	7.00912
	57.0883	7.75367
	46.2933	7.00792
	56.2933	7.68837
	50.1293	7.28819
	49.2933	7.2188
	55.0725	7.55507
	45.2113	6.93645
	60.3753	7.94403
	52.4984	7.42311
	32.4574	5.92489
	35.3753	6.17314
	55.7854	7.62173
	47.2113	7.07915
	49.0473	7.21949
	40.7854	6.56436
	46.7444	7.0066
	50.3343	7.28761
	51.8422	7.42492
	42.8422	6.79187
	47.0315	7.00576
	48.8012	7.22019
	59.4574	7.88063
	50.4164	7.28738
	57.2933	7.75313
	57.0725	7.68629
	57.7854	7.75183
	46.4574	7.00744
	41.9495	6.63959
	55.4984	7.62251
	42.7192	6.79224
	41.2113	6.64186
	36.5394	6.25307
	42.5804	6.7156
	52.3343	7.42357
	43.8265	6.7889
	59.5804	7.88031
	41.9085	6.63971
	50.4164	7.28738
	47.1293	7.07939
	54.5394	7.55651
	32.6214	5.92432
	51.6624	7.35499
	43.0063	6.79137
	56.4574	7.68793
	32.4984	5.92474
	56.7854	7.68706
	37.0473	6.33412
	44.2933	6.86375
	39.4164	6.48891
	53.9652	7.55807
	38.3343	6.41165
	43.1293	6.791
	56.7034	7.68727
	50.9495	7.28588
	46.1703	7.00828
	52.8675	7.42209
	56.2366	7.62052
	41.7034	6.64035
	56.4984	7.68782
	34.4984	6.09119
	60.8675	7.94276
	50.6624	7.28669
	48.4984	7.14861
	49.5394	7.2181
	43.6214	6.78952
	44.0315	6.78828
	30.5804	5.75319
	40.7444	6.56449
	46.3753	7.00768
	63.3596	8.06643
	43.8675	6.78877
	46.3343	7.0078
	52.2933	7.42368
	49.2113	7.21903
	52.5394	7.423
	54.3343	7.55707
	45.2933	6.93621
	61.9085	8.00536
	61.7854	8.00567
	76.4984	8.89396
	85.2113	9.38693
	74.2933	8.78129
	98.5394	10.0549
	53.5551	7.55918
	57.2933	7.75313
	69.8265	8.49053
	49.4164	7.21845
	57.2113	7.75335
	54.4164	7.55685
	56.7034	7.68727
	52.6214	7.42277
	51.5394	7.35533
	57.7444	7.75194
	52.9905	7.42175
	45.2933	6.93621
	42.7854	6.71497
	57.4984	7.75259
	42.7854	6.71497
	59.6214	7.8802
	55.5804	7.62228
	48.6624	7.14814
	35.5962	6.25616
	59.3343	7.88095
	45.5804	6.93536
	48.9495	7.14731
	33.5804	6.00826
	52.8675	7.42209
	50.5394	7.28704
	44.3753	6.8635
	64.1545	8.1287
	40.8675	6.5641
	40.5804	6.565
	38.8265	6.41008
	64.7854	8.1909
	57.1293	7.75356
	48.5804	7.14837
	48.8675	7.14755
	37.9085	6.33133
	35.8675	6.1715
	47.0725	7.00564
	44.6214	6.86277
	45.9652	7.00888
	57.0473	7.75378
	39.8675	6.48748
	52.8265	7.42221
	53.7034	7.4896
	62.6214	8.06831
	52.5804	7.42289
	49.3753	7.21856
	58.5804	7.8166
	54.7444	7.55596
	45.1703	6.93657
	45.8265	6.93463
	51.4984	7.35545
	54.8675	7.55562
	61.3343	8.00683
	53.6624	7.48972
	50.6214	7.28681
	43.6214	6.78952
	33.5962	6.09423
	46.7759	7.15355
	42.3658	6.8695
	44.2428	7.01392
	51.5456	7.56463
	47.4479	7.22404
	49.7349	7.36036
	61.981	8.13418
	45.6529	7.08366
	47.104	7.15261
	51.2933	7.35602
	50.5394	7.28704
	50.5804	7.28692
	57.7602	7.81875
	49.0315	7.14708
	46.7854	7.00648
	53.5804	7.48994
	41.9905	6.63946
	54.9085	7.55551
	38.6624	6.41061
	50.6624	7.28669
	55.9905	7.62118
	46.2776	6.9333
	51.9495	7.35419
	43.7444	6.78915
	46.9085	7.00612
	55.7034	7.62195
	45.6624	6.93512
	52.5236	7.35259
	54.5804	7.5564
	44.6624	6.86264
	47.5804	7.07808
	45.8675	6.93451
	47.7854	7.07749
	55.7034	7.62195
	46.7034	7.00672
	54.4984	7.55663
	47.0725	7.00564
	43.5394	6.78977
	57.1703	7.75345
	57.9085	7.7515
	53.8675	7.48916
	64.1956	8.12859
	37.3596	6.25038
	43.0315	6.71422
	55.3596	7.55429
	37.4416	6.25011
	54.9085	7.55551
	58.1956	7.75074
	43.1545	6.71384
	47.0315	7.00576
	47.9495	7.07701
	36.5394	6.25307
	51.1135	7.28542
	43.9905	6.7884
	54.7444	7.55596
	46.7034	7.00672
	51.9495	7.35419
	39.0315	6.40942
	51.9085	7.3543
	49.8675	7.21716
	65.1956	8.18987
	50.9085	7.286
	47.8675	7.07725
	44.0725	6.78815
	46.1956	6.93354
	54.1135	7.48848
	38.3753	6.41152
	48.3186	7.07594
	40.7854	6.56436
	55.5394	7.6224
	49.7444	7.21751
	49.1135	7.14684
	58.1135	7.75096
	37.1956	6.25092
	43.8265	6.7889
	46.2366	6.93342
	48.7854	7.14778
	74.9905	8.77966
	60.6877	7.87742
	53.9905	7.48882
	53.1135	7.42141
	44.7854	6.86228
	45.5394	6.93548
	47.8265	7.07737
	55.2776	7.55451
	37.9495	6.3312
	59.9085	7.87945
	57.7854	7.75183
	62.8265	8.06778
	46.3186	6.93318
	56.7444	7.68716
	46.9085	7.00612
	54.5394	7.55651
	59.3596	7.81456
	61.7034	8.00588
	52.3186	7.35316
	48.4574	7.14873
	51.5646	7.28415
	49.5646	7.14555
	36.2366	6.17028
	50.6467	7.21495
	52.3186	7.35316
	43.1956	6.71372
	55.8675	7.62151
	43.9905	6.7884
	45.4416	6.86031
	56.0725	7.62096
	34.9495	6.08967
	53.9085	7.48904
	46.9905	7.00588
	51.9905	7.35407
	54.9905	7.55529
	56.6467	7.61942
	49.0725	7.14696
	50.0315	7.2167
	44.8675	6.86203
	43.3753	6.79026
	57.6624	7.75215
	53.1956	7.42119
	52.4006	7.35293
	47.9905	7.07689
	50.1956	7.21623
	42.3186	6.63845
	66.9085	8.31179
	31.4574	5.83989
	47.9905	7.07689
	60.8675	7.94276
	55.7444	7.62184
	45.9495	6.93427
	51.9495	7.35419
	50.8265	7.28623
	42.4164	6.7161
	47.4416	7.00456
	41.8675	6.63984
	57.3596	7.68552
	48.1135	7.07654
	43.1956	6.71372
	49.7854	7.2174
	45.0725	6.86142
	47.1545	7.0054
	50.1545	7.21635
	59.1956	7.81499
	49.8517	7.14472
	47.2776	7.00504
	51.2366	7.28508
	58.8265	7.81595
	56.3186	7.6203
	38.3596	6.32987
	58.9495	7.81563
	39.8675	6.48748
	40.7034	6.56462
	61.0725	7.94223
	38.8265	6.41008
	44.1545	6.78791
	54.1956	7.48826
	37.0315	6.25146
	43.3186	6.71334
	52.3186	7.35316
	52.8265	7.42221
	61.7854	8.00567
	39.1956	6.4089
	49.1545	7.14673
	44.7034	6.86252
	41.4164	6.64123
	52.4006	7.35293
	47.4164	7.07856
	47.1135	7.00552
	50.1956	7.21623
	67.4416	8.31047
	70.8675	8.54912
	62.3186	8.00431
	77.0725	8.89264
	85.0725	9.33162
	78.6214	9.00542
	81.9905	9.16965
	46.7034	7.00672
	56.3186	7.6203
	52.3186	7.35316
	60.5394	7.94361
	61.6624	8.00599
	59.4826	7.81423
	70.6624	8.54961
	51.3186	7.28484
	52.1545	7.35362
	60.2366	7.8786
	53.9495	7.48893
	40.1545	6.48658
	55.1545	7.55484
	39.0725	6.40929
	59.1135	7.8152
	59.2776	7.81477
	45.3596	6.86056
	47.6624	7.07784
	68.0315	8.37142
	50.9495	7.28588
	55.1545	7.55484
	62.4006	8.0041
	55.0725	7.55507
	53.8265	7.48927
	54.9905	7.55529
	53.9085	7.48904
	55.4006	7.55418
	51.9905	7.35407
	47.1956	7.00528
	46.6624	7.00684
	50.7034	7.28658
	64.8517	8.12694
	50.0725	7.21658
	51.9905	7.35407
	43.6467	6.71234
	57.0315	7.6864
	51.3596	7.28473
	39.0315	6.40942
	55.1956	7.55473
	39.7444	6.48787
	42.0315	6.63933
	61.8265	8.00557
	49.9085	7.21705
	46.4826	6.93269
	52.1545	7.35362
	39.4006	6.40824
	56.0725	7.62096
	44.0063	6.8646
	46.5962	7.08093
	38.022	6.49331
	50.7917	7.49757
	44.7822	7.2316
	34.3563	6.42436
	46.9305	7.29719
	51.3248	7.49611
	45.3343	6.93609
	43.4984	6.78989
	58.5804	7.8166
	63.3186	8.06653
	42.3186	6.63845
	53.5236	7.42028
	53.9085	7.48904
	62.1545	8.00473
	50.5236	7.2153
	55.8675	7.62151
	76.3596	8.83557
	80.1956	9.05947
	74.9905	8.77966
	77.9905	8.94888
	61.9495	8.00525
	45.4826	6.86019
	47.6057	7.00408
	55.0725	7.55507
	54.5236	7.48736
	42.2366	6.6387
	45.3186	6.86068
	29.1956	5.57441
	51.1956	7.28519
	47.4416	7.00456
	42.1956	6.63883
	45.1545	6.86117
	46.3596	6.93306
	56.4416	7.61997
	55.3596	7.55429
	51.9905	7.35407
	52.3186	7.35316
	44.3186	6.78741
	51.3186	7.28484
	50.4006	7.21565
	40.2366	6.48632
	47.9085	7.07713
	58.2366	7.75063
	45.5646	6.85995
	50.1956	7.21623
	37.5236	6.24984
	46.6467	6.93221
	35.6467	6.08732
	45.6057	6.85982
	48.3596	7.07582
	35.6467	6.08732
	47.5236	7.00432
	40.3186	6.48606
	47.4416	7.00456
	43.4006	6.71309
	34.5646	6.0049
	49.8265	7.21728
	36.0725	6.17082
	44.6057	6.78654
	43.4006	6.71309
	56.6877	7.61931
	54.4006	7.4877
	40.0315	6.48697
	34.2776	6.00588
	44.3596	6.78729
	33.6467	5.92077
	49.3596	7.14614
	38.6057	6.32907
	42.4006	6.63819
	52.2776	7.35327
	40.6057	6.48515
	27.5236	5.39078
	41.2366	6.56295
	45.3186	6.86068
	56.2366	7.62052
	41.8927	6.5609
	45.1545	6.86117
	38.9085	6.40982
	39.4574	6.48878
	35.4889	6.33916
	31.2176	6.10222
	29.1008	6.19395
	29.6087	6.27576
	24.4194	5.95264
	42.9115	7.30847
	61.8327	8.19829
	43.063	6.86742
	58.5394	7.81671
	57.4416	7.6853
	55.2366	7.55462
	37.8675	6.33147
	46.0315	6.93403
	36.8265	6.25213
	45.8517	6.85909
	38.5646	6.32921
	48.1956	7.0763
	45.5646	6.85995
	41.9495	6.63959
	38.6057	6.32907
	37.8517	6.24877
	43.1135	6.71397
	35.5646	6.0876
	49.7287	7.14508
	36.4826	6.16946
	40.9905	6.56372
	35.4416	6.08801
	41.9747	6.56064
	41.4826	6.56218
	52.4006	7.35293
	53.7697	7.4196
	42.9495	6.71447
	44.6877	6.7863
	41.9905	6.63946
	40.6877	6.48489
	54.4826	7.48747
	52.6467	7.35224
	33.5236	5.92119
	47.8517	7.00336
	43.2776	6.71347
	45.6057	6.85982
	34.5236	6.00504
	39.4826	6.40798
	57.1135	7.68618
	50.4006	7.21565
	48.1135	7.07654
	41.0568	6.48372
	49.6877	7.1452
	42.1956	6.63883
	56.3596	7.62019
	33.6467	5.92077
	31.4006	5.75027
	34.5236	6.00504
	51.7697	7.28357
	44.1545	6.78791
	45.1956	6.86105
	46.3596	6.93306
	43.3596	6.71322
	32.8107	5.83513
	26.6467	5.29674
	44.7287	6.78617
	43.5646	6.71259
	47.0158	6.93112
	40.3596	6.48593
	40.5236	6.48541
	47.7697	7.0036
	34.0725	6.00658
	42.5646	6.63769
	38.8517	6.32828
	43.4826	6.71284
	39.6877	6.40733
	33.5236	5.92119
	38.7287	6.32868
	43.4006	6.71309
	35.3596	6.08829
	35.5646	6.0876
	39.4416	6.40811
	32.9337	5.8347
	38.8517	6.32828
	39.5236	6.40785
	43.7697	6.71196
	28.3596	5.48336
	31.5646	5.74968
	49.6467	7.14531
	46.7287	6.93196
	38.8927	6.32814
	52.1545	7.35362
	44.5646	6.78667
	46.2366	6.93342
	31.1135	5.75129
	52.4006	7.35293
	44.4416	6.78704
	35.5646	6.0876
	44.1388	6.71084
	46.1956	6.93354
	42.4416	6.63807
	50.8927	7.21425
	45.8107	6.85921
	52.6057	7.35236
	50.4826	7.21542
	36.5236	6.16932
	50.1545	7.21635
	42.6877	6.63731
	43.3596	6.71322
	42.7287	6.63718
	28.4826	5.4829
	38.8517	6.32828
	39.7287	6.40719
	37.7697	6.24904
	45.6877	6.85958
	34.9337	6.00364
	38.7697	6.32854
	56.6467	7.61942
	33.4826	5.92134
	55.6877	7.5534
	45.6057	6.85982
	48.5646	7.07523
	51.1956	7.28519
	40.7697	6.48463
	43.5236	6.71272
	38.4416	6.32961
	51.6877	7.28381
	45.7287	6.85946
	40.2366	6.48632
	42.9747	6.63642
	41.1545	6.56321
	50.4006	7.21565
	41.6467	6.56167
	49.5646	7.14555
	37.6467	6.24944
	37.4826	6.24998
	44.4826	6.78692
	43.7697	6.71196
	47.8517	7.00336
	37.5236	6.24984
	39.4006	6.40824
	41.7287	6.56141
	40.8927	6.48424
	42.4006	6.63819
	35.6467	6.08732
	39.9747	6.40641
	42.6057	6.63756
	44.2366	6.78766
	34.7697	6.0042
	49.2776	7.14637
	36.5646	6.16919
	38.6877	6.32881
	51.6877	7.28381
	32.6877	5.83556
	46.8107	6.93172
	44.7287	6.78617
	42.6877	6.63731
	57.7287	7.68454
	54.0725	7.48859
	44.8517	6.7858
	51.4826	7.28438
	34.1388	5.91906
	42.7697	6.63705
	35.8107	6.08677
	39.5646	6.40772
	32.4826	5.83629
	49.6057	7.14543
	39.5236	6.40785
	38.6877	6.32881
	41.8107	6.56116
	26.6057	5.2969
	42.5236	6.63781
	49.8517	7.14472
	49.8517	7.14472
	35.6057	6.08746
	34.7697	6.0042
	46.8927	6.93148
	43.6057	6.71246
	45.1545	6.86117
	41.4416	6.56231
	37.4006	6.25025
	51.5646	7.28415
	47.0315	7.00576
	37.3596	6.25038
	49.4416	7.1459
	43.7697	6.71196
	53.4416	7.42051
	48.7697	7.07463
	36.9337	6.16796
	39.8517	6.4068
	38.3596	6.32987
	29.1956	5.57441
	35.4416	6.08801
	33.5236	5.92119
	47.5236	7.00432
	36.6057	6.16905
	40.0158	6.40628
	39.4006	6.40824
	45.3596	6.86056
	44.7697	6.78605
	49.2776	7.14637
	40.8927	6.48424
	42.6877	6.63731
	53.8107	7.41949
	47.8517	7.00336
	41.8107	6.56116
	38.6467	6.32894
	45.7287	6.85946
	44.2208	6.71059
	42.3186	6.63845
	39.4826	6.40798
	36.7287	6.16864
	37.8517	6.24877
	40.5646	6.48528
	51.5236	7.28427
	54.7697	7.48669
	54.9337	7.48624
	51.6467	7.28392
	33.8107	5.9202
	49.7287	7.14508
	41.2366	6.56295
	39.8107	6.40693
	41.2776	6.56282
	43.5236	6.71272
	60.6877	7.87742
	66.6467	8.24958
	57.6057	7.68487
	55.3596	7.55429
	59.7697	7.81348
	68.8107	8.36951
	46.4006	6.93294
	47.8517	7.00336
	48.6057	7.07511
	44.7287	6.78617
	40.0568	6.40614
	32.6467	5.83571
	37.6467	6.24944
	42.8927	6.63667
	52.9337	7.35144
	41.4826	6.56218
	42.6877	6.63731
	40.7697	6.48463
	40.4416	6.48567
	40.9337	6.48411
	37.8927	6.24863
	34.0568	5.91935
	41.8107	6.56116
	40.6057	6.48515
	47.7287	7.00372
	48.6877	7.07487
	46.8517	6.9316
	37.8517	6.24877
	46.7697	6.93184
	43.6467	6.71234
	45.8927	6.85897
	49.6877	7.1452
	61.7697	7.94043
	67.7697	8.30966
	57.7697	7.68443
	97.5646	9.95283
	80.6057	9.05854
	69.9747	8.42864
	58.1956	7.75074
	41.4006	6.56244
	44.7697	6.78605
	54.6467	7.48702
	32.6057	5.83585
	28.4826	5.4829
	34.4826	6.00518
	34.8107	6.00406
	37.4826	6.24998
	39.6057	6.40759
	43.8517	6.71171
	46.4006	6.93294
	30.4416	5.6625
	48.0568	7.00276
	41.8517	6.56103
	30.7287	5.66146
	34.7697	6.0042
	44.5236	6.78679
	32.8107	5.83513
	47.0978	6.93087
	37.0158	6.16769
	36.8927	6.1681
	43.5646	6.71259
	29.4826	5.57335
	46.8927	6.93148
	33.6057	5.92091
	37.6467	6.24944
	30.9747	5.66057
	34.5646	6.0049
	49.7697	7.14496
	39.0978	6.32748
	38.9747	6.32788
	30.8107	5.66116
	39.6057	6.40759
	39.8107	6.40693
	42.6467	6.63743
	38.8517	6.32828
	40.0158	6.40628
	46.8107	6.93172
	46.8927	6.93148
	40.9747	6.48398
	34.7287	6.00434
	43.8927	6.71159
	44.9337	6.78555
	32.6057	5.83585
	51.4826	7.28438
	23.8927	5.00454
	50.4416	7.21553
	38.5646	6.32921
	46.4826	6.93269
	31.8107	5.74881
	40.7697	6.48463
	38.5646	6.32921
	35.6467	6.08732
	37.7287	6.24917
	26.9337	5.29563
	36.6467	6.16891
	40.7287	6.48476
	37.0568	6.16755
	41.4826	6.56218
	40.9747	6.48398
	30.7697	5.66131
	41.7287	6.56141
	37.7697	6.24904
	42.8107	6.63692
	45.6467	6.8597
	37.4416	6.25011
	40.9747	6.48398
	41.3186	6.56269
	57.9747	7.68388
	46.0568	6.85848
	34.6467	6.00462
	56.0978	7.55228
	58.8927	7.7489
	47.7287	7.00372
	44.8927	6.78568
	45.9747	6.85872
	37.4416	6.25011
	40.1388	6.40588
	44.5646	6.78667
	44.5236	6.78679
	44.2208	6.71059
	47.4826	7.00444
	32.6057	5.83585
	28.7697	5.48183
	53.7287	7.41971
	46.9747	6.93124
	30.8517	5.66102
	51.6467	7.28392
	56.0978	7.55228
	56.7287	7.6192
	54.2208	7.41835
	53.7287	7.41971
	55.5646	7.55373
	61.8517	7.94022
	34.6057	6.00476
	48.8927	7.07428
	47.3596	7.0048
	36.0158	6.08608
	31.4006	5.75027
	40.6877	6.48489
	47.7697	7.0036
	48.5236	7.07535
	40.0978	6.40601
	46.4826	6.93269
	49.7287	7.14508
	40.6877	6.48489
	32.5646	5.836
	41.5804	6.64072
	38.1956	6.3304
	41.8265	6.63997
	32.4826	5.83629
	46.6877	6.93209
	42.2366	6.6387
	53.8927	7.41926
	42.3596	6.63832
	50.0568	7.14414
	34.8517	6.00392
	46.7697	6.93184
	34.8517	6.00392
	51.6467	7.28392
	42.0158	6.56052
	41.9337	6.56077
	37.9337	6.2485
	35.0568	6.00322
	46.8517	6.9316
	32.0978	5.74778
	52.9337	7.35144
	40.9747	6.48398
	33.9337	5.91977
	38.6057	6.32907
	41.6057	6.5618
	39.2208	6.32708
	34.6877	6.00448
	42.1388	6.56013
	48.2618	7.00216
	46.4826	6.93269
	38.8517	6.32828
	33.6877	5.92063
	41.9337	6.56077
	34.8107	6.00406
	48.9747	7.07404
	41.9337	6.56077
	32.7287	5.83542
	53.7287	7.41971
	34.3028	5.9185
	36.1388	6.08567
	48.9337	7.07416
	40.8927	6.48424
	39.9747	6.40641
	33.9337	5.91977
	54.7697	7.48669
	36.5646	6.16919
	40.0158	6.40628
	37.8927	6.24863
	39.8517	6.4068
	30.5236	5.6622
	61.9337	7.94001
	51.5236	7.28427
	45.8107	6.85921
	35.1798	6.0028
	52.8927	7.35156
	31.6057	5.74954
	48.8927	7.07428
	46.7697	6.93184
	48.8107	7.07452
	37.8107	6.2489
	46.9337	6.93136
	40.9747	6.48398
	46.0568	6.85848
	42.6467	6.63743
	34.1388	5.91906
	40.0158	6.40628
	40.6877	6.48489
	29.8517	5.57199
	51.4006	7.28461
	38.8107	6.32841
	47.3028	6.93027
	46.6877	6.93209
	43.9747	6.71134
	35.8927	6.08649
	45.8927	6.85897
	35.6057	6.08746
	40.6877	6.48489
	41.7697	6.56128
	49.8927	7.14461
	43.7287	6.71209
	41.8927	6.5609
	42.7697	6.63705
	40.7697	6.48463
	41.0568	6.48372
	42.7697	6.63705
	47.5646	7.0042
	42.8107	6.63692
	41.2208	6.48321
	53.5646	7.42017
	42.8927	6.63667
	39.9747	6.40641
	41.8927	6.5609
	48.7697	7.07463
	47.0568	6.93099
	54.3186	7.48792
	36.0978	6.0858
	45.0158	6.78531
	38.2208	6.24756
	49.8107	7.14484
	46.7287	6.93196
	40.9747	6.48398
	46.9337	6.93136
	35.9337	6.08636
	40.2208	6.40562
	34.1388	5.91906
	54.6057	7.48713
	49.8107	7.14484
	35.1798	6.0028
	38.6877	6.32881
	45.0158	6.78531
	42.8927	6.63667
	28.2208	5.38813
	34.6057	6.00476
	38.8927	6.32814
	38.2366	6.33027
	35.6877	6.08718
	30.9747	5.66057
	45.9747	6.85872
	51.8927	7.28323
	34.8927	6.00378
	45.2208	6.78469
	43.6877	6.71221
	51.7287	7.28369
	50.1388	7.1439
	45.6467	6.8597
	47.8107	7.00348
	46.1545	6.93366
	37.7697	6.24904
	46.1545	6.93366
	35.3186	6.08843
	38.4416	6.32961
	22.5646	4.90498
	35.5646	6.0876
	30.8107	5.66116
	40.8107	6.4845
	40.6467	6.48502
	31.9747	5.74822
	39.8107	6.40693
	31.9747	5.74822
	49.8107	7.14484
	32.7287	5.83542
	46.6467	6.93221
	36.6467	6.16891
	36.5236	6.16932
	39.0568	6.32761
	40.0158	6.40628
	35.0978	6.00308
	47.9337	7.00312
	40.3028	6.40536
	26.9747	5.29547
	31.0158	5.66042
	30.3438	5.57018
	35.1798	6.0028
	35.7287	6.08705
	34.9337	6.00364
	35.9337	6.08636
	41.0158	6.48385
	38.1798	6.24769
	32.8927	5.83484
	47.3438	6.93014
	42.1798	6.56
	54.0978	7.41869
	82.6467	9.16818
	136.893	11.7493
	267.606	16.403
	348.852	18.7095
	579.934	24.1048
	628.688	25.1009
	679.098	26.0775
	507.18	22.5396
	371.016	19.2883
	217.729	14.8004
	134.221	11.6203
	71.9337	8.54656
	53.8927	7.41926
	59.8927	7.81316
	54.9337	7.48624
	44.7287	6.78617
	48.8517	7.0744
	40.0158	6.40628
	42.8927	6.63667
	39.6877	6.40733
	31.6467	5.74939
	40.7287	6.48476
	43.1956	6.71372
	37.9747	6.24836
	47.9747	7.003
	28.0978	5.3886
	35.1798	6.0028
	31.8927	5.74851
	27.8107	5.38969
	39.1388	6.32735
	32.8107	5.83513
	36.0158	6.08608
	32.3438	5.7469
	38.9337	6.32801
	31.0568	5.66027
	34.3028	5.9185
	40.0158	6.40628
	38.7287	6.32868
	37.0568	6.16755
	35.0978	6.00308
	39.4259	6.32642
	31.0568	5.66027
	35.2618	6.00252
	35.0978	6.00308
	31.8927	5.74851
	19.6877	4.58844
	26.1135	5.29881
	30.4006	5.66265
	30.4006	5.66265
	30.5236	5.6622
	39.6877	6.40733
	38.0978	6.24796
	35.8107	6.08677
	31.1798	5.65983
	31.0978	5.66012
	37.2208	6.16701
	42.1388	6.56013
	36.0158	6.08608
	34.9337	6.00364
	29.9337	5.57169
	31.7697	5.74895
	30.1956	5.66339
	31.8107	5.74881
	42.0158	6.56052
	37.9337	6.2485
	30.0978	5.57109
	35.0158	6.00336
	35.8927	6.08649
	29.8107	5.57214
	40.1798	6.40575
	36.8107	6.16837
	25.8927	5.20052
	25.6877	5.20133
	46.8517	6.9316
	39.0158	6.32775
	36.3438	6.08497
	47.2208	6.93051
	39.0568	6.32761
	32.1388	5.74764
	30.8517	5.66102
	34.8927	6.00378
	37.6877	6.24931
	32.8927	5.83484
	44.7287	6.78617
	47.8517	7.00336
	34.8927	6.00378
	33.1798	5.83384
	30.9337	5.66072
	34.0158	5.91949
	36.0568	6.08594
	37.0568	6.16755
	33.8927	5.91992
	25.0978	5.10265
	29.0158	5.48091
	39.7697	6.40706
	26.9337	5.29563
	33.0158	5.83441
	38.9337	6.32801
	33.7697	5.92034
	60.6057	7.87764
	28.3028	5.38782
	43.1388	6.63591
	49.0568	7.0738
	55.8517	7.55295
	56.1798	7.55206
	52.1798	7.28242
	36.3848	6.08484
	26.1798	5.19939
	28.2208	5.38813
	27.9337	5.38922
	31.1798	5.65983
	29.9337	5.57169
	31.7697	5.74895
	40.0158	6.40628
	22.8927	4.90361
	30.1388	5.57094
	26.0158	5.20004
	30.7287	5.66146
	37.3848	6.16646
	23.6877	5.00538
	48.3028	7.00204
	40.9747	6.48398
	37.3028	6.16673
	40.9337	6.48411
	24.5079	5.00202
	28.8927	5.48137
	38.2618	6.24742
	31.1798	5.65983
	24.3438	5.00269
	34.9747	6.0035
	31.0978	5.66012
	33.4259	5.83297
	29.1798	5.4803
	23.2618	4.90207
	43.0568	6.63616
	42.9747	6.63642
	30.2618	5.57048
	32.8927	5.83484
	49.7287	7.14508
	33.2618	5.83355
	39.8517	6.4068
	34.1798	5.91892
	37.2208	6.16701
	31.9747	5.74822
	31.8927	5.74851
	30.9747	5.66057
	25.0978	5.10265
	31.7697	5.74895
	39.4669	6.32628
	32.8107	5.83513
	58.0978	7.68355
	26.1388	5.19955
	39.9337	6.40654
	38.9747	6.32788
	40.9337	6.48411
	29.1798	5.4803
	31.2208	5.65968
	30.3438	5.57018
	32.6057	5.83585
	43.8927	6.71159
	34.0978	5.91921
	49.9747	7.14437
	35.0978	6.00308
	35.9747	6.08622
	43.2618	6.63553
	42.0568	6.56039
	27.0568	5.29516
	37.8107	6.2489
	40.1798	6.40575
	35.2618	6.00252
	31.8107	5.74881
	35.1798	6.0028
	32.9337	5.8347
	27.8107	5.38969
	33.1798	5.83384
	37.9337	6.2485
	26.0978	5.19971
	37.2208	6.16701
	20.2208	4.58606
	30.1388	5.57094
	39.3438	6.32668
	33.9747	5.91963
	35.7287	6.08705
	29.0568	5.48076
	42.9747	6.63642
	45.7697	6.85933
	39.2208	6.32708
	34.8927	6.00378
	39.1388	6.32735
	31.7697	5.74895
	35.0158	6.00336
	31.8107	5.74881
	36.3848	6.08484
	35.0568	6.00322
	39.0568	6.32761
	30.8927	5.66087
	35.8927	6.08649
	47.9747	7.003
	46.9337	6.93136
	40.1798	6.40575
	46.3848	6.85749
	53.2208	7.35064
	39.3028	6.32682
	34.1798	5.91892
	40.1388	6.40588
	33.3438	5.83326
	31.3848	5.65908
	44.2208	6.71059
	38.3028	6.24729
	40.0568	6.40614
	36.2618	6.08525
	45.0158	6.78531
	32.9337	5.8347
	34.3438	5.91835
	35.8927	6.08649
	41.1388	6.48347
	36.3438	6.08497
	33.0978	5.83412
	32.2618	5.7472
	35.1388	6.00294
	38.8107	6.32841
	28.2208	5.38813
	35.2208	6.00266
	40.2208	6.40562
	29.3028	5.47983
	41.3438	6.48282
	31.2208	5.65968
	31.5079	5.65864
	29.5079	5.47907
	38.2208	6.24756
	37.2208	6.16701
	30.0978	5.57109
	39.0978	6.32748
	37.4259	6.16632
	37.3438	6.1666
	36.7287	6.16864
	29.0158	5.48091
	27.0568	5.29516
	37.2618	6.16687
	35.4259	6.00196
	28.1798	5.38829
	40.0158	6.40628
	40.2618	6.40549
	34.2618	5.91864
	30.9337	5.66072
	27.0158	5.29532
	30.8517	5.66102
	23.6057	5.00571
	30.7287	5.66146
	27.9495	5.4849
	40.1956	6.48645
	26.7287	5.29643
	39.0568	6.32761
	27.0568	5.29516
	26.0568	5.19987
	37.2208	6.16701
	29.0568	5.48076
	34.0158	5.91949
	34.1388	5.91906
	33.9337	5.91977
	27.3028	5.2942
	36.5489	6.08428
	36.2618	6.08525
	35.9747	6.08622
	38.8107	6.32841
	34.9747	6.0035
	34.0158	5.91949
	28.0978	5.3886
	38.2618	6.24742
	41.0568	6.48372
	38.3028	6.24729
	45.1388	6.78493
	37.0978	6.16741
	48.1798	7.0024
	73.0158	8.60467
	99.8517	10.0522
	159.18	12.6504
	169.934	13.0784
	198.467	14.1075
	183.057	13.5661
	144.18	12.043
	114.508	10.7247
	64.0568	8.06466
	55.2618	7.48534
	53.9747	7.41903
	46.2618	6.85786
	40.2618	6.40549
	35.1388	6.00294
	43.2208	6.63566
	39.8927	6.40667
	45.2618	6.78456
	33.2618	5.83355
	43.2618	6.63553
	43.0978	6.63604
	39.0978	6.32748
	41.1798	6.48334
	33.1388	5.83398
	36.9337	6.16796
	37.9337	6.2485
	35.3848	6.0021
	51.3438	7.21297
	46.1798	6.85811
	26.2208	5.19923
	25.4259	5.10133
	39.3028	6.32682
	36.3848	6.08484
	32.9337	5.8347
	27.3848	5.29389
	36.3028	6.08511
	34.3438	5.91835
	39.3848	6.32655
	41.4669	6.48243
	35.3028	6.00238
	37.2208	6.16701
	50.0978	7.14402
	40.3848	6.40509
	36.6467	6.16891
	29.1388	5.48045
	29.0158	5.48091
	31.0568	5.66027
	32.3028	5.74705
	32.2618	5.7472
	34.0158	5.91949
	22.3028	4.79881
	39.4669	6.32628
	36.1388	6.08567
	33.3438	5.83326
	42.0158	6.56052
	26.0158	5.20004
	24.3438	5.00269
	33.8517	5.92006
	31.3028	5.65938
	34.0568	5.91935
	32.0568	5.74793
	33.4669	5.83283
	22.2208	4.79916
	30.0978	5.57109
	26.1388	5.19955
	20.9747	4.6949
	24.3848	5.00252
	34.3028	5.9185
	30.8927	5.66087
	34.9747	6.0035
	31.5079	5.65864
	22.1388	4.79951
	30.0978	5.57109
	35.1388	6.00294
	26.2208	5.19923
	27.1798	5.29468
	31.0978	5.66012
	26.1388	5.19955
	29.0568	5.48076
	25.0978	5.10265
	28.0978	5.3886
	27.0568	5.29516
	24.3848	5.00252
	33.0158	5.83441
	35.2618	6.00252
	30.2208	5.57063
	29.5079	5.47907
	21.3028	4.69346
	33.0158	5.83441
	39.8927	6.40667
	23.3848	4.90155
	34.9747	6.0035
	27.2618	5.29436
	27.0158	5.29532
	38.0568	6.24809
	36.2208	6.08539
	43.3028	6.6354
	24.2208	5.00319
	35.8107	6.08677
	47.1798	6.93063
	34.9747	6.0035
	25.1388	5.10248
	21.0158	4.69472
	33.9337	5.91977
	29.8927	5.57184
	29.3438	5.47968
	35.2618	6.00252
	31.7287	5.7491
	31.0568	5.66027
	40.3438	6.40523
	39.2208	6.32708
	27.0568	5.29516
	25.9747	5.2002
	25.1798	5.10232
	41.1798	6.48334
	33.1388	5.83398
	19.2208	4.47571
	29.5079	5.47907
	32.3028	5.74705
	28.3028	5.38782
	25.2208	5.10215
	34.0568	5.91935
	29.0978	5.4806
	25.5489	5.10083
	34.2208	5.91878
	32.1388	5.74764
	38.0978	6.24796
	31.6877	5.74925
	25.4006	5.20246
	23.2933	5.10989
	25.0473	5.30293
	11.3248	4.02389
	18.899	4.81333
	16.5551	4.4879
	20.1703	4.80792
	31.7854	5.83873
	34.8517	6.00392
	23.1798	4.90241
	23.6877	5.00538
	22.9747	4.90327
	21.0568	4.69454
	34.2208	5.91878
	24.2208	5.00319
	30.7697	5.66131
	21.9337	4.80039
	23.3438	4.90173
	22.0978	4.79969
	23.4259	4.90138
	24.4259	5.00235
	23.3848	4.90155
	23.2618	4.90207
	28.0978	5.3886
	25.2208	5.10215
	32.1798	5.74749
	22.2208	4.79916
	19.3848	4.47496
	23.4259	4.90138
	38.1798	6.24769
	26.3028	5.1989
	23.0568	4.90293
	25.0978	5.10265
	20.1798	4.58624
	27.3028	5.2942
	27.4259	5.29373
	42.1388	6.56013
	41.2618	6.48308
	35.0158	6.00336
	34.4669	5.91793
	29.0568	5.48076
	28.4669	5.38719
	31.3848	5.65908
	30.0978	5.57109
	24.0158	5.00403
	30.3848	5.57003
	18.3438	4.36198
	15.3028	4.00357
	20.3438	4.58551
	26.0978	5.19971
	14.5079	3.87559
	30.4669	5.56973
	21.0978	4.69436
	35.4669	6.00182
	21.3848	4.6931
	29.7287	5.57244
	17.2618	4.24621
	32.9747	5.83456
	31.0978	5.66012
	19.3848	4.47496
	27.2208	5.29452
	34.2618	5.91864
	30.3438	5.57018
	28.5489	5.38688
	26.5489	5.19793
	28.2208	5.38813
	24.2618	5.00303
	20.3438	4.58551
	22.0568	4.79986
	15.7697	4.12922
	16.8927	4.24799
	31.0978	5.66012
	21.9747	4.80021
	24.5236	5.10495
	20.8517	4.69543
	21.6877	4.80144
	18.8107	4.47759
	18.0158	4.36353
	20.2618	4.58588
	25.1388	5.10248
	24.3848	5.00252
	18.3028	4.36218
	29.4669	5.47922
	35.0978	6.00308
	17.3028	4.24601
	30.2208	5.57063
	18.3028	4.36218
	22.0568	4.79986
	21.3028	4.69346
	14.3438	3.87646
	20.1388	4.58643
	24.2618	5.00303
	34.3028	5.9185
	14.3848	3.87624
	28.0978	5.3886
	21.4259	4.69293
	21.3028	4.69346
	19.0978	4.47627
	14.1798	3.87732
	18.3028	4.36218
	26.1798	5.19939
	21.4259	4.69293
	27.0158	5.29532
	18.2208	4.36256
	15.9337	4.1284
	21.2208	4.69382
	16.0978	4.12759
	22.1388	4.79951
	31.6309	5.65819
	19.6309	4.47383
	17.5489	4.24482
	14.1798	3.87732
	22.8927	4.90361
	22.2208	4.79916
	10.4669	3.31992
	16.1798	4.12718
	21.2618	4.69364
	25.2208	5.10215
	24.2208	5.00319
	28.0158	5.38891
	22.8927	4.90361
	24.2618	5.00303
	22.9747	4.90327
	22.3438	4.79864
	17.9747	4.36372
	15.1798	4.0042
	10.1798	3.32169
	20.1388	4.58643
	15.7287	4.12942
	17.3028	4.24601
	25.2618	5.10199
	15.2208	4.00399
	24.2618	5.00303
	24.1388	5.00353
	27.0568	5.29516
	21.4259	4.69293
	22.3028	4.79881
	23.1798	4.90241
	26.0568	5.19987
	17.3028	4.24601
	16.2618	4.12678
	17.4669	4.24522
	17.3028	4.24601
	23.5079	4.90104
	13.0978	3.7466
	26.7129	5.19729
	32.3028	5.74705
	16.2208	4.12698
	14.3848	3.87624
	19.3028	4.47533
	25.1388	5.10248
	25.3848	5.10149
	17.2208	4.2464
	25.1798	5.10232
	25.3438	5.10166
	18.6309	4.36063
	14.3438	3.87646
	19.0568	4.47646
	14.2618	3.87689
	20.0158	4.58698
	17.0978	4.247
	23.2208	4.90224
	20.3028	4.58569
	21.1388	4.69418
	21.2618	4.69364
	10.8107	3.47113
	20.7287	4.69597
	26.8517	5.29595
	43.7287	6.71209
	68.6877	8.36982
	116.073	10.8664
	186.18	13.676
	340.098	18.4672
	453.139	21.3081
	550.385	23.4739
	552.016	23.5168
	482.139	21.9781
	339.975	18.4673
	222.852	14.9682
	156.498	12.6136
	86.2113	9.44004
	51.3753	7.35579
	30.7444	5.75261
	42.6214	6.71547
	31.1545	5.75115
	19.7287	4.58826
	26.1798	5.19939
	27.9747	5.38907
	24.2618	5.00303
	20.9747	4.6949
	16.9337	4.24779
	21.2618	4.69364
	31.3438	5.65923
	25.3028	5.10182
	17.5079	4.24502
	22.4259	4.79829
	16.3848	4.12616
	27.4259	5.29373
	14.1388	3.87754
	19.3028	4.47533
	17.4259	4.24541
	12.3848	3.60905
	16.4259	4.12596
	20.3438	4.58551
	22.2208	4.79916
	16.4259	4.12596
	23.3028	4.9019
	20.2208	4.58606
	25.6309	5.1005
	14.1798	3.87732
	19.2208	4.47571
	20.3028	4.58569
	21.4259	4.69293
	16.2208	4.12698
	12.1388	3.61045
	16.1388	4.12739
	26.2618	5.19906
	11.3438	3.46798
	12.0158	3.61114
	17.2208	4.2464
	16.4259	4.12596
	12.2618	3.60975
	18.3028	4.36218
	24.5079	5.00202
	12.3028	3.60951
	12.2618	3.60975
	16.5079	4.12555
	18.3438	4.36198
	12.4259	3.60882
	12.3438	3.60928
	15.0158	4.00504
	19.1388	4.47608
	24.5489	5.00185
	20.9337	4.69507
	16.3028	4.12657
	17.3028	4.24601
	14.4669	3.8758
	16.1798	4.12718
	15.5079	4.00252
	17.2618	4.24621
	16.4259	4.12596
	13.2618	3.7457
	15.2208	4.00399
	21.5489	4.69239
	15.3438	4.00336
	14.4669	3.8758
	22.5489	4.79776
	24.2208	5.00319
	15.2208	4.00399
	15.5079	4.00252
	17.2208	4.2464
	20.5899	4.58441
	18.6309	4.36063
	20.2618	4.58588
	22.3848	4.79846
	14.0978	3.87776
	20.3848	4.58533
	23.4669	4.90121
	13.3438	3.74525
	13.4259	3.7448
	11.4259	3.4675
	17.5899	4.24462
	13.0158	3.74705
	20.3848	4.58533
	12.2208	3.60998
	19.3028	4.47533
	15.4669	4.00273
	19.5079	4.47439
	11.5489	3.46677
	21.2618	4.69364
	14.1388	3.87754
	17.3438	4.24581
	22.2618	4.79899
	12.4669	3.60858
	10.4259	3.32017
	16.2618	4.12678
	19.2618	4.47552
	19.5079	4.47439
	22.8517	4.90378
	18.5489	4.36102
	15.3028	4.00357
	19.8927	4.58753
	15.0158	4.00504
	24.2618	5.00303
	18.1798	4.36276
	9.38485	3.16626
	16.3028	4.12657
	22.2208	4.79916
	15.5489	4.00231
	16.8517	4.24819
	17.0978	4.247
	10.4259	3.32017
	19.0978	4.47627
	20.4259	4.58514
	9.63091	3.16467
	17.4259	4.24541
	16.3848	4.12616
	21.5489	4.69239
	30.3438	5.57018
	31.3028	5.65938
	30.5899	5.56927
	36.4259	6.0847
	40.2208	6.40562
	32.2618	5.7472
	26.3028	5.1989
	23.3848	4.90155
	31.4669	5.65879
	19.8927	4.58753
	14.0978	3.87776
	10.4669	3.31992
	13.5489	3.74413
	16.0978	4.12759
	11.7129	3.4658
	27.4669	5.29357
	16.3028	4.12657
	15.1798	4.0042
	14.1388	3.87754
	13.3848	3.74503
	14.4669	3.8758
	11.3848	3.46774
	13.2618	3.7457
	14.0978	3.87776
	12.9337	3.7475
	19.5489	4.4742
	15.1388	4.00441
	17.2208	4.2464
	12.4259	3.60882
	17.7129	4.24403
	11.5899	3.46653
	12.1388	3.61045
	16.8517	4.24819
	18.9747	4.47683
	24.3438	5.00269
	12.5489	3.60812
	12.3438	3.60928
	13.5489	3.74413
	10.2618	3.32119
	14.3438	3.87646
	17.3028	4.24601
	13.2208	3.74593
	21.5079	4.69257
	14.3848	3.87624
	13.3438	3.74525
	12.5079	3.60835
	13.0978	3.7466
	12.4259	3.60882
	15.5899	4.0021
	20.3438	4.58551
	4.34384	2.24208
	10.5899	3.31916
	15.3848	4.00315
	15.9337	4.1284
	18.3438	4.36198
	8.09778	3.00616
	17.3028	4.24601
	15.0568	4.00483
	18.4259	4.3616
	14.2618	3.87689
	18.1798	4.36276
	17.3438	4.24581
	13.3848	3.74503
	21.5079	4.69257
	14.5489	3.87537
	12.2208	3.60998
	7.42586	2.83259
	14.4259	3.87602
	20.2618	4.58588
	10.3028	3.32093
	14.4669	3.8758
	18.4259	4.3616
	5.30283	2.45532
	12.5899	3.60788
	11.3438	3.46798
	16.5489	4.12535
	11.3438	3.46798
	11.3028	3.46823
	23.2618	4.90207
	10.4669	3.31992
	12.2618	3.60975
	15.3848	4.00315
	9.13879	3.16786
	16.3438	4.12637
	14.0158	3.87819
	17.4259	4.24541
	15.2208	4.00399
	12.2618	3.60975
	18.3028	4.36218
	15.3028	4.00357
	16.5079	4.12555
	18.3438	4.36198
	15.6719	4.00168
	17.0568	4.2472
	18.3438	4.36198
	12.6309	3.60765
	10.0978	3.3222
	16.0568	4.12779
	9.26182	3.16706
	8.05676	3.00644
	17.3438	4.24581
	19.2618	4.47552
	15.4259	4.00294
	12.5899	3.60788
	22.0158	4.80004
	19.3848	4.47496
	16.4259	4.12596
	18.5489	4.36102
	18.3028	4.36218
	12.3438	3.60928
	13.2208	3.74593
	14.3028	3.87667
	10.3848	3.32043
	14.3848	3.87624
	15.3028	4.00357
	13.3848	3.74503
	11.1798	3.46895
	15.3848	4.00315
	15.3028	4.00357
	19.0158	4.47665
	16.4669	4.12576
	8.42586	3.00392
	16.4259	4.12596
	16.3438	4.12637
	12.4669	3.60858
	15.3848	4.00315
	13.4669	3.74458
	10.6309	3.31891
	11.3028	3.46823
	11.4259	3.4675
	16.3848	4.12616
	9.1798	3.16759
	13.4259	3.7448
	11.4259	3.4675
	16.2618	4.12678
	10.5899	3.31916
	15.4669	4.00273
	14.0568	3.87797
	9.26182	3.16706
	21.1798	4.694
	12.4259	3.60882
	16.1798	4.12718
	18.3028	4.36218
	10.3438	3.32068
	12.2208	3.60998
	18.3438	4.36198
	20.3028	4.58569
	19.6719	4.47364
	12.3848	3.60905
	16.5899	4.12514
	20.3848	4.58533
	9.38485	3.16626
	17.5489	4.24482
	12.3848	3.60905
	16.7539	4.12433
	10.4259	3.32017
	14.3438	3.87646
	8.38485	3.0042
	24.4669	5.00219
	15.0568	4.00483
	14.2618	3.87689
	15.1388	4.00441
	13.5899	3.7439
	16.8107	4.24838
	27.2618	5.29436
	12.3438	3.60928
	14.4669	3.8758
	8.42586	3.00392
	12.5899	3.60788
	17.3438	4.24581
	13.3438	3.74525
	12.5489	3.60812
	14.3848	3.87624
	17.4259	4.24541
	18.3028	4.36218
	19.5079	4.47439
	15.4669	4.00273
	14.3848	3.87624
	18.4259	4.3616
	16.5079	4.12555
	16.4669	4.12576
	15.4669	4.00273
	14.0978	3.87776
	6.30283	2.65115
	17.3028	4.24601
	15.4669	4.00273
	18.1388	4.36295
	14.5079	3.87559
	22.2208	4.79916
	11.2618	3.46847
	23.0978	4.90275
	14.2618	3.87689
	7.50788	2.83199
	11.2208	3.46871
	12.7539	3.60695
	18.2208	4.36256
	19.4669	4.47458
	13.2618	3.7457
	10.2618	3.32119
	10.3848	3.32043
	14.4669	3.8758
	17.9747	4.36372
	13.3848	3.74503
	8.34384	3.00448
	12.3848	3.60905
	20.3028	4.58569
	16.6309	4.12494
	9.30283	3.1668
	16.3028	4.12657
	13.3848	3.74503
	14.5079	3.87559
	17.2618	4.24621
	16.1798	4.12718
	12.3848	3.60905
	15.1798	4.0042
	14.4669	3.8758
	10.2208	3.32144
	11.3028	3.46823
	10.3438	3.32068
	22.4669	4.79811
	14.5079	3.87559
	13.4669	3.74458
	12.4669	3.60858
	18.3438	4.36198
	21.5079	4.69257
	14.2618	3.87689
	12.0568	3.61091
	15.5079	4.00252
	19.7129	4.47345
	13.4259	3.7448
	12.2208	3.60998
	23.2618	4.90207
	11.3848	3.46774
	11.4259	3.4675
	8.42586	3.00392
	23.5079	4.90104
	20.3028	4.58569
	18.7129	4.36025
	13.6309	3.74368
	21.6309	4.69203
	19.5899	4.47402
	23.2208	4.90224
	16.4669	4.12576
	23.3438	4.90173
	13.4259	3.7448
	38.5899	6.24634
	60.1388	7.81251
	93.3438	9.69675
	143.508	12.0008
	203.385	14.2837
	277.344	16.6741
	377.385	19.4429
	355.549	18.8685
	330.057	18.1945
	248.508	15.7804
	121.303	11.0467
	90.4669	9.54054
	64.4669	8.06361
	52.4669	7.28161
	41.2208	6.48321
	65.5899	8.12507
	50.3028	7.14343
	63.4259	8.00147
	65.5899	8.12507
	67.2618	8.24805
	56.3438	7.55162
	51.2208	7.21332
	30.5079	5.56958
	27.5489	5.29325
	20.5489	4.58459
	14.3438	3.87646
	19.3848	4.47496
	24.2618	5.00303
	16.3848	4.12616
	16.0978	4.12759
	10.4669	3.31992
	14.3028	3.87667
	12.4259	3.60882
	19.4669	4.47458
	11.2208	3.46871
	7.46687	2.83229
	12.4259	3.60882
	18.3438	4.36198
	17.3438	4.24581
	18.7129	4.36025
	17.2618	4.24621
	11.5079	3.46701
	11.6719	3.46604
	16.2208	4.12698
	20.0978	4.58661
	14.4669	3.8758
	15.2618	4.00378
	14.3438	3.87646
	16.1798	4.12718
	15.4259	4.00294
	14.5079	3.87559
	11.5079	3.46701
	10.3438	3.32068
	14.2208	3.87711
	12.3438	3.60928
	24.5899	5.00168
	19.0978	4.47627
	17.5899	4.24462
	13.6309	3.74368
	18.4259	4.3616
	12.6309	3.60765
	13.4669	3.74458
	11.3848	3.46774
	11.4259	3.4675
	17.7129	4.24403
	25.2208	5.10215
	12.3848	3.60905
	15.4259	4.00294
	9.50788	3.16547
	10.3438	3.32068
	12.4259	3.60882
	18.2618	4.36237
	13.0568	3.74682
	5.34384	2.45498
	13.2208	3.74593
	14.4259	3.87602
	17.5489	4.24482
	22.4669	4.79811
	20.5489	4.58459
	22.1388	4.79951
	23.0568	4.90293
	33.5489	5.83254
	64.5489	8.06341
	119.344	10.9557
	184.303	13.6025
	261.467	16.1871
	362.139	19.0535
	441.303	21.0245
	455.385	21.3547
	363.139	19.0797
	270.262	16.463
	181.303	13.4918
	119.631	10.9551
	53.4259	7.35007
	41.3438	6.48282
	29.4669	5.47922
	25.5899	5.10067
	18.5079	4.36121
	16.6467	4.24918
	30.1798	5.57078
	12.6624	3.88534
	20.5804	4.80617
	20.7192	4.91269
	19.2933	4.70223
	11.1293	3.75736
	17.9905	4.48134
	26.8927	5.29579
	21.8927	4.80056
	21.4669	4.69275
	16.2208	4.12698
	15.3438	4.00336
	22.4669	4.79811
	18.6719	4.36044
	18.5489	4.36102
	22.2618	4.79899
	15.3438	4.00336
	20.5489	4.58459
	21.8517	4.80074
	14.3438	3.87646
	19.5489	4.4742
	22.3438	4.79864
	25.3848	5.10149
	30.1798	5.57078
	23.5489	4.90087
	16.3028	4.12657
	16.5899	4.12514
	23.3438	4.90173
	14.5079	3.87559
	23.5899	4.9007
	18.6309	4.36063
	9.42586	3.166
	10.4259	3.32017
	12.4669	3.60858
	16.4669	4.12576
	13.3438	3.74525
	14.3028	3.87667
	19.2208	4.47571
	20.5899	4.58441
	9.5899	3.16494
	16.4259	4.12596
	23.4669	4.90121
	10.0978	3.3222
	11.5489	3.46677
	15.3028	4.00357
	15.2208	4.00399
	15.3848	4.00315
	16.5899	4.12514
	12.5489	3.60812
	22.3848	4.79846
	20.6309	4.58423
	19.4259	4.47477
	16.1388	4.12739
	16.1798	4.12718
	15.5489	4.00231
	15.4669	4.00273
	16.4669	4.12576
	16.5079	4.12555
	13.3438	3.74525
	11.4669	3.46726
	10.7539	3.31815
	9.13879	3.16786
	9.42586	3.166
	14.6309	3.87494
	21.2618	4.69364
	16.6309	4.12494
	16.4669	4.12576
	18.3438	4.36198
	14.3438	3.87646
	22.5489	4.79776
	11.4259	3.4675
	17.3028	4.24601
	16.1388	4.12739
	16.3028	4.12657
	9.50788	3.16547
	12.6309	3.60765
	7.34384	2.83318
	20.2618	4.58588
	14.4669	3.8758
	15.3028	4.00357
	20.3848	4.58533
	13.5079	3.74435
	10.1798	3.32169
	12.0568	3.61091
	13.4669	3.74458
	14.3848	3.87624
	17.3438	4.24581
	17.1798	4.2466
	14.6309	3.87494
	12.3438	3.60928
	16.4259	4.12596
	18.2208	4.36256
	12.5489	3.60812
	14.8927	4.00567
	13.4669	3.74458
	9.54889	3.1652
	18.2618	4.36237
	16.0568	4.12779
	11.3848	3.46774
	16.2208	4.12698
	19.3438	4.47514
	10.3848	3.32043
	15.3028	4.00357
	18.3438	4.36198
	10.1798	3.32169
	18.0568	4.36333
	8.54889	3.00308
	16.2208	4.12698
	11.2208	3.46871
	15.1798	4.0042
	17.3848	4.24561
	21.0568	4.69454
	16.5899	4.12514
	20.1798	4.58624
	16.4259	4.12596
	13.1798	3.74615
	21.3438	4.69328
	20.2618	4.58588
	19.6309	4.47383
	11.3848	3.46774
	19.3848	4.47496
	10.3848	3.32043
	17.1798	4.2466
	13.2618	3.7457
	18.4669	4.36141
	15.5079	4.00252
	12.4669	3.60858
	15.1388	4.00441
	15.2208	4.00399
	16.3028	4.12657
	16.1388	4.12739
	9.1798	3.16759
	12.5489	3.60812
	15.6309	4.00189
	23.2208	4.90224
	18.3438	4.36198
	21.7129	4.69167
	16.4669	4.12576
	22.5079	4.79794
	13.1798	3.74615
	14.3028	3.87667
	8.30283	3.00476
	12.1798	3.61021
	18.5899	4.36083
	23.1798	4.90241
	19.2208	4.47571
	16.2618	4.12678
	21.4259	4.69293
	13.3028	3.74548
	17.5489	4.24482
	17.2208	4.2464
	20.5899	4.58441
	15.2618	4.00378
	18.5489	4.36102
	10.6309	3.31891
	16.6719	4.12474
	18.4259	4.3616
	21.3848	4.6931
	11.3848	3.46774
	15.6309	4.00189
	13.4259	3.7448
	17.5489	4.24482
	18.3028	4.36218
	12.4669	3.60858
	20.5489	4.58459
	11.2618	3.46847
	14.3848	3.87624
	29.4259	5.47937
	17.5079	4.24502
	21.3028	4.69346
	17.4259	4.24541
	17.3848	4.24561
	20.3438	4.58551
	19.5899	4.47402
	22.3848	4.79846
	18.2208	4.36256
	24.3438	5.00269
	12.4669	3.60858
	9.34384	3.16653
	12.2208	3.60998
	11.3028	3.46823
	16.1388	4.12739
	21.2208	4.69382
	14.6309	3.87494
	15.1798	4.0042
	14.2208	3.87711
	18.3848	4.36179
	7.63091	2.8311
	14.3438	3.87646
	15.3438	4.00336
	23.5489	4.90087
	15.2618	4.00378
	10.0978	3.3222
	17.2208	4.2464
	17.5079	4.24502
	9.26182	3.16706
	16.5079	4.12555
	16.5489	4.12535
	14.3438	3.87646
	23.1388	4.90258
	9.38485	3.16626
	15.6719	4.00168
	26.5899	5.19777
	13.4669	3.74458
	15.5079	4.00252
	17.5079	4.24502
	13.0978	3.7466
	14.1388	3.87754
	16.4669	4.12576
	14.2208	3.87711
	19.5079	4.47439
	10.5489	3.31941
	19.6719	4.47364
	9.13879	3.16786
	11.1798	3.46895
	14.2618	3.87689
	17.4259	4.24541
	14.1798	3.87732
	11.3848	3.46774
	7.38485	2.83288
	9.26182	3.16706
	17.5899	4.24462
	21.5079	4.69257
	15.4259	4.00294
	13.3028	3.74548
	14.3438	3.87646
	15.5489	4.00231
	14.5079	3.87559
	7.30283	2.83348
	13.4259	3.7448
	12.5899	3.60788
	13.5079	3.74435
	14.5079	3.87559
	11.1388	3.4692
	15.3848	4.00315
	13.1388	3.74637
	12.4259	3.60882
	12.2208	3.60998
	8.42586	3.00392
	8.13879	3.00588
	19.3028	4.47533
	7.1798	2.83437
	10.5489	3.31941
	9.1798	3.16759
	7.34384	2.83318
	8.42586	3.00392
	11.3438	3.46798
	9.34384	3.16653
	17.6309	4.24442
	11.2208	3.46871
	13.3848	3.74503
	5.38485	2.45463
	14.0568	3.87797
	20.4259	4.58514
	7.67192	2.8308
	10.1798	3.32169
	9.50788	3.16547
	16.1798	4.12718
	10.1798	3.32169
	10.5079	3.31967
	10.3028	3.32093
	10.5899	3.31916
	8.30283	3.00476
	15.4669	4.00273
	6.38485	2.65051
	11.2208	3.46871
	11.3438	3.46798
	7.38485	2.83288
	8.46687	3.00364
	5.50788	2.45361
	6.30283	2.65115
	12.3028	3.60951
	14.5079	3.87559
	7.5899	2.8314
	3.42586	2.00588
	9.42586	3.166
	5.5899	2.45292
	10.4259	3.32017
	9.50788	3.16547
	6.42586	2.6502
	13.1388	3.74637
	8.38485	3.0042
	10.6719	3.31865
	9.42586	3.166
	8.30283	3.00476
	12.2618	3.60975
	6.34384	2.65083
	7.50788	2.83199
	6.34384	2.65083
	8.22081	3.00532
	10.1798	3.32169
	10.1798	3.32169
	4.5899	2.23983
	19.2208	4.47571
	18.3028	4.36218
	28.5079	5.38704
	28.3848	5.38751
	44.5079	6.70971
	37.3028	6.16673
	51.2208	7.21332
	45.3028	6.78444
	27.6309	5.29293
	26.1388	5.19955
	20.3028	4.58569
	18.6309	4.36063
	9.54889	3.1652
	14.3438	3.87646
	7.50788	2.83199
	16.4259	4.12596
	11.3438	3.46798
	11.3438	3.46798
	15.6309	4.00189
	12.3438	3.60928
	8.54889	3.00308
	5.63091	2.45258
	3.34384	2.00672
	9.38485	3.16626
	13.3438	3.74525
	11.0978	3.46944
	5.38485	2.45463
	2.1798	1.74173
	5.34384	2.45498
	11.4259	3.4675
	7.34384	2.83318
	10.5079	3.31967
	6.26182	2.65147
	11.3848	3.46774
	6.30283	2.65115
	9.46687	3.16573
	13.5489	3.74413
	9.42586	3.166
	12.2208	3.60998
	5.42586	2.45429
	6.26182	2.65147
	5.13879	2.45669
	9.38485	3.16626
	12.1388	3.61045
	11.2208	3.46871
	6.30283	2.65115
	5.50788	2.45361
	5.46687	2.45395
	5.5899	2.45292
	4.34384	2.24208
	7.26182	2.83377
	5.1798	2.45635
	7.26182	2.83377
	5.30283	2.45532
	9.63091	3.16467
	8.34384	3.00448
	7.09778	2.83496
	6.30283	2.65115
	8.38485	3.0042
	9.22081	3.16733
	8.09778	3.00616
	6.30283	2.65115
	7.26182	2.83377
	9.22081	3.16733
	8.26182	3.00504
	18.4669	4.36141
	10.3848	3.32043
	9.38485	3.16626
	17.2208	4.2464
	15.3028	4.00357
	11.8927	3.61184
	14.0568	3.87797
	11.4826	3.61417
	13.6057	3.88036
	12.5236	3.74974
	12.6877	3.74884
	7.30283	2.83348
	5.26182	2.45566
	10.3028	3.32093
	4.05676	2.2447
	11.4259	3.4675
	6.26182	2.65147
	6.42586	2.6502
	9.5899	3.16494
	11.5899	3.46653
	4.34384	2.24208
	10.7129	3.3184
	6.34384	2.65083
	10.3438	3.32068
	3.71293	2.00294
	10.3028	3.32093
	3.34384	2.00672
	6.54889	2.64925
	4.79495	2.23795
	4.67192	2.23907
	6.5899	2.64893
	2.54889	1.73738
	3.38485	2.0063
	5.26182	2.45566
	7.46687	2.83229
	6.46687	2.64988
	3.09778	2.00923
	6.42586	2.6502
	10.5079	3.31967
	5.54889	2.45326
	2.75394	1.73496
	5.67192	2.45223
	9.54889	3.1652
	5.63091	2.45258
	4.79495	2.23795
	12.5079	3.60835
	4.46687	2.24095
	12.7539	3.60695
	10.2208	3.32144
	7.54889	2.8317
	8.5899	3.0028
	6.63091	2.64861
	6.46687	2.64988
	10.4259	3.32017
	15.5079	4.00252
	13.4259	3.7448
	12.3028	3.60951
	6.50788	2.64956
	6.75394	2.64766
	7.54889	2.8317
	9.42586	3.166
	4.63091	2.23945
	6.63091	2.64861
	10.5899	3.31916
	4.46687	2.24095
	11.2208	3.46871
	5.42586	2.45429
	5.38485	2.45463
	8.54889	3.00308
	4.50788	2.24058
	3.54889	2.00462
	5.50788	2.45361
	5.54889	2.45326
	7.54889	2.8317
	4.38485	2.2417
	10.4259	3.32017
	4.50788	2.24058
	5.50788	2.45361
	4.54889	2.2402
	5.26182	2.45566
	4.38485	2.2417
	4.75394	2.23832
	6.54889	2.64925
	5.50788	2.45361
	8.5899	3.0028
	11.5899	3.46653
	7.83596	2.82962
	9.79495	3.16361
	6.75394	2.64766
	12.4259	3.60882
	4.67192	2.23907
	6.50788	2.64956
	2.50788	1.73787
	7.50788	2.83199
	6.50788	2.64956
	8.71293	3.00196
	5.71293	2.45189
	8.46687	3.00364
	9.42586	3.166
	8.42586	3.00392
	8.67192	3.00224
	7.63091	2.8311
	3.50788	2.00504
	4.67192	2.23907
	5.50788	2.45361
	4.5899	2.23983
	8.75394	3.00168
	2.79495	1.73448
	4.46687	2.24095
	4.71293	2.2387
	9.71293	3.16414
	3.5899	2.0042
	3.42586	2.00588
	3.46687	2.00546
	7.50788	2.83199
	6.54889	2.64925
	7.50788	2.83199
	5.50788	2.45361
	4.71293	2.2387
	10.7539	3.31815
	2.38485	1.73932
	2.46687	1.73835
	5.67192	2.45223
	3.42586	2.00588
	7.54889	2.8317
	5.71293	2.45189
	2.50788	1.73787
	7.54889	2.8317
	8.50788	3.00336
	9.34384	3.16653
	4.34384	2.24208
	14.4259	3.87602
	4.75394	2.23832
	4.22081	2.2432
	6.67192	2.64829
	3.67192	2.00336
	4.05676	2.2447
	5.38485	2.45463
	1.63091	1.41956
	3.34384	2.00672
	3.13879	2.00881
	3.34384	2.00672
	4.30283	2.24245
	4.67192	2.23907
	4.67192	2.23907
	4.50788	2.24058
	5.46687	2.45395
	2.54889	1.73738
	4.67192	2.23907
	1.63091	1.41956
	5.71293	2.45189
	3.63091	2.00378
	5.46687	2.45395
	5.50788	2.45361
	8.75394	3.00168
	4.75394	2.23832
	3.54889	2.00462
	0.671918	1.0067
	7.71293	2.83051
	4.5899	2.23983
	4.71293	2.2387
	2.50788	1.73787
	5.50788	2.45361
	5.54889	2.45326
	4.63091	2.23945
	3.54889	2.00462
	6.50788	2.64956
	0.712928	1.00587
	3.5899	2.0042
	3.50788	2.00504
	2.54889	1.73738
	7.42586	2.83259
	6.67192	2.64829
	3.71293	2.00294
	3.42586	2.00588
	2.63091	1.73641
	4.54889	2.2402
	5.50788	2.45361
	5.79495	2.45121
	3.63091	2.00378
	8.5899	3.0028
	5.54889	2.45326
	3.67192	2.00336
	1.50788	1.42133
	6.67192	2.64829
	7.83596	2.82962
	6.5899	2.64893
	8.67192	3.00224
	6.63091	2.64861
	6.50788	2.64956
	10.7949	3.31789
	4.67192	2.23907
	4.34384	2.24208
	3.5899	2.0042
	6.5899	2.64893
	3.54889	2.00462
	4.46687	2.24095
	2.75394	1.73496
	4.67192	2.23907
	6.5899	2.64893
	6.79495	2.64734
	7.46687	2.83229
	11.5489	3.46677
	21.5079	4.69257
	34.6309	5.91736
	36.5489	6.08428
	44.6309	6.70933
	45.7949	6.78295
	40.7539	6.40391
	22.7949	4.79671
	17.1798	4.2466
	7.79495	2.82991
	3.71293	2.00294
	5.91798	2.45018
	3.50788	2.00504
	0.712928	1.00587
	8.46687	3.00364
	4.34384	2.24208
	-0.369092	0.123031
	8.50788	3.00336
	2.63091	1.73641
	4.71293	2.2387
	5.71293	2.45189
	1.75394	1.41778
	3.63091	2.00378
	2.63091	1.73641
	5.50788	2.45361
	4.38485	2.2417
	5.42586	2.45429
	0.589898	1.00837
	7.71293	2.83051
	3.46687	2.00546
	3.75394	2.00252
	0.589898	1.00837
	2.71293	1.73545
	2.75394	1.73496
	3.30283	2.00714
	4.67192	2.23907
	3.63091	2.00378
	7.71293	2.83051
	1.50788	1.42133
	2.46687	1.73835
	0.671918	1.0067
	1.71293	1.41837
	4.63091	2.23945
	1.71293	1.41837
	0.671918	1.0067
	1.42586	1.42251
	4.54889	2.2402
	2.50788	1.73787
	3.54889	2.00462
	2.83596	1.73399
	5.54889	2.45326
	2.71293	1.73545
	2.63091	1.73641
	4.46687	2.24095
	1.46687	1.42192
	3.50788	2.00504
	2.71293	1.73545
	3.91798	2.00084
	0.507877	1.01004
	4.71293	2.2387
	2.50788	1.73787
	5.67192	2.45223
	3.75394	2.00252
	2.75394	1.73496
	2.67192	1.73593
	2.54889	1.73738
	1.67192	1.41896
	0.835959	1.00336
	-0.369092	0.123031
	1.54889	1.42074
	0.91798	1.00168
	1.71293	1.41837
	1.50788	1.42133
	1.67192	1.41896
	2.5899	1.7369
	0.548888	1.00921
	3.63091	2.00378
	0.384847	1.01254
	3.54889	2.00462
	0.589898	1.00837
	3.63091	2.00378
	0.507877	1.01004
	-0.492123	0.142064
	3.75394	2.00252
	0.753939	1.00503
	1.5899	1.42015
	3.71293	2.00294
	3.71293	2.00294
	0.835959	1.00336
	0.835959	1.00336
	-0.369092	0.123031
	4.50788	2.24058
	1.5899	1.42015
	2.67192	1.73593
	3.83596	2.00168
	3.71293	2.00294
	3.75394	2.00252
	-0.369092	0.123031
	2.71293	1.73545
	2.46687	1.73835
	3.5899	2.0042
	2.75394	1.73496
	4.5899	2.23983
	3.75394	2.00252
	1.46687	1.42192
	2.67192	1.73593
	2.5899	1.7369
	-0.328082	0.115994
	0.835959	1.00336
	3.50788	2.00504
	1.63091	1.41956
	2.75394	1.73496
	4.79495	2.23795
	3.87697	2.00126
	2.5899	1.7369
	1.67192	1.41896
	0.835959	1.00336
	2.79495	1.73448
	1.79495	1.41718
	2.67192	1.73593
	0.712928	1.00587
	-0.369092	0.123031
	2.67192	1.73593
	2.5899	1.7369
	0.753939	1.00503
	4.75394	2.23832
	0.753939	1.00503
	4.87697	2.2372
	1.71293	1.41837
	0.589898	1.00837
	3.46687	2.00546
	4.71293	2.2387
	2.5899	1.7369
	2.67192	1.73593
	0.589898	1.00837
	1.54889	1.42074
	5.5899	2.45292
	0.712928	1.00587
	1.75394	1.41778
	0.753939	1.00503
	1.71293	1.41837
	1.75394	1.41778
	0.876969	1.00252
	1.5899	1.42015
	1.75394	1.41778
	2.75394	1.73496
	-0.369092	0.123031
	2.67192	1.73593
	-0.164041	0.0820204
	3.63091	2.00378
	1.71293	1.41837
	5.71293	2.45189
	0.630908	1.00754
	1.63091	1.41956
	1.63091	1.41956
	1.67192	1.41896
	0.876969	1.00252
	4.5899	2.23983
	0.589898	1.00837
	-0.205051	0.0917016
	3.75394	2.00252
	1.71293	1.41837
	-0.451112	0.136016
	1.63091	1.41956
	1.71293	1.41837
	2.46687	1.73835
	0.712928	1.00587
	3.79495	2.0021
	4.67192	2.23907
	0.671918	1.0067
	0.425857	1.0117
	2.75394	1.73496
	3.67192	2.00336
	3.75394	2.00252
	4.67192	2.23907
	-0.205051	0.0917016
	3.71293	2.00294
	0.753939	1.00503
	1.75394	1.41778
	3.75394	2.00252
	2.67192	1.73593
	3.54889	2.00462
	1.67192	1.41896
	1.46687	1.42192
	2.83596	1.73399
	1.75394	1.41778
	0.753939	1.00503
	1.63091	1.41956
	1.71293	1.41837
	2.75394	1.73496
	1.79495	1.41718
	1.75394	1.41778
	1.63091	1.41956
	1.75394	1.41778
	1.75394	1.41778
	2.83596	1.73399
	2.75394	1.73496
	1.67192	1.41896
	3.83596	2.00168
	-0.328082	0.115994
	1.67192	1.41896
	-0.205051	0.0917016
	2.63091	1.73641
	1.67192	1.41896
	2.67192	1.73593
	0.835959	1.00336
	1.83596	1.41659
	2.67192	1.73593
	4.83596	2.23757
	1.63091	1.41956
	0.876969	1.00252
	0.712928	1.00587
	-0.123031	0.0710318
	1.71293	1.41837
	0.794949	1.0042
	0.835959	1.00336
	2.5899	1.7369
	2.5899	1.7369
	0.712928	1.00587
	0.630908	1.00754
	4.75394	2.23832
	0.589898	1.00837
	2.71293	1.73545
	0.794949	1.0042
	1.67192	1.41896
	-0.0820204	0.0579972
	1.67192	1.41896
	0.753939	1.00503
	0.835959	1.00336
	0.548888	1.00921
	0.548888	1.00921
	0.466867	1.01087
	-0.369092	0.123031
	-0.615153	0.158832
	6.01575	2.65337
	1.09778	1.42724
	2.46687	1.73835
	-0.656164	0.164041
	0.343836	1.01337
	-0.369092	0.123031
	1.71293	1.41837
	1.71293	1.41837
	1.5899	1.42015
	1.83596	1.41659
	1.63091	1.41956
	1.79495	1.41718
	2.5899	1.7369
	1.75394	1.41778
	5.63091	2.45258
	-0.0820204	0.0579972
	0.753939	1.00503
	-0.246061	0.100454
	0.712928	1.00587
	0.712928	1.00587
	2.79495	1.73448
	-0.287072	0.108503
	1.54889	1.42074
	-0.533133	0.147864
	-0.410102	0.129686
	2.67192	1.73593
	1.42586	1.42251
	2.79495	1.73448
	0.712928	1.00587
	1.79495	1.41718
	1.67192	1.41896
	1.75394	1.41778
	0.835959	1.00336
	1.67192	1.41896
	1.79495	1.41718
	1.83596	1.41659
	2.71293	1.73545
	4.71293	2.2387
	0.712928	1.00587
	2.79495	1.73448
	0.671918	1.0067
	0.589898	1.00837
	-0.328082	0.115994
	0.671918	1.0067
	0.630908	1.00754
	2.83596	1.73399
	1.83596	1.41659
	1.71293	1.41837
	0.794949	1.0042
	-0.410102	0.129686
	0.794949	1.0042
	0.794949	1.0042
	0.671918	1.0067
	2.67192	1.73593
	1.75394	1.41778
	1.75394	1.41778
	-0.328082	0.115994
	3.79495	2.0021
	3.67192	2.00336
	0.712928	1.00587
	-0.246061	0.100454
	1.63091	1.41956
	3.63091	2.00378
	-0.287072	0.108503
	2.50788	1.73787
	1.79495	1.41718
	0.671918	1.0067
	-0.205051	0.0917016
	-0.287072	0.108503
	0.507877	1.01004
	1.63091	1.41956
	1.54889	1.42074
	1.63091	1.41956
	2.42586	1.73883
	0.548888	1.00921
	0.507877	1.01004
	1.54889	1.42074
	1.5899	1.42015
	1.67192	1.41896
	0.589898	1.00837
	2.75394	1.73496
	0.794949	1.0042
	2.75394	1.73496
	0.712928	1.00587
	1.67192	1.41896
	1.79495	1.41718
	-0.246061	0.100454
	3.46687	2.00546
	1.5899	1.42015
	4.75394	2.23832
	0.712928	1.00587
	4.5899	2.23983
	2.38485	1.73932
	3.05676	2.00965
	2.50788	1.73787
	1.46687	1.42192
	5.50788	2.45361
	10.7539	3.31815
	10.836	3.31764
	44.4669	6.70983
	72.918	8.5442
	147.713	12.166
	259.795	16.1248
	356.467	18.895
	470.672	21.7028
	501.672	22.4057
	504.713	22.4725
	368.631	19.2098
	325.713	18.0558
	229.754	15.1661
	126.877	11.2697
	65.918	8.12425
	36.6719	6.08387
	25.877	5.09951
	12.7129	3.60718
	13.5899	3.7439
	13.5489	3.74413
	13.6309	3.74368
	6.67192	2.64829
	6.75394	2.64766
	0.91798	1.00168
	1.50788	1.42133
	1.71293	1.41837
	3.75394	2.00252
	2.54889	1.73738
	0.753939	1.00503
	2.83596	1.73399
	-0.246061	0.100454
	2.67192	1.73593
	2.87697	1.73351
	1.75394	1.41778
	0.835959	1.00336
	0.712928	1.00587
	1.63091	1.41956
	2.75394	1.73496
	3.83596	2.00168
	0.835959	1.00336
	1.75394	1.41778
	2.83596	1.73399
	-0.287072	0.108503
	-0.164041	0.0820204
	0.876969	1.00252
	-0.164041	0.0820204
	-0.697174	0.169089
	-0.0410102	0.0410102
	0.753939	1.00503
	-0.164041	0.0820204
	1.67192	1.41896
	1.5899	1.42015
	-0.246061	0.100454
	-0.246061	0.100454
	-0.451112	0.136016
	-0.246061	0.100454
	0.589898	1.00837
	-0.0820204	0.0579972
	0.835959	1.00336
	-0.246061	0.100454
	0.95899	1.00084
	-0.205051	0.0917016
	0.671918	1.0067
	0.835959	1.00336
	-0.328082	0.115994
	1.79495	1.41718
	0.794949	1.0042
	1.75394	1.41778
	0.589898	1.00837
	-0.205051	0.0917016
	-0.328082	0.115994
	-0.287072	0.108503
	-0.246061	0.100454
	-0.164041	0.0820204
	3.75394	2.00252
	-0.287072	0.108503
	-0.492123	0.142064
	-0.287072	0.108503
	0.712928	1.00587
	0.712928	1.00587
	-0.205051	0.0917016
	-0.0410102	0.0410102
	-0.287072	0.108503
	-0.369092	0.123031
	0.91798	1.00168
	-0.123031	0.0710318
	2.71293	1.73545
	1.71293	1.41837
	1.75394	1.41778
	4.87697	2.2372
	0.835959	1.00336
	0.876969	1.00252
	1.83596	1.41659
	0.712928	1.00587
	-0.246061	0.100454
	-0.123031	0.0710318
	0.753939	1.00503
	0.95899	1.00084
	-0.123031	0.0710318
	1.83596	1.41659
	-0.328082	0.115994
	1.67192	1.41896
	-0.369092	0.123031
	-0.205051	0.0917016
	0.794949	1.0042
	0.712928	1.00587
	1.75394	1.41778
	-0.287072	0.108503
	0.589898	1.00837
	-0.246061	0.100454
	-0.123031	0.0710318
	-0.0820204	0.0579972
	-0.492123	0.142064
	0.712928	1.00587
	0.794949	1.0042
	2.75394	1.73496
	0.876969	1.00252
	-0.328082	0.115994
	-0.287072	0.108503
	1.79495	1.41718
	-0.123031	0.0710318
	1.87697	1.416
	-0.246061	0.100454
	0.753939	1.00503
	-0.328082	0.115994
	0.835959	1.00336
	2.67192	1.73593
	0.671918	1.0067
	0.712928	1.00587
	0.794949	1.0042
	0.712928	1.00587
	0.671918	1.0067
	-0.369092	0.123031
	-0.123031	0.0710318
	0.876969	1.00252
	-0.328082	0.115994
	-0.328082	0.115994
	0.835959	1.00336
	2.79495	1.73448
	-0.205051	0.0917016
	-0.287072	0.108503
	-0.205051	0.0917016
	-0.246061	0.100454
	1.83596	1.41659
	-0.205051	0.0917016
	0.876969	1.00252
	0.507877	1.01004
	1.87697	1.416
	1.71293	1.41837
	1.63091	1.41956
	0.548888	1.00921
	0.343836	1.01337
	0.179796	1.01668
	-0.0095009	1.44306
	-0.224053	2.04285
	-5.11052	1.1183
	-8.84245	1.18475
	-6.12952	2.10129
	-2.46711	3.24211
	-2.44185	3.07721
	-2.4166	2.90296
	7.33109	3.91337
	8.48888	3.63112
	11.6214	3.75467
	6.64666	2.83822
	4.30283	2.24245
	4.79495	2.23795
	9.79495	3.16361
	5.63091	2.45258
	13.877	3.74233
	9.95899	3.16254
	24.877	5.0005
	9.83596	3.16334
	8.67192	3.00224
	10.7949	3.31789
	6.75394	2.64766
	4.83596	2.23757
	0.794949	1.0042
	0.835959	1.00336
	0.876969	1.00252
	-0.205051	0.0917016
	0.794949	1.0042
	0.91798	1.00168
	0.835959	1.00336
	0.835959	1.00336
	0.712928	1.00587
	-0.123031	0.0710318
	0.712928	1.00587
	-0.205051	0.0917016
	-0.205051	0.0917016
	-0.0820204	0.0579972
	-0.123031	0.0710318
	0.876969	1.00252
	-0.246061	0.100454
	-0.205051	0.0917016
	-0.164041	0.0820204
	1.75394	1.41778
	-0.246061	0.100454
	-0.0410102	0.0410102
	-0.123031	0.0710318
	-0.123031	0.0710318
	-0.164041	0.0820204
	-0.205051	0.0917016
	-0.246061	0.100454
	-0.0820204	0.0579972
	-0.0410102	0.0410102
	1.71293	1.41837
	-0.164041	0.0820204
	-0.0820204	0.0579972
	0.794949	1.0042
	-0.369092	0.123031
	0.876969	1.00252
	-0.0820204	0.0579972
	-0.164041	0.0820204
	0.753939	1.00503
	2.91798	1.73302
	-0.123031	0.0710318
	-0.123031	0.0710318
	-0.164041	0.0820204
	-0.287072	0.108503
	-0.164041	0.0820204
	-0.369092	0.123031
	-0.287072	0.108503
	-0.328082	0.115994
	0.671918	1.0067
	-0.246061	0.100454
	1.75394	1.41778
	-0.123031	0.0710318
	0.753939	1.00503
	-0.287072	0.108503
	0.876969	1.00252
	-0.246061	0.100454
	-0.164041	0.0820204
	0.753939	1.00503
	-0.287072	0.108503
	1.87697	1.416
	0.835959	1.00336
	0.876969	1.00252
	-0.164041	0.0820204
	0.794949	1.0042
	1.75394	1.41778
	-0.287072	0.108503
	-0.123031	0.0710318
	0.95899	1.00084
	-0.0820204	0.0579972
	0.712928	1.00587
	0.876969	1.00252
	0.794949	1.0042
	-0.287072	0.108503
	-0.246061	0.100454
	1.71293	1.41837
	-0.123031	0.0710318
	-0.0820204	0.0579972
	-0.287072	0.108503
	0	0
	-0.205051	0.0917016
	1	1
	0.876969	1.00252
	-0.0820204	0.0579972
	1.79495	1.41718
	-0.123031	0.0710318
	-0.0410102	0.0410102
	0.876969	1.00252
	1.83596	1.41659
	0.876969	1.00252
	-0.369092	0.123031
	0.835959	1.00336
	1.63091	1.41956
	0.753939	1.00503
	0.876969	1.00252
	-0.287072	0.108503
	-0.205051	0.0917016
	-0.328082	0.115994
	0.835959	1.00336
	-0.205051	0.0917016
	-0.164041	0.0820204
	0.794949	1.0042
	-0.123031	0.0710318
	0.835959	1.00336
	0.712928	1.00587
	2.71293	1.73545
	-0.205051	0.0917016
	-0.164041	0.0820204
	0.794949	1.0042
	-0.123031	0.0710318
	0.835959	1.00336
	-0.246061	0.100454
	0.91798	1.00168
	-0.246061	0.100454
	0.712928	1.00587
	0.753939	1.00503
	0.753939	1.00503
	-0.328082	0.115994
	-0.164041	0.0820204
	0.794949	1.0042
	-0.164041	0.0820204
	-0.205051	0.0917016
	-0.328082	0.115994
	-0.205051	0.0917016
	0.753939	1.00503
	-0.164041	0.0820204
	0.794949	1.0042
	0.712928	1.00587
	-0.410102	0.129686
	-0.533133	0.147864
	1.46687	1.42192
	1.5899	1.42015
	-0.410102	0.129686
	0.343836	1.01337
	-0.492123	0.142064
	-0.0820204	0.0579972
	-0.451112	0.136016
	1.83596	1.41659
	0.876969	1.00252
	-0.246061	0.100454
	0.712928	1.00587
	-0.246061	0.100454
	0.876969	1.00252
	-0.246061	0.100454
	0.876969	1.00252
	0.91798	1.00168
	-0.123031	0.0710318
	0.91798	1.00168
	-0.246061	0.100454
	0.712928	1.00587
	0.835959	1.00336
	-0.0820204	0.0579972
	-0.0820204	0.0579972
	-0.205051	0.0917016
	1.91798	1.4154
	-0.0410102	0.0410102
	-0.205051	0.0917016
	0.712928	1.00587
	-0.205051	0.0917016
	-0.123031	0.0710318
	0.835959	1.00336
	1.63091	1.41956
	-0.205051	0.0917016
	2.91798	1.73302
	-0.0820204	0.0579972
	-0.246061	0.100454
	2.79495	1.73448
	1.5899	1.42015
	-0.123031	0.0710318
	-0.123031	0.0710318
	-0.164041	0.0820204
	-0.205051	0.0917016
	-0.0410102	0.0410102
	-0.0410102	0.0410102
	-0.164041	0.0820204
	1.83596	1.41659
	-0.123031	0.0710318
	0.835959	1.00336
	0	0
	0.876969	1.00252
	0.753939	1.00503
	0.835959	1.00336
	-0.246061	0.100454
	0.876969	1.00252
	1.79495	1.41718
	-0.123031	0.0710318
	-0.246061	0.100454
	-0.164041	0.0820204
	1.83596	1.41659
	2.87697	1.73351
	-0.287072	0.108503
	-0.0820204	0.0579972
	-0.287072	0.108503
	-0.246061	0.100454
	1.83596	1.41659
	1.79495	1.41718
	2.95899	1.73254
	1.87697	1.416
	1.91798	1.4154
	1.87697	1.416
	4.83596	2.23757
	4.79495	2.23795
	0.876969	1.00252
	11.836	3.46507
	4.91798	2.23682
	9.91798	3.16281
	4.79495	2.23795
	17.877	4.24324
	5.83596	2.45086
	10.7949	3.31789
	2.79495	1.73448
	4.71293	2.2387
	3.79495	2.0021
	3.79495	2.0021
	-0.287072	0.108503
	0.712928	1.00587
	0.876969	1.00252
	-0.0410102	0.0410102
	-0.123031	0.0710318
	0.876969	1.00252
	1.79495	1.41718
	0.876969	1.00252
	-0.246061	0.100454
	-0.205051	0.0917016
	-0.164041	0.0820204
	0.794949	1.0042
	-0.205051	0.0917016
	-0.0820204	0.0579972
	-0.246061	0.100454
	-0.164041	0.0820204
	0.671918	1.0067
	-0.0820204	0.0579972
	-0.123031	0.0710318
	-0.0410102	0.0410102
	-0.123031	0.0710318
	-0.164041	0.0820204
	0.876969	1.00252
	-0.164041	0.0820204
	-0.205051	0.0917016
	-0.246061	0.100454
	-0.287072	0.108503
	-0.0410102	0.0410102
	0.91798	1.00168
	-0.164041	0.0820204
	-0.0820204	0.0579972
	0.876969	1.00252
	-0.123031	0.0710318
	-0.246061	0.100454
	-0.123031	0.0710318
	2.79495	1.73448
	-0.123031	0.0710318
	-0.369092	0.123031
	1.75394	1.41778
	-0.0820204	0.0579972
	-0.246061	0.100454
	-0.0820204	0.0579972
	-0.164041	0.0820204
	-0.0410102	0.0410102
	0.876969	1.00252
	-0.205051	0.0917016
	-0.0820204	0.0579972
	-0.164041	0.0820204
	0.835959	1.00336
	-0.287072	0.108503
	-0.0820204	0.0579972
	-0.164041	0.0820204
	-0.287072	0.108503
	-0.123031	0.0710318
	-0.164041	0.0820204
	-0.0820204	0.0579972
	-0.0820204	0.0579972
	0.91798	1.00168
	-0.164041	0.0820204
	2.71293	1.73545
	-0.164041	0.0820204
	-0.123031	0.0710318
	-0.123031	0.0710318
	-0.164041	0.0820204
	0.876969	1.00252
	1.83596	1.41659
	0.876969	1.00252
	-0.164041	0.0820204
	-0.410102	0.129686
	0.95899	1.00084
	-0.123031	0.0710318
	-0.123031	0.0710318
	1.91798	1.4154
	0.753939	1.00503
	0.91798	1.00168
	-0.0820204	0.0579972
	-0.164041	0.0820204
	-0.123031	0.0710318
	0.91798	1.00168
	-0.205051	0.0917016
	-0.0820204	0.0579972
	-0.205051	0.0917016
	0.95899	1.00084
	-0.164041	0.0820204
	-0.123031	0.0710318
	-0.0820204	0.0579972
	-0.123031	0.0710318
	-0.0820204	0.0579972
	-0.0820204	0.0579972
	0.91798	1.00168
	-0.205051	0.0917016
	-0.123031	0.0710318
	0.753939	1.00503
	0.91798	1.00168
	-0.246061	0.100454
	-0.164041	0.0820204
	0.91798	1.00168
	0.876969	1.00252
	-0.123031	0.0710318
	-0.0820204	0.0579972
	-0.0820204	0.0579972
	-0.0410102	0.0410102
	0.91798	1.00168
	-0.123031	0.0710318
	-0.123031	0.0710318
	-0.205051	0.0917016
	0.91798	1.00168
	-0.0820204	0.0579972
	-0.164041	0.0820204
	0.876969	1.00252
	-0.0820204	0.0579972
	-0.246061	0.100454
	0.794949	1.0042
	-0.164041	0.0820204
	0.91798	1.00168
	-0.164041	0.0820204
	0.835959	1.00336
	-0.246061	0.100454
	0.876969	1.00252
	1.91798	1.4154
	1.75394	1.41778
	-0.205051	0.0917016
	-0.205051	0.0917016
	-0.0820204	0.0579972
	-0.123031	0.0710318
	-0.0820204	0.0579972
	-0.164041	0.0820204
	-0.123031	0.0710318
	-0.164041	0.0820204
	-0.246061	0.100454
	-0.0410102	0.0410102
	-0.369092	0.123031
	1	1
	0.671918	1.0067
	0.671918	1.0067
	-0.164041	0.0820204
	-0.205051	0.0917016
	-0.205051	0.0917016
	-0.246061	0.100454
	-0.0820204	0.0579972
	-0.0820204	0.0579972
	-0.123031	0.0710318
	-0.164041	0.0820204
	-0.205051	0.0917016
	0.835959	1.00336
	0.548888	1.00921
	0.876969	1.00252
	-0.205051	0.0917016
	-0.246061	0.100454
	-0.328082	0.115994
	0.671918	1.0067
	-0.0820204	0.0579972
	-0.164041	0.0820204
	0.91798	1.00168
	-0.205051	0.0917016
	-0.123031	0.0710318
	0.753939	1.00503
	-0.0820204	0.0579972
	-0.369092	0.123031
	-0.533133	0.147864
	1.46687	1.42192
	0.548888	1.00921
	-0.246061	0.100454
	-0.246061	0.100454
	-0.287072	0.108503
	-0.246061	0.100454
	-0.287072	0.108503
	-0.123031	0.0710318
	-0.205051	0.0917016
	1.75394	1.41778
	0.343836	1.01337
	-0.410102	0.129686
	1.54889	1.42074
	-0.107276	1.02245
	0.425857	1.0117
	-1.1893	0.220847
	-0.902225	0.192355
	0.548888	1.00921
	-0.451112	0.136016
	-0.451112	0.136016
	-0.164041	0.0820204
	0.753939	1.00503
	-0.164041	0.0820204
	-0.123031	0.0710318
	-0.246061	0.100454
	-0.164041	0.0820204
	-0.0820204	0.0579972
	0.712928	1.00587
	0.712928	1.00587
	-0.123031	0.0710318
	-0.123031	0.0710318
	-0.287072	0.108503
	0.835959	1.00336
	-0.205051	0.0917016
	0.794949	1.0042
	-0.164041	0.0820204
	-0.123031	0.0710318
	0.876969	1.00252
	1.79495	1.41718
	0.835959	1.00336
	-0.164041	0.0820204
	-0.328082	0.115994
	-0.0410102	0.0410102
	-0.205051	0.0917016
	0.876969	1.00252
	1.91798	1.4154
	-0.123031	0.0710318
	0.876969	1.00252
	-0.205051	0.0917016
	0.794949	1.0042
	-0.164041	0.0820204
	-0.164041	0.0820204
	-0.164041	0.0820204
	-0.205051	0.0917016
	-0.0410102	0.0410102
	-0.0820204	0.0579972
	1.95899	1.41481
	-0.205051	0.0917016
	-0.246061	0.100454
	-0.123031	0.0710318
	-0.205051	0.0917016
	1.91798	1.4154
	-0.0410102	0.0410102
	-0.0410102	0.0410102
	1.83596	1.41659
	-0.205051	0.0917016
	-0.123031	0.0710318
	0.835959	1.00336
	-0.0410102	0.0410102
	-0.164041	0.0820204
	-0.205051	0.0917016
	-0.0410102	0.0410102
	-0.164041	0.0820204
	-0.123031	0.0710318
	0.753939	1.00503
	-0.123031	0.0710318
	0	0
	-0.205051	0.0917016
	0.95899	1.00084
	-0.164041	0.0820204
	-0.123031	0.0710318
	0.876969	1.00252
	-0.205051	0.0917016
	-0.0820204	0.0579972
	-0.205051	0.0917016
	-0.0410102	0.0410102
	-0.123031	0.0710318
	0.91798	1.00168
	0.794949	1.0042
	-0.0820204	0.0579972
	-0.164041	0.0820204
	0.835959	1.00336
	-0.0410102	0.0410102
	-0.369092	0.123031
	-0.0820204	0.0579972
	-0.0410102	0.0410102
	-0.287072	0.108503
	-0.246061	0.100454
	-0.123031	0.0710318
	-0.287072	0.108503
	-0.451112	0.136016
	0.712928	1.00587
	-0.492123	0.142064
	-0.246061	0.100454
	-0.205051	0.0917016
	-0.0820204	0.0579972
	0.671918	1.0067
	0.876969	1.00252
	-0.0410102	0.0410102
	-0.246061	0.100454
	-0.246061	0.100454
	-0.123031	0.0710318
	0	0
	-0.0410102	0.0410102
	-0.164041	0.0820204
	0.91798	1.00168
	-0.205051	0.0917016
	-0.123031	0.0710318
	-0.123031	0.0710318
	-0.205051	0.0917016
	0.794949	1.0042
	-0.123031	0.0710318
	-0.123031	0.0710318
	0.876969	1.00252
	-0.205051	0.0917016
	-0.0410102	0.0410102
	-0.205051	0.0917016
	0.794949	1.0042
	-0.205051	0.0917016
	-0.164041	0.0820204
	-0.328082	0.115994
	0.753939	1.00503
	-0.205051	0.0917016
	-0.246061	0.100454
	-0.164041	0.0820204
	-0.205051	0.0917016
	0.794949	1.0042
	-0.0820204	0.0579972
	-0.164041	0.0820204
	-0.0820204	0.0579972
	-0.205051	0.0917016
	-0.164041	0.0820204
	1.87697	1.416
	-0.164041	0.0820204
	-0.246061	0.100454
	-0.123031	0.0710318
	-0.123031	0.0710318
	-0.164041	0.0820204
	-0.205051	0.0917016
	-0.164041	0.0820204
	0	0
	0.712928	1.00587
	-0.164041	0.0820204
	1.95899	1.41481
	-0.164041	0.0820204
	-0.205051	0.0917016
	-0.164041	0.0820204
	-0.205051	0.0917016
	-0.0410102	0.0410102
	-0.123031	0.0710318
	0	0
	-0.0410102	0.0410102
	-0.0820204	0.0579972
	-0.164041	0.0820204
	-0.164041	0.0820204
	0.876969	1.00252
	0.91798	1.00168
	-0.246061	0.100454
	-0.123031	0.0710318
	0.835959	1.00336
	-0.0410102	0.0410102
	-0.123031	0.0710318
	-0.123031	0.0710318
	-0.123031	0.0710318
	-0.123031	0.0710318
	0.794949	1.0042
	-0.123031	0.0710318
	-0.164041	0.0820204
	-0.164041	0.0820204
	-0.164041	0.0820204
	-0.123031	0.0710318
	-0.123031	0.0710318
	-0.0820204	0.0579972
	0.91798	1.00168
	0.91798	1.00168
	-0.0410102	0.0410102
	0.876969	1.00252
	-0.0820204	0.0579972
	-0.0820204	0.0579972
	1.91798	1.4154
	-0.0410102	0.0410102
	0	0
	-0.0820204	0.0579972
	0	0
	0.835959	1.00336
	-0.246061	0.100454
	-0.0410102	0.0410102
	-0.0820204	0.0579972
	-0.246061	0.100454
	-0.0410102	0.0410102
	-0.0820204	0.0579972
	0.876969	1.00252
	0.91798	1.00168
	1.87697	1.416
	1.79495	1.41718
	1.83596	1.41659
	-0.0820204	0.0579972
	-0.0410102	0.0410102
	-0.0820204	0.0579972
	0.671918	1.0067
	-0.205051	0.0917016
	-0.164041	0.0820204
	-0.205051	0.0917016
	-0.123031	0.0710318
	-0.0820204	0.0579972
	0.753939	1.00503
	-0.0820204	0.0579972
	-0.0820204	0.0579972
	-0.164041	0.0820204
	-0.164041	0.0820204
	-0.0820204	0.0579972
	-0.164041	0.0820204
	-0.164041	0.0820204
	0.712928	1.00587
	-0.410102	0.129686
	-0.205051	0.0917016
	-0.205051	0.0917016
	-0.0820204	0.0579972
	-0.123031	0.0710318
	-0.164041	0.0820204
	-0.0410102	0.0410102
	-0.164041	0.0820204
	-0.205051	0.0917016
	0.876969	1.00252
	-0.123031	0.0710318
	-0.123031	0.0710318
	-0.287072	0.108503
	0	0
	-0.123031	0.0710318
	1.95899	1.41481
	-0.164041	0.0820204
	-0.205051	0.0917016
	-0.0820204	0.0579972
	-0.123031	0.0710318
	-0.205051	0.0917016
	-0.0410102	0.0410102
	-0.164041	0.0820204
	-0.246061	0.100454
	-0.205051	0.0917016
	0	0
	-0.0820204	0.0579972
	-0.205051	0.0917016
	-0.164041	0.0820204
	-0.0410102	0.0410102
	-0.164041	0.0820204
	-0.205051	0.0917016
	-0.123031	0.0710318
	0.876969	1.00252
	0.91798	1.00168
	0.876969	1.00252
	-0.123031	0.0710318
	-0.0820204	0.0579972
	-0.246061	0.100454
	0.835959	1.00336
	-0.164041	0.0820204
	0.835959	1.00336
	0.876969	1.00252
	-0.246061	0.100454
	-0.0410102	0.0410102
	-0.123031	0.0710318
	-0.123031	0.0710318
	-0.0410102	0.0410102
	-0.0410102	0.0410102
	-0.0410102	0.0410102
	-0.0820204	0.0579972
	-0.205051	0.0917016
	-0.0820204	0.0579972
	0.876969	1.00252
	-0.164041	0.0820204
	-0.0820204	0.0579972
	0	0
	-0.164041	0.0820204
	0.91798	1.00168
	-0.0820204	0.0579972
	-0.0820204	0.0579972
	-0.0820204	0.0579972
	-0.123031	0.0710318
	-0.0410102	0.0410102
	-0.246061	0.100454
	0.876969	1.00252
	-0.0410102	0.0410102
	-0.205051	0.0917016
	-0.123031	0.0710318
	-0.123031	0.0710318
	-0.123031	0.0710318
	-0.287072	0.108503
	-0.123031	0.0710318
	0.876969	1.00252
	-0.0820204	0.0579972
	-0.0820204	0.0579972
	-0.164041	0.0820204
	-0.0410102	0.0410102
	-0.0820204	0.0579972
	-0.164041	0.0820204
	-0.164041	0.0820204
	-0.205051	0.0917016
	-0.123031	0.0710318
	0.91798	1.00168
	0	0
	-0.205051	0.0917016
	-0.0820204	0.0579972
	-0.0410102	0.0410102
	-0.0820204	0.0579972
	-0.246061	0.100454
	0.835959	1.00336
	0.91798	1.00168
	-0.0820204	0.0579972
	0.91798	1.00168
	-0.205051	0.0917016
	-0.123031	0.0710318
	-0.205051	0.0917016
	-0.205051	0.0917016
	-0.123031	0.0710318
	-0.0820204	0.0579972
	-0.0820204	0.0579972
	-0.205051	0.0917016
	-0.205051	0.0917016
	-0.123031	0.0710318
	-0.246061	0.100454
	0.91798	1.00168
	-0.0820204	0.0579972
	0.794949	1.0042
	-0.0410102	0.0410102
	-0.123031	0.0710318
	1	1
	-0.246061	0.100454
	-0.0410102	0.0410102
	0	0
	-0.246061	0.100454
	0.91798	1.00168
	-0.123031	0.0710318
	1.83596	1.41659
	-0.0820204	0.0579972
	-0.0410102	0.0410102
	0	0
	-0.205051	0.0917016
	-0.205051	0.0917016
	-0.123031	0.0710318
	-0.0410102	0.0410102
	-0.0410102	0.0410102
	-0.123031	0.0710318
	0.876969	1.00252
	-0.123031	0.0710318
	-0.0820204	0.0579972
	-0.0410102	0.0410102
	-0.123031	0.0710318
	0.876969	1.00252
	-0.164041	0.0820204
	0.91798	1.00168
	-0.0410102	0.0410102
	0.835959	1.00336
	-0.123031	0.0710318
	0	0
	0.95899	1.00084
	-0.164041	0.0820204
	-0.0410102	0.0410102
	0.91798	1.00168
	-0.123031	0.0710318
	-0.123031	0.0710318
	-0.123031	0.0710318
	-0.123031	0.0710318
	-0.0820204	0.0579972
	0.835959	1.00336
	-0.123031	0.0710318
	-0.205051	0.0917016
	-0.0820204	0.0579972
	0.876969	1.00252
	-0.0410102	0.0410102
	-0.164041	0.0820204
	-0.123031	0.0710318
	-0.0410102	0.0410102
	-0.0410102	0.0410102
	-0.123031	0.0710318
	1	1
	-0.123031	0.0710318
	-0.0820204	0.0579972
	-0.123031	0.0710318
	-0.0410102	0.0410102
	-0.0410102	0.0410102
	-0.164041	0.0820204
	-0.205051	0.0917016
	-0.164041	0.0820204
	-0.287072	0.108503
	-0.0820204	0.0579972
	-0.164041	0.0820204
	0	0
	-0.123031	0.0710318
	-0.123031	0.0710318
	-0.205051	0.0917016
	-0.0410102	0.0410102
	-0.164041	0.0820204
	-0.0820204	0.0579972
	-0.123031	0.0710318
	-0.164041	0.0820204
	-0.0820204	0.0579972
	0.91798	1.00168
	-0.123031	0.0710318
	-0.0820204	0.0579972
	-0.164041	0.0820204
	-0.0410102	0.0410102
	-0.369092	0.123031
	-0.0820204	0.0579972
	-0.0410102	0.0410102
	-0.164041	0.0820204
	-0.123031	0.0710318
	-0.0410102	0.0410102
	0	0
	0.91798	1.00168
	0.835959	1.00336
	-0.164041	0.0820204
	-0.123031	0.0710318
	2.83596	1.73399
	-0.123031	0.0710318
	-0.0820204	0.0579972
	-0.0820204	0.0579972
	-0.123031	0.0710318
	-0.0820204	0.0579972
	-0.0820204	0.0579972
	0.835959	1.00336
	-0.164041	0.0820204
	-0.205051	0.0917016
	-0.246061	0.100454
	-0.492123	0.142064
	-0.410102	0.129686
	-0.328082	0.115994
	-0.574143	0.153446
	-0.656164	0.164041
	-0.287072	0.108503
	-0.287072	0.108503
	-0.164041	0.0820204
	-0.205051	0.0917016
	-0.123031	0.0710318
	-0.164041	0.0820204
	0.835959	1.00336
	-0.123031	0.0710318
	0	0
	-0.164041	0.0820204
	0.95899	1.00084
	1.91798	1.4154
	-0.0410102	0.0410102
	1.91798	1.4154
	-0.0820204	0.0579972
	1	1
	0	0
	-0.0410102	0.0410102
	0.95899	1.00084
	0	0
	-0.0820204	0.0579972
	-0.0410102	0.0410102
	-0.0820204	0.0579972
	-0.0410102	0.0410102
	0.876969	1.00252
	-0.0410102	0.0410102
	-0.0410102	0.0410102
	0.835959	1.00336
	0	0
	0.95899	1.00084
	0.876969	1.00252
	-0.205051	0.0917016
	-0.246061	0.100454
	0.95899	1.00084
	-0.0820204	0.0579972
	-0.0410102	0.0410102
	-0.205051	0.0917016
	0.91798	1.00168
	-0.164041	0.0820204
	-0.0410102	0.0410102
	-0.0410102	0.0410102
	0	0
	1	1
	-0.205051	0.0917016
	-0.0410102	0.0410102
	-0.123031	0.0710318
	0.876969	1.00252
	-0.0410102	0.0410102
	-0.164041	0.0820204
	0	0
	-0.123031	0.0710318
	-0.0410102	0.0410102
	-0.0410102	0.0410102
	-0.164041	0.0820204
	-0.0410102	0.0410102
	-0.123031	0.0710318
	-0.205051	0.0917016
	0.876969	1.00252
	-0.123031	0.0710318
	-0.123031	0.0710318
	-0.0820204	0.0579972
	-0.123031	0.0710318
	0.95899	1.00084
	-0.0820204	0.0579972
	-0.0410102	0.0410102
	-0.205051	0.0917016
	0.794949	1.0042
	-0.0820204	0.0579972
	0.835959	1.00336
	-0.123031	0.0710318
	-0.164041	0.0820204
	-0.164041	0.0820204
	-0.123031	0.0710318
	0	0
	-0.0820204	0.0579972
	-0.164041	0.0820204
	-0.0410102	0.0410102
	-0.0820204	0.0579972
	-0.0820204	0.0579972
	-0.0410102	0.0410102
	0	0
	-0.205051	0.0917016
	0.712928	1.00587
	-0.0820204	0.0579972
	0.876969	1.00252
	0.95899	1.00084
	-0.0820204	0.0579972
	0.835959	1.00336
	-0.205051	0.0917016
	-0.164041	0.0820204
	-0.0820204	0.0579972
	-0.123031	0.0710318
	-0.123031	0.0710318
	0.794949	1.0042
	-0.0820204	0.0579972
	1.91798	1.4154
	-0.123031	0.0710318
	-0.164041	0.0820204
	-0.0820204	0.0579972
	-0.205051	0.0917016
	-0.451112	0.136016
	-0.861215	0.187932
	-1.1893	0.220847
	-2.05051	0.289986
	-2.21455	0.301362
	-2.0095	0.287072
	-1.09152	1.042
	-1.55839	0.252804
	-0.902225	0.192355
	-0.410102	0.129686
	-0.492123	0.142064
	-0.328082	0.115994
	-0.246061	0.100454
	-0.164041	0.0820204
	-0.0820204	0.0579972
	-0.123031	0.0710318
	-0.0820204	0.0579972
	0.835959	1.00336
	4.91798	2.23682
	0.91798	1.00168
	1.95899	1.41481
	0.95899	1.00084
	1.87697	1.416
	0.876969	1.00252
	-0.164041	0.0820204
	0.95899	1.00084
	-0.205051	0.0917016
	0.91798	1.00168
	-0.0410102	0.0410102
	-0.0820204	0.0579972
	-0.0820204	0.0579972
	0.95899	1.00084
	-0.0820204	0.0579972
	0.95899	1.00084
	-0.123031	0.0710318
	-0.205051	0.0917016
	-0.0820204	0.0579972
	-0.123031	0.0710318
	0.835959	1.00336
	0.95899	1.00084
	-0.164041	0.0820204
	-0.0410102	0.0410102
	-0.0820204	0.0579972
	-0.0820204	0.0579972
	-0.123031	0.0710318
	-0.0820204	0.0579972
	-0.0820204	0.0579972
	0	0
	0	0
	-0.0820204	0.0579972
	-0.0410102	0.0410102
	-0.123031	0.0710318
	-0.0820204	0.0579972
	-0.0820204	0.0579972
	-0.0820204	0.0579972
	-0.0410102	0.0410102
	0.91798	1.00168
	-0.164041	0.0820204
	-0.123031	0.0710318
	-0.164041	0.0820204
	1	1
	-0.164041	0.0820204
	-0.0410102	0.0410102
	-0.205051	0.0917016
	-0.164041	0.0820204
	-0.0410102	0.0410102
	-0.0820204	0.0579972
	-0.0410102	0.0410102
	-0.0820204	0.0579972
	-0.123031	0.0710318
	-0.164041	0.0820204
	-0.0410102	0.0410102
	-0.123031	0.0710318
	-0.0820204	0.0579972
	-0.123031	0.0710318
	-0.246061	0.100454
	-0.205051	0.0917016
	-0.164041	0.0820204
	-0.0820204	0.0579972
	0.835959	1.00336
	-0.0410102	0.0410102
	-0.123031	0.0710318
	-0.0820204	0.0579972
	-0.0820204	0.0579972
	-0.0820204	0.0579972
	-0.123031	0.0710318
	-0.123031	0.0710318
	-0.0820204	0.0579972
	-0.205051	0.0917016
	-0.123031	0.0710318
	-0.0410102	0.0410102
	-0.0410102	0.0410102
	-0.0410102	0.0410102
	-0.0410102	0.0410102
	-0.164041	0.0820204
	0	0
	0.91798	1.00168
	-0.0820204	0.0579972
	-0.0410102	0.0410102
	-0.0410102	0.0410102
	-0.0410102	0.0410102
	-0.0820204	0.0579972
	-0.0820204	0.0579972
	0	0
	-0.123031	0.0710318
	-0.0820204	0.0579972
	-0.0820204	0.0579972
	-0.164041	0.0820204
	-0.0410102	0.0410102
	-0.0410102	0.0410102
	-0.123031	0.0710318
	-0.123031	0.0710318
	-0.0820204	0.0579972
	-0.0410102	0.0410102
	0	0
	1	1
	-0.164041	0.0820204
	-0.123031	0.0710318
	-0.0410102	0.0410102
	-0.164041	0.0820204
	-0.0820204	0.0579972
	-0.0820204	0.0579972
	-0.0410102	0.0410102
	0.835959	1.00336
	0.91798	1.00168
	-0.123031	0.0710318
	-0.246061	0.100454
	-0.0410102	0.0410102
	-0.123031	0.0710318
	-0.0820204	0.0579972
	-0.0410102	0.0410102
	-0.0410102	0.0410102
	0.91798	1.00168
	0	0
	-0.0410102	0.0410102
	-0.205051	0.0917016
	-0.0410102	0.0410102
	-0.164041	0.0820204
	-0.123031	0.0710318
	-0.0820204	0.0579972
	0	0
	-0.123031	0.0710318
	-0.0410102	0.0410102
	-0.0410102	0.0410102
	-0.0410102	0.0410102
	-0.164041	0.0820204
	0.835959	1.00336
	-0.164041	0.0820204
	-0.0820204	0.0579972
	-0.164041	0.0820204
	-0.0820204	0.0579972
	-0.123031	0.0710318
	-0.0820204	0.0579972
	-0.0820204	0.0579972
	1	1
	-0.205051	0.0917016
	-0.123031	0.0710318
	-0.123031	0.0710318
	-0.123031	0.0710318
	0.876969	1.00252
	-0.123031	0.0710318
	-0.205051	0.0917016
	0	0
	-0.205051	0.0917016
	-0.0410102	0.0410102
	0	0
	-0.0410102	0.0410102
	-0.0410102	0.0410102
	-0.0820204	0.0579972
	0	0
	-0.0820204	0.0579972
	-0.123031	0.0710318
	-0.0410102	0.0410102
	-0.123031	0.0710318
	-0.164041	0.0820204
	-0.0820204	0.0579972
	0	0
	0.91798	1.00168
	0.91798	1.00168
	-0.0410102	0.0410102
	1.79495	1.41718
	-0.0820204	0.0579972
	-0.164041	0.0820204
	-0.0820204	0.0579972
	0.95899	1.00084
	-0.0410102	0.0410102
	-0.164041	0.0820204
	-0.0820204	0.0579972
	-0.0820204	0.0579972
	-0.164041	0.0820204
	0.794949	1.0042
	-0.0410102	0.0410102
	0.91798	1.00168
	-0.164041	0.0820204
	-0.0410102	0.0410102
	-0.123031	0.0710318
	-0.123031	0.0710318
	0.91798	1.00168
	-0.164041	0.0820204
	-0.164041	0.0820204
	-0.287072	0.108503
	-0.123031	0.0710318
	-0.164041	0.0820204
	-0.123031	0.0710318
	-0.0820204	0.0579972
	-0.0410102	0.0410102
	-0.0410102	0.0410102
	-0.123031	0.0710318
	-0.0410102	0.0410102
	-0.0820204	0.0579972
	-0.0820204	0.0579972
	-0.0410102	0.0410102
	-0.287072	0.108503
	-0.0820204	0.0579972
	0	0
	-0.205051	0.0917016
	-0.123031	0.0710318
	-0.0820204	0.0579972
	1	1
	-0.0820204	0.0579972
	-0.0410102	0.0410102
	-0.0820204	0.0579972
	-0.164041	0.0820204
	-0.0820204	0.0579972
	-0.205051	0.0917016
	-0.0820204	0.0579972
	0.794949	1.0042
	-0.0410102	0.0410102
	-0.0410102	0.0410102
	-0.205051	0.0917016
	-0.123031	0.0710318
	-0.0410102	0.0410102
	-0.328082	0.115994
	-0.205051	0.0917016
	-0.164041	0.0820204
	-0.123031	0.0710318
	-0.123031	0.0710318
	0.91798	1.00168
	-0.0820204	0.0579972
	-0.0410102	0.0410102
	-0.164041	0.0820204
	-0.123031	0.0710318
	-0.123031	0.0710318
	-0.0820204	0.0579972
	-0.123031	0.0710318
	0.876969	1.00252
	-0.123031	0.0710318
	0.876969	1.00252
	-0.0410102	0.0410102
	-0.123031	0.0710318
	-0.246061	0.100454
	-0.0410102	0.0410102
	-0.246061	0.100454
	0.91798	1.00168
	-0.0820204	0.0579972
	0.794949	1.0042
	-0.123031	0.0710318
	-0.574143	0.153446
	-0.246061	0.100454
	-0.451112	0.136016
	-0.328082	0.115994
	-0.492123	0.142064
	-0.0820204	0.0579972
	-0.123031	0.0710318
	-0.0410102	0.0410102
	1	1
	-0.164041	0.0820204
	0	0
	-0.0410102	0.0410102
	-0.0410102	0.0410102
	0	0
	0	0
	-0.0410102	0.0410102
	-0.0410102	0.0410102
	-0.0410102	0.0410102
	-0.0410102	0.0410102
	0.876969	1.00252
	-0.0820204	0.0579972
	-0.164041	0.0820204
	-0.0820204	0.0579972
	-0.123031	0.0710318
	-0.0820204	0.0579972
	-0.0820204	0.0579972
	-0.287072	0.108503
	-0.123031	0.0710318
	-0.0820204	0.0579972
	-0.246061	0.100454
	-0.0820204	0.0579972
	-0.164041	0.0820204
	-0.164041	0.0820204
	-0.0820204	0.0579972
	-0.0820204	0.0579972
	-0.0410102	0.0410102
	-0.0410102	0.0410102
	-0.123031	0.0710318
	-0.205051	0.0917016
	0.876969	1.00252
	0.835959	1.00336
	-0.164041	0.0820204
	0	0
	-0.0820204	0.0579972
	-0.0820204	0.0579972
	0.91798	1.00168
	-0.123031	0.0710318
	-0.164041	0.0820204
	-0.0820204	0.0579972
	0.91798	1.00168
	-0.0410102	0.0410102
	-0.287072	0.108503
	-0.0410102	0.0410102
	-0.0820204	0.0579972
	-0.0410102	0.0410102
	-0.0820204	0.0579972
	0	0
	-0.0820204	0.0579972
	0.794949	1.0042
	-0.0820204	0.0579972
	-0.287072	0.108503
	0.91798	1.00168
	-0.0410102	0.0410102
	-0.0410102	0.0410102
	-0.205051	0.0917016
	-0.123031	0.0710318
	-0.0820204	0.0579972
	0	0
	-0.0820204	0.0579972
	1	1
	-0.0820204	0.0579972
	-0.123031	0.0710318
	-0.123031	0.0710318
	-0.164041	0.0820204
	-0.205051	0.0917016
	-0.123031	0.0710318
	-0.0820204	0.0579972
	-0.164041	0.0820204
	-0.0820204	0.0579972
	-0.164041	0.0820204
	-0.0820204	0.0579972
	-0.123031	0.0710318
	-0.123031	0.0710318
	-0.123031	0.0710318
	-0.246061	0.100454
	-0.0820204	0.0579972
	0.95899	1.00084
	-0.164041	0.0820204
	-0.0410102	0.0410102
	-0.0410102	0.0410102
	-0.0820204	0.0579972
	-0.123031	0.0710318
	-0.123031	0.0710318
	0	0
	-0.0410102	0.0410102
	-0.0410102	0.0410102
	-0.0820204	0.0579972
	0.876969	1.00252
	-0.0820204	0.0579972
	0	0
	-0.0410102	0.0410102
	0	0
	-0.0820204	0.0579972
	-0.0820204	0.0579972
	0	0
	-0.164041	0.0820204
	-0.0820204	0.0579972
	0	0
	-0.123031	0.0710318
	-0.205051	0.0917016
	-0.164041	0.0820204
	-0.0410102	0.0410102
	-0.0820204	0.0579972
	-0.123031	0.0710318
	-0.0820204	0.0579972
	0.95899	1.00084
	-0.0820204	0.0579972
	-0.164041	0.0820204
	-0.164041	0.0820204
	-0.164041	0.0820204
	-0.164041	0.0820204
	-0.164041	0.0820204
	-0.0820204	0.0579972
	0.95899	1.00084
	0	0
	0.95899	1.00084
	-0.164041	0.0820204
	-0.0820204	0.0579972
	0.876969	1.00252
	-0.123031	0.0710318
	0.794949	1.0042
	0.835959	1.00336
	0.91798	1.00168
	-0.164041	0.0820204
	-0.0820204	0.0579972
	0.794949	1.0042
	-0.0410102	0.0410102
	-0.164041	0.0820204
	-0.0820204	0.0579972
	-0.0820204	0.0579972
	-0.164041	0.0820204
	-0.0820204	0.0579972
	-0.123031	0.0710318
	-0.0410102	0.0410102
	-0.0820204	0.0579972
	-0.0410102	0.0410102
	0.876969	1.00252
	-0.123031	0.0710318
	-0.123031	0.0710318
	-0.123031	0.0710318
	-0.123031	0.0710318
	-0.164041	0.0820204
	-0.123031	0.0710318
	-0.123031	0.0710318
	-0.246061	0.100454
	-0.0410102	0.0410102
	-0.123031	0.0710318
	-0.164041	0.0820204
	-0.123031	0.0710318
	-0.0410102	0.0410102
	-0.123031	0.0710318
	-0.205051	0.0917016
	-0.0410102	0.0410102
	-0.0820204	0.0579972
	1	1
	-0.164041	0.0820204
	-0.123031	0.0710318
	0.835959	1.00336
	-0.0820204	0.0579972
	-0.246061	0.100454
	-0.123031	0.0710318
	0.794949	1.0042
	-0.0410102	0.0410102
	-0.164041	0.0820204
	-0.0820204	0.0579972
	-0.123031	0.0710318
	0.876969	1.00252
	0.95899	1.00084
	-0.164041	0.0820204
	-0.0820204	0.0579972
	-0.205051	0.0917016
	-0.0820204	0.0579972
	-0.123031	0.0710318
	-0.123031	0.0710318
	-0.0410102	0.0410102
	-0.0410102	0.0410102
	-0.0820204	0.0579972
	0.876969	1.00252
	-0.0820204	0.0579972
	-0.246061	0.100454
	-0.0820204	0.0579972
	-0.164041	0.0820204
	-0.123031	0.0710318
	-0.123031	0.0710318
	-0.0410102	0.0410102
	-0.164041	0.0820204
	-0.0410102	0.0410102
	-0.246061	0.100454
	-0.0820204	0.0579972
	-0.123031	0.0710318
	-0.0820204	0.0579972
	-0.205051	0.0917016
	0	0
	-0.0820204	0.0579972
	-0.0410102	0.0410102
	0.876969	1.00252
	-0.0820204	0.0579972
	-0.123031	0.0710318
	0	0
	-0.0820204	0.0579972
	-0.123031	0.0710318
	-0.0820204	0.0579972
	0	0
	-0.164041	0.0820204
	-0.0410102	0.0410102
	-0.123031	0.0710318
	0.794949	1.0042
	-0.0820204	0.0579972
	-0.0410102	0.0410102
	-0.123031	0.0710318
	-0.0820204	0.0579972
	-0.0820204	0.0579972
	-0.123031	0.0710318
	-0.164041	0.0820204
	0.876969	1.00252
	0	0
	-0.123031	0.0710318
	-0.0410102	0.0410102
	-0.123031	0.0710318
	-0.0820204	0.0579972
	-0.0820204	0.0579972
	0.876969	1.00252
	-0.0820204	0.0579972
	-0.0410102	0.0410102
	-0.164041	0.0820204
	0.91798	1.00168
	-0.123031	0.0710318
	0	0
	-0.0820204	0.0579972
	-0.123031	0.0710318
	-0.0820204	0.0579972
	-0.205051	0.0917016
	0	0
	-0.123031	0.0710318
	0	0
	0.91798	1.00168
	-0.0410102	0.0410102
	-0.123031	0.0710318
	-0.0410102	0.0410102
	0	0
	0	0
	-0.246061	0.100454
	-0.164041	0.0820204
	-0.123031	0.0710318
	-0.0820204	0.0579972
	-0.0410102	0.0410102
	-0.123031	0.0710318
	-0.246061	0.100454
	0.876969	1.00252
	-0.0820204	0.0579972
	-0.123031	0.0710318
	0.835959	1.00336
	-0.0820204	0.0579972
	-0.0410102	0.0410102
	-0.0820204	0.0579972
	-0.246061	0.100454
	-0.0820204	0.0579972
	-0.0410102	0.0410102
	-0.0410102	0.0410102
	-0.164041	0.0820204
	-0.123031	0.0710318
	0	0
	-0.0410102	0.0410102
	-0.0820204	0.0579972
	-0.246061	0.100454
	-0.0820204	0.0579972
	-0.0410102	0.0410102
	-0.0410102	0.0410102
	-0.0820204	0.0579972
	0	0
	1	1
	-0.0410102	0.0410102
	-0.0410102	0.0410102
	0.95899	1.00084
	-0.246061	0.100454
	0.876969	1.00252
	-0.0410102	0.0410102
	-0.205051	0.0917016
	0	0
	-0.0820204	0.0579972
	-0.0820204	0.0579972
	-0.0820204	0.0579972
	-0.0410102	0.0410102
	-0.0410102	0.0410102
	-0.0820204	0.0579972
	-0.123031	0.0710318
	-0.0410102	0.0410102
	-0.0410102	0.0410102
	0	0
	-0.0410102	0.0410102
	-0.123031	0.0710318
	-0.0820204	0.0579972
	0.91798	1.00168
	-0.0820204	0.0579972
	-0.0820204	0.0579972
	-0.0820204	0.0579972
	-0.123031	0.0710318
	0.835959	1.00336
	-0.0820204	0.0579972
	-0.164041	0.0820204
	-0.0820204	0.0579972
	-0.0820204	0.0579972
	-0.0410102	0.0410102
	-0.123031	0.0710318
	-0.123031	0.0710318
	-0.123031	0.0710318
	0.95899	1.00084
	0	0
	0	0
	-0.0820204	0.0579972
	-0.0820204	0.0579972
	-0.164041	0.0820204
	-0.123031	0.0710318
	-0.0820204	0.0579972
	-0.0410102	0.0410102
	0	0
	-0.0820204	0.0579972
	-0.0820204	0.0579972
	-0.0820204	0.0579972
	0	0
	-0.164041	0.0820204
	-0.0820204	0.0579972
	-0.123031	0.0710318
	0	0
	-0.205051	0.0917016
	-0.123031	0.0710318
	0	0
	-0.123031	0.0710318
	-0.123031	0.0710318
	-0.0410102	0.0410102
	0	0
	-0.123031	0.0710318
	-0.123031	0.0710318
	-0.0820204	0.0579972
	-0.0410102	0.0410102
	-0.0820204	0.0579972
	0	0
	-0.0410102	0.0410102
	-0.164041	0.0820204
	-0.0410102	0.0410102
	-0.0410102	0.0410102
	-0.123031	0.0710318
	0	0
	0.91798	1.00168
	-0.123031	0.0710318
	-0.164041	0.0820204
	-0.0820204	0.0579972
	-0.0410102	0.0410102
	-0.246061	0.100454
	-0.0820204	0.0579972
	-0.123031	0.0710318
	-0.0410102	0.0410102
	-0.0410102	0.0410102
	-0.0820204	0.0579972
	-0.164041	0.0820204
	-0.123031	0.0710318
	-0.0820204	0.0579972
	-0.123031	0.0710318
	-0.205051	0.0917016
	-0.123031	0.0710318
	0.835959	1.00336
	-0.0410102	0.0410102
	-0.0410102	0.0410102
	0	0
	-0.0410102	0.0410102
	0	0
	-0.0410102	0.0410102
	-0.0820204	0.0579972
	-0.0410102	0.0410102
	-0.123031	0.0710318
	0	0
	-0.0820204	0.0579972
	0	0
	-0.246061	0.100454
	-0.246061	0.100454
	-0.0820204	0.0579972
	-0.0820204	0.0579972
	-0.123031	0.0710318
	0.95899	1.00084
	-0.0410102	0.0410102
	-0.0410102	0.0410102
	-0.205051	0.0917016
	-0.0410102	0.0410102
	-0.123031	0.0710318
	0.91798	1.00168
	-0.0820204	0.0579972
	-0.0410102	0.0410102
	-0.0410102	0.0410102
	-0.0820204	0.0579972
	-0.123031	0.0710318
	1	1
	-0.0410102	0.0410102
	-0.0410102	0.0410102
	-0.123031	0.0710318
	-0.205051	0.0917016
	-0.0410102	0.0410102
	-0.205051	0.0917016
	-0.123031	0.0710318
	-0.123031	0.0710318
	0	0
	-0.123031	0.0710318
	-0.123031	0.0710318
	-0.164041	0.0820204
	-0.205051	0.0917016
	-0.0410102	0.0410102
	-0.0820204	0.0579972
	-0.123031	0.0710318
	-0.0410102	0.0410102
	-0.0820204	0.0579972
	-0.123031	0.0710318
	-0.0410102	0.0410102
	-0.0820204	0.0579972
	-0.0410102	0.0410102
	-0.0410102	0.0410102
	-0.164041	0.0820204
	-0.0410102	0.0410102
	-0.0410102	0.0410102
	-0.0410102	0.0410102
	0	0
	-0.0410102	0.0410102
	-0.0410102	0.0410102
	-0.0820204	0.0579972
	-0.123031	0.0710318
	-0.0410102	0.0410102
	0	0
	-0.0820204	0.0579972
	0.91798	1.00168
	-0.123031	0.0710318
	0	0
	-0.0820204	0.0579972
	-0.0820204	0.0579972
	-0.0410102	0.0410102
	-0.0820204	0.0579972
	0	0
	0	0
	0	0
	0	0
	-0.164041	0.0820204
	-0.164041	0.0820204
	-0.0820204	0.0579972
	-0.0820204	0.0579972
	-0.0410102	0.0410102
	0.95899	1.00084
	-0.123031	0.0710318
	-0.164041	0.0820204
	0	0
	0.91798	1.00168
	-0.123031	0.0710318
	-0.0410102	0.0410102
	-0.123031	0.0710318
	-0.164041	0.0820204
	-0.0820204	0.0579972
	-0.0410102	0.0410102
	0	0
	-0.123031	0.0710318
	0	0
	-0.205051	0.0917016
	-0.0820204	0.0579972
	0	0
	-0.123031	0.0710318
	-0.123031	0.0710318
	-0.0820204	0.0579972
	0	0
	0	0
	-0.123031	0.0710318
	-0.0410102	0.0410102
	-0.123031	0.0710318
	-0.0410102	0.0410102
	-0.123031	0.0710318
	0	0
	-0.164041	0.0820204
	-0.164041	0.0820204
	-0.123031	0.0710318
	0.95899	1.00084
	-0.0410102	0.0410102
	-0.0410102	0.0410102
	0	0
	-0.164041	0.0820204
	-0.0820204	0.0579972
	0	0
	-0.123031	0.0710318
	-0.205051	0.0917016
	-0.123031	0.0710318
	-0.123031	0.0710318
	-0.164041	0.0820204
	-0.0410102	0.0410102
	-0.0410102	0.0410102
	0	0
	-0.0410102	0.0410102
	-0.123031	0.0710318
	0	0
	-0.0410102	0.0410102
	0.876969	1.00252
	-0.164041	0.0820204
	-0.164041	0.0820204
	1	1
	-0.164041	0.0820204
	0	0
	-0.0820204	0.0579972
	0	0
	-0.123031	0.0710318
	-0.0820204	0.0579972
	-0.123031	0.0710318
	-0.0410102	0.0410102
	-0.164041	0.0820204
	-0.0820204	0.0579972
	-0.205051	0.0917016
	-0.205051	0.0917016
	-0.123031	0.0710318
	0	0
	-0.0410102	0.0410102
	-0.123031	0.0710318
	-0.123031	0.0710318
	-0.0820204	0.0579972
	0.91798	1.00168
	-0.0820204	0.0579972
	-0.0410102	0.0410102
	0	0
	-0.0410102	0.0410102
	0	0
	-0.0820204	0.0579972
	-0.164041	0.0820204
	-0.123031	0.0710318
	-0.0410102	0.0410102
	-0.0410102	0.0410102
	0.95899	1.00084
	-0.0820204	0.0579972
	0	0
	-0.0410102	0.0410102
	0.95899	1.00084
	-0.0410102	0.0410102
	0	0
	-0.0820204	0.0579972
	-0.164041	0.0820204
	-0.0820204	0.0579972
	-0.0820204	0.0579972
	0.794949	1.0042
	-0.123031	0.0710318
	-0.0820204	0.0579972
	-0.0820204	0.0579972
	-0.0820204	0.0579972
	-0.123031	0.0710318
	-0.0820204	0.0579972
	-0.0410102	0.0410102
	-0.0410102	0.0410102
	-0.0820204	0.0579972
	0	0
	0	0
	-0.164041	0.0820204
	-0.0820204	0.0579972
	-0.0820204	0.0579972
	-0.0820204	0.0579972
	-0.123031	0.0710318
	-0.0820204	0.0579972
	-0.0410102	0.0410102
	-0.205051	0.0917016
	-0.123031	0.0710318
	-0.123031	0.0710318
	-0.0410102	0.0410102
	-0.0410102	0.0410102
	0	0
	0	0
	-0.123031	0.0710318
	-0.123031	0.0710318
	-0.0410102	0.0410102
	-0.0820204	0.0579972
	-0.123031	0.0710318
	-0.0410102	0.0410102
	-0.123031	0.0710318
	-0.123031	0.0710318
	-0.0410102	0.0410102
	-0.164041	0.0820204
	0.91798	1.00168
	0	0
	-0.0820204	0.0579972
	-0.0820204	0.0579972
	-0.123031	0.0710318
	-0.0410102	0.0410102
	-0.0820204	0.0579972
	0	0
	-0.123031	0.0710318
	-0.0820204	0.0579972
	0.876969	1.00252
	-0.0820204	0.0579972
	-0.0410102	0.0410102
	-0.0820204	0.0579972
	-0.0820204	0.0579972
	-0.0820204	0.0579972
	-0.123031	0.0710318
	-0.0410102	0.0410102
	-0.0820204	0.0579972
	-0.0410102	0.0410102
	-0.205051	0.0917016
	-0.0820204	0.0579972
	0	0
	1	1
	-0.164041	0.0820204
	-0.123031	0.0710318
	-0.164041	0.0820204
	-0.0820204	0.0579972
	-0.123031	0.0710318
	-0.123031	0.0710318
	-0.123031	0.0710318
	0	0
	-0.123031	0.0710318
	0.95899	1.00084
	-0.0820204	0.0579972
	-0.0820204	0.0579972
	-0.0410102	0.0410102
	-0.123031	0.0710318
	-0.0410102	0.0410102
	0	0
	-0.164041	0.0820204
	0.95899	1.00084
	0	0
	-0.0820204	0.0579972
	-0.0820204	0.0579972
	-0.123031	0.0710318
	0.876969	1.00252
	-0.0410102	0.0410102
	-0.0410102	0.0410102
	-0.0410102	0.0410102
	-0.164041	0.0820204
	-0.0820204	0.0579972
	-0.0820204	0.0579972
	-0.123031	0.0710318
	-0.246061	0.100454
	-0.0820204	0.0579972
	-0.0410102	0.0410102
	0.876969	1.00252
	0	0
	-0.123031	0.0710318
	-0.0410102	0.0410102
	-0.123031	0.0710318
	0	0
	-0.0820204	0.0579972
	-0.0410102	0.0410102
	-0.0820204	0.0579972
	-0.0820204	0.0579972
	-0.123031	0.0710318
	-0.123031	0.0710318
	0.91798	1.00168
	-0.0410102	0.0410102
	-0.123031	0.0710318
	-0.0820204	0.0579972
	1	1
	-0.0410102	0.0410102
	-0.0410102	0.0410102
	-0.205051	0.0917016
	-0.0820204	0.0579972
	-0.123031	0.0710318
	-0.0820204	0.0579972
	-0.0410102	0.0410102
	-0.123031	0.0710318
	1	1
	-0.123031	0.0710318
	-0.0820204	0.0579972
	-0.123031	0.0710318
	-0.0820204	0.0579972
	-0.0410102	0.0410102
	-0.0410102	0.0410102
	-0.0410102	0.0410102
	-0.0410102	0.0410102
	0	0
	-0.0820204	0.0579972
	-0.164041	0.0820204
	0.91798	1.00168
	-0.0410102	0.0410102
	0	0
	-0.164041	0.0820204
	-0.123031	0.0710318
	-0.0410102	0.0410102
	-0.0410102	0.0410102
	-0.123031	0.0710318
	0	0
	-0.0820204	0.0579972
	-0.0820204	0.0579972
	-0.123031	0.0710318
	-0.0410102	0.0410102
	-0.123031	0.0710318
	-0.123031	0.0710318
	-0.0820204	0.0579972
	-0.0820204	0.0579972
	-0.0410102	0.0410102
	-0.205051	0.0917016
	-0.0820204	0.0579972
	-0.0410102	0.0410102
	-0.0820204	0.0579972
	0.91798	1.00168
	0	0
	-0.0820204	0.0579972
	-0.123031	0.0710318
	0	0
	-0.0410102	0.0410102
	-0.0820204	0.0579972
	-0.0410102	0.0410102
	0	0
	-0.0410102	0.0410102
	-0.123031	0.0710318
	0	0
	-0.0820204	0.0579972
	-0.0820204	0.0579972
	-0.0820204	0.0579972
	-0.0410102	0.0410102
	-0.0410102	0.0410102
	-0.123031	0.0710318
	-0.0410102	0.0410102
	-0.0410102	0.0410102
	-0.123031	0.0710318
	-0.0410102	0.0410102
	0.95899	1.00084
	-0.164041	0.0820204
	1	1
	-0.0410102	0.0410102
	-0.123031	0.0710318
	-0.123031	0.0710318
	-0.123031	0.0710318
	-0.287072	0.108503
	-0.0410102	0.0410102
	-0.0410102	0.0410102
	-0.0410102	0.0410102
	-0.0820204	0.0579972
	-0.0410102	0.0410102
	0	0
	-0.0820204	0.0579972
	-0.0410102	0.0410102
	-0.0410102	0.0410102
	0	0
	-0.0410102	0.0410102
	-0.123031	0.0710318
	-0.0820204	0.0579972
	-0.0820204	0.0579972
	-0.0820204	0.0579972
	-0.0820204	0.0579972
	0	0
	0	0
	-0.0410102	0.0410102
	-0.0820204	0.0579972
	-0.328082	0.115994
	-0.0410102	0.0410102
	-0.0410102	0.0410102
	-0.0410102	0.0410102
	-0.0820204	0.0579972
	0.91798	1.00168
	-0.0820204	0.0579972
	0	0
	0	0
	0	0
	-0.0820204	0.0579972
	-0.164041	0.0820204
	-0.123031	0.0710318
	-0.0820204	0.0579972
	-0.164041	0.0820204
	-0.164041	0.0820204
	-0.0820204	0.0579972
	0.95899	1.00084
	-0.0820204	0.0579972
	-0.0410102	0.0410102
	-0.205051	0.0917016
	-0.0820204	0.0579972
	-0.0820204	0.0579972
	-0.164041	0.0820204
	0	0
	-0.123031	0.0710318
	-0.0410102	0.0410102
	-0.0820204	0.0579972
	-0.0410102	0.0410102
	-0.0820204	0.0579972
	-0.123031	0.0710318
	-0.123031	0.0710318
	-0.123031	0.0710318
	-0.205051	0.0917016
	-0.0410102	0.0410102
	-0.246061	0.100454
	-0.369092	0.123031
	-0.287072	0.108503
	-0.246061	0.100454
	-0.410102	0.129686
	-0.492123	0.142064
	0.671918	1.0067
	-0.369092	0.123031
	-0.492123	0.142064
	-0.369092	0.123031
	-0.205051	0.0917016
	-0.205051	0.0917016
	-0.205051	0.0917016
	-0.123031	0.0710318
	-0.123031	0.0710318
	-0.0820204	0.0579972
	-0.0820204	0.0579972
	-0.164041	0.0820204
	-0.246061	0.100454
	0.835959	1.00336
	0	0
	0.91798	1.00168
	0.91798	1.00168
	-0.287072	0.108503
	-0.205051	0.0917016
	-0.0820204	0.0579972
	0	0
	0.91798	1.00168
	-0.0820204	0.0579972
	0.95899	1.00084
	-0.0820204	0.0579972
	-0.164041	0.0820204
	-0.0820204	0.0579972
	1	1
	0	0
	-0.164041	0.0820204
	-0.123031	0.0710318
	-0.0820204	0.0579972
	0	0
	-0.0410102	0.0410102
	-0.123031	0.0710318
	0	0
	0	0
	-0.205051	0.0917016
	-0.164041	0.0820204
	-0.123031	0.0710318
	-0.0820204	0.0579972
	-0.164041	0.0820204
	-0.0820204	0.0579972
	-0.287072	0.108503
	-0.246061	0.100454
	-0.246061	0.100454
	-0.123031	0.0710318
	-0.123031	0.0710318
	-0.205051	0.0917016
	-0.205051	0.0917016
	-0.164041	0.0820204
	0.876969	1.00252
	0	0
	-0.164041	0.0820204
	1	1
	-0.0820204	0.0579972
	0.91798	1.00168
	-0.205051	0.0917016
	-0.0820204	0.0579972
	-0.0410102	0.0410102
	-0.0820204	0.0579972
	-0.123031	0.0710318
	0.95899	1.00084
	-0.0820204	0.0579972
	-0.0820204	0.0579972
	-0.0410102	0.0410102
	0.876969	1.00252
	-0.123031	0.0710318
	-0.123031	0.0710318
	0	0
	0	0
	-0.0410102	0.0410102
	-0.0820204	0.0579972
	-0.0410102	0.0410102
	0.91798	1.00168
	-0.0820204	0.0579972
	-0.0820204	0.0579972
	-0.0410102	0.0410102
	0.91798	1.00168
	-0.0410102	0.0410102
	-0.0410102	0.0410102
	0	0
	0.91798	1.00168
	-0.205051	0.0917016
	-0.123031	0.0710318
	-0.0820204	0.0579972
	0	0
	-0.0410102	0.0410102
	-0.164041	0.0820204
	-0.0410102	0.0410102
	-0.0410102	0.0410102
	-0.0820204	0.0579972
	0	0
	-0.246061	0.100454
	-0.123031	0.0710318
	-0.123031	0.0710318
	0.91798	1.00168
	-0.0820204	0.0579972
	-0.0410102	0.0410102
	0	0
	-0.0820204	0.0579972
	0.95899	1.00084
	-0.0820204	0.0579972
	-0.0820204	0.0579972
	0	0
	-0.123031	0.0710318
	-0.0410102	0.0410102
	0	0
	-0.123031	0.0710318
	-0.0820204	0.0579972
	-0.0410102	0.0410102
	-0.164041	0.0820204
	0.91798	1.00168
	-0.0820204	0.0579972
	-0.123031	0.0710318
	-0.164041	0.0820204
	-0.0410102	0.0410102
	-0.0820204	0.0579972
	0.835959	1.00336
	-0.123031	0.0710318
	-0.0820204	0.0579972
	-0.0410102	0.0410102
	-0.164041	0.0820204
	0	0
	0	0
	0.835959	1.00336
	0	0
	-0.0820204	0.0579972
	-0.0410102	0.0410102
	-0.0410102	0.0410102
	0	0
	-0.0410102	0.0410102
	-0.0410102	0.0410102
	-0.246061	0.100454
	-0.123031	0.0710318
	-0.164041	0.0820204
	-0.205051	0.0917016
	0	0
	0.835959	1.00336
	-0.0820204	0.0579972
	0	0
	-0.123031	0.0710318
	-0.0820204	0.0579972
	-0.164041	0.0820204
	-0.123031	0.0710318
	-0.0410102	0.0410102
	-0.0820204	0.0579972
	-0.123031	0.0710318
	0.95899	1.00084
	-0.0820204	0.0579972
	-0.0820204	0.0579972
	-0.0820204	0.0579972
	-0.287072	0.108503
	0	0
	-0.0410102	0.0410102
	-0.205051	0.0917016
	0.95899	1.00084
	-0.0410102	0.0410102
	-0.246061	0.100454
	-0.164041	0.0820204
	-0.0410102	0.0410102
	-0.123031	0.0710318
	0	0
	0	0
	-0.0820204	0.0579972
	-0.123031	0.0710318
	-0.0410102	0.0410102
	-0.0820204	0.0579972
	0	0
	-0.0820204	0.0579972
	-0.0820204	0.0579972
	-0.0820204	0.0579972
	-0.123031	0.0710318
	-0.0410102	0.0410102
	-0.0820204	0.0579972
	0	0
	-0.0820204	0.0579972
	-0.164041	0.0820204
	-0.123031	0.0710318
	1	1
	-0.0820204	0.0579972
	-0.164041	0.0820204
	0	0
	-0.0820204	0.0579972
	-0.0410102	0.0410102
	-0.0820204	0.0579972
	-0.164041	0.0820204
	-0.123031	0.0710318
	-0.0410102	0.0410102
	-0.0410102	0.0410102
	-0.0820204	0.0579972
	-0.0410102	0.0410102
	-0.0410102	0.0410102
	-0.123031	0.0710318
	-0.205051	0.0917016
	-0.0820204	0.0579972
	0.91798	1.00168
	-0.0820204	0.0579972
	0	0
	-0.0820204	0.0579972
	-0.123031	0.0710318
	-0.0410102	0.0410102
	0	0
	-0.123031	0.0710318
	-0.123031	0.0710318
	0	0
	-0.0410102	0.0410102
	0.794949	1.0042
	-0.0410102	0.0410102
	-0.0820204	0.0579972
	-0.0410102	0.0410102
	-0.123031	0.0710318
	-0.0820204	0.0579972
	-0.123031	0.0710318
	-0.0820204	0.0579972
	-0.205051	0.0917016
	-0.123031	0.0710318
	0	0
	-0.0410102	0.0410102
	-0.0820204	0.0579972
	-0.164041	0.0820204
	-0.0820204	0.0579972
	-0.123031	0.0710318
	0.753939	1.00503
	0	0
	-0.123031	0.0710318
	-0.205051	0.0917016
	-0.123031	0.0710318
	-0.0820204	0.0579972
	-0.0820204	0.0579972
	-0.0820204	0.0579972
	-0.0410102	0.0410102
	0	0
	-0.0820204	0.0579972
	-0.0820204	0.0579972
	-0.0410102	0.0410102
	0	0
	-0.0410102	0.0410102
	-0.164041	0.0820204
	0	0
	-0.0410102	0.0410102
	-0.0410102	0.0410102
	-0.123031	0.0710318
	-0.123031	0.0710318
	-0.0410102	0.0410102
	0.95899	1.00084
	-0.0410102	0.0410102
	-0.0820204	0.0579972
	-0.0410102	0.0410102
	-0.0820204	0.0579972
	-0.246061	0.100454
	-0.0410102	0.0410102
	-0.246061	0.100454
	-0.0410102	0.0410102
	-0.0410102	0.0410102
	0.95899	1.00084
	-0.0820204	0.0579972
	-0.0410102	0.0410102
	0	0
	-0.0410102	0.0410102
	-0.164041	0.0820204
	-0.0820204	0.0579972
	-0.123031	0.0710318
	-0.0410102	0.0410102
	-0.205051	0.0917016
	-0.123031	0.0710318
	-0.205051	0.0917016
	0	0
	-0.123031	0.0710318
	-0.0820204	0.0579972
	-0.205051	0.0917016
	-0.0820204	0.0579972
	-0.0410102	0.0410102
	-0.0410102	0.0410102
	-0.0410102	0.0410102
	-0.0410102	0.0410102
	-0.0410102	0.0410102
	-0.0820204	0.0579972
	-0.0410102	0.0410102
	-0.0410102	0.0410102
	-0.0410102	0.0410102
	-0.0820204	0.0579972
	-0.0820204	0.0579972
	-0.205051	0.0917016
	-0.0820204	0.0579972
	-0.164041	0.0820204
	0.835959	1.00336
	-0.0410102	0.0410102
	0	0
	-0.0410102	0.0410102
	-0.123031	0.0710318
	-0.205051	0.0917016
	-0.123031	0.0710318
	-0.0820204	0.0579972
	-0.287072	0.108503
	-0.164041	0.0820204
	-0.0410102	0.0410102
	-0.0820204	0.0579972
	-0.0820204	0.0579972
	-0.0410102	0.0410102
	-0.0410102	0.0410102
	-0.0820204	0.0579972
	-0.123031	0.0710318
	-0.0820204	0.0579972
	-0.369092	0.123031
	-0.492123	0.142064
	-0.369092	0.123031
	-0.492123	0.142064
	-0.533133	0.147864
	0.630908	1.00754
	-0.328082	0.115994
	0.712928	1.00587
	-0.451112	0.136016
	-0.328082	0.115994
	0.794949	1.0042
	-0.164041	0.0820204
	-0.0410102	0.0410102
	-0.0410102	0.0410102
	-0.123031	0.0710318
	-0.0820204	0.0579972
	-0.0820204	0.0579972
	-0.0410102	0.0410102
	-0.0410102	0.0410102
	0	0
	-0.287072	0.108503
	-0.164041	0.0820204
	1.95899	1.41481
	0.95899	1.00084
	0.95899	1.00084
	2.91798	1.73302
	-0.0820204	0.0579972
	-0.123031	0.0710318
	-0.0820204	0.0579972
	0	0
	-0.0410102	0.0410102
	0	0
	-0.0410102	0.0410102
	-0.0410102	0.0410102
	-0.0820204	0.0579972
	-0.0820204	0.0579972
	0.95899	1.00084
	1.91798	1.4154
	0	0
	-0.0410102	0.0410102
	-0.0410102	0.0410102
	-0.123031	0.0710318
	-0.0410102	0.0410102
	-0.0820204	0.0579972
	0.794949	1.0042
	-0.0820204	0.0579972
	-0.123031	0.0710318
	-0.0410102	0.0410102
	-0.0820204	0.0579972
	-0.123031	0.0710318
	0	0
	-0.123031	0.0710318
	-0.246061	0.100454
	-0.0410102	0.0410102
	-0.205051	0.0917016
	0	0
	-0.0820204	0.0579972
	-0.123031	0.0710318
	-0.123031	0.0710318
	-0.0410102	0.0410102
	0	0
	-0.0410102	0.0410102
	-0.123031	0.0710318
	-0.0410102	0.0410102
	-0.0410102	0.0410102
	-0.123031	0.0710318
	-0.0410102	0.0410102
	-0.164041	0.0820204
	-0.0410102	0.0410102
	-0.164041	0.0820204
	-0.123031	0.0710318
	-0.0410102	0.0410102
	-0.0410102	0.0410102
	0.876969	1.00252
	-0.0820204	0.0579972
	-0.0410102	0.0410102
	-0.0410102	0.0410102
	-0.164041	0.0820204
	-0.0820204	0.0579972
	-0.123031	0.0710318
	-0.0820204	0.0579972
	-0.0410102	0.0410102
	-0.0820204	0.0579972
	-0.123031	0.0710318
	0	0
	0.91798	1.00168
	-0.0820204	0.0579972
	0.91798	1.00168
	-0.205051	0.0917016
	-0.164041	0.0820204
	0	0
	-0.0820204	0.0579972
	-0.0410102	0.0410102
	0	0
	-0.0410102	0.0410102
	-0.0410102	0.0410102
	-0.0820204	0.0579972
	1	1
	-0.0820204	0.0579972
	-0.164041	0.0820204
	-0.0410102	0.0410102
	0	0
	-0.164041	0.0820204
	-0.0820204	0.0579972
	-0.123031	0.0710318
	-0.0410102	0.0410102
	-0.0410102	0.0410102
	-0.0410102	0.0410102
	0	0
	-0.164041	0.0820204
	-0.123031	0.0710318
	-0.123031	0.0710318
	0	0
	-0.0820204	0.0579972
	-0.164041	0.0820204
	-0.0410102	0.0410102
	-0.123031	0.0710318
	-0.0410102	0.0410102
	-0.0410102	0.0410102
	-0.123031	0.0710318
	-0.0820204	0.0579972
	-0.123031	0.0710318
	-0.123031	0.0710318
	-0.0820204	0.0579972
	-0.123031	0.0710318
	-0.0410102	0.0410102
	-0.0820204	0.0579972
	-0.0410102	0.0410102
	0	0
	-0.123031	0.0710318
	-0.164041	0.0820204
	0	0
	0	0
	-0.0410102	0.0410102
	0.95899	1.00084
	-0.164041	0.0820204
	-0.123031	0.0710318
	0.876969	1.00252
	0.95899	1.00084
	-0.123031	0.0710318
	-0.123031	0.0710318
	-0.123031	0.0710318
	0	0
	-0.0410102	0.0410102
	-0.0410102	0.0410102
	-0.123031	0.0710318
	-0.205051	0.0917016
	-0.164041	0.0820204
	-0.0410102	0.0410102
	-0.0820204	0.0579972
	-0.0820204	0.0579972
	0.95899	1.00084
	-0.0410102	0.0410102
	-0.123031	0.0710318
	0	0
	-0.123031	0.0710318
	-0.0410102	0.0410102
	-0.164041	0.0820204
	-0.164041	0.0820204
	-0.123031	0.0710318
	-0.205051	0.0917016
	-0.0820204	0.0579972
	-0.0410102	0.0410102
	-0.123031	0.0710318
	-0.0820204	0.0579972
	-0.0410102	0.0410102
	-0.123031	0.0710318
	0	0
	-0.0410102	0.0410102
	-0.0820204	0.0579972
	-0.123031	0.0710318
	-0.0410102	0.0410102
	-0.0410102	0.0410102
	-0.0410102	0.0410102
	-0.0410102	0.0410102
	-0.0410102	0.0410102
	-0.123031	0.0710318
	0	0
	-0.0820204	0.0579972
	0	0
	-0.0820204	0.0579972
	-0.0820204	0.0579972
	-0.123031	0.0710318
	-0.0410102	0.0410102
	-0.164041	0.0820204
	0	0
	-0.123031	0.0710318
	-0.0410102	0.0410102
	-0.0820204	0.0579972
	-0.0410102	0.0410102
	-0.123031	0.0710318
	-0.164041	0.0820204
	0.95899	1.00084
	0.91798	1.00168
	-0.246061	0.100454
	-0.123031	0.0710318
	-0.0820204	0.0579972
	-0.0820204	0.0579972
	-0.123031	0.0710318
	0	0
	0	0
	-0.0410102	0.0410102
	0.835959	1.00336
	-0.0410102	0.0410102
	-0.0820204	0.0579972
	-0.164041	0.0820204
	-0.0820204	0.0579972
	-0.287072	0.108503
	-0.0410102	0.0410102
	-0.123031	0.0710318
	-0.205051	0.0917016
	-0.0820204	0.0579972
	0.835959	1.00336
	-0.164041	0.0820204
	-0.164041	0.0820204
	-0.0820204	0.0579972
	-0.123031	0.0710318
	-0.164041	0.0820204
	-0.0410102	0.0410102
	-0.0820204	0.0579972
	-0.246061	0.100454
	-0.164041	0.0820204
	0.91798	1.00168
	-0.0820204	0.0579972
	0.95899	1.00084
	-0.123031	0.0710318
	-0.164041	0.0820204
	0	0
	0	0
	-0.123031	0.0710318
	0	0
	0.91798	1.00168
	-0.164041	0.0820204
	-0.164041	0.0820204
	-0.0410102	0.0410102
	-0.0820204	0.0579972
	-0.164041	0.0820204
	-0.0410102	0.0410102
	-0.123031	0.0710318
	-0.0410102	0.0410102
	-0.205051	0.0917016
	0	0
	-0.205051	0.0917016
	-0.0410102	0.0410102
	-0.0820204	0.0579972
	-0.0410102	0.0410102
	-0.0820204	0.0579972
	-0.0410102	0.0410102
	-0.123031	0.0710318
	-0.0820204	0.0579972
	-0.0410102	0.0410102
	-0.205051	0.0917016
	-0.0820204	0.0579972
	-0.0410102	0.0410102
	-0.164041	0.0820204
	-0.123031	0.0710318
	-0.123031	0.0710318
	-0.164041	0.0820204
	-0.205051	0.0917016
	-0.0820204	0.0579972
	-0.164041	0.0820204
	-0.123031	0.0710318
	0	0
	-0.123031	0.0710318
	0	0
	-0.123031	0.0710318
	-0.0820204	0.0579972
	-0.164041	0.0820204
	-0.0820204	0.0579972
	-0.0820204	0.0579972
	-0.164041	0.0820204
	-0.0820204	0.0579972
	0.835959	1.00336
	-0.0820204	0.0579972
	0	0
	-0.123031	0.0710318
	-0.246061	0.100454
	-0.0410102	0.0410102
	-0.0820204	0.0579972
	-0.205051	0.0917016
	-0.0820204	0.0579972
	-0.123031	0.0710318
	0.835959	1.00336
	-0.0410102	0.0410102
	-0.0410102	0.0410102
	0	0
	-0.0410102	0.0410102
	-0.0410102	0.0410102
	-0.0820204	0.0579972
	-0.164041	0.0820204
	-0.0820204	0.0579972
	-0.0820204	0.0579972
	-0.123031	0.0710318
	-0.0820204	0.0579972
	-0.0410102	0.0410102
	-0.0820204	0.0579972
	-0.0410102	0.0410102
	-0.0820204	0.0579972
	-0.0820204	0.0579972
	-0.0410102	0.0410102
	-0.164041	0.0820204
	-0.0820204	0.0579972
	-0.123031	0.0710318
	-0.0410102	0.0410102
	-0.0410102	0.0410102
	-0.0820204	0.0579972
	-0.164041	0.0820204
	-0.205051	0.0917016
	-0.0410102	0.0410102
	-0.0410102	0.0410102
	-0.0820204	0.0579972
	-0.0820204	0.0579972
	0.835959	1.00336
	-0.0820204	0.0579972
	-0.0820204	0.0579972
	-0.123031	0.0710318
	-0.123031	0.0710318
	-0.0820204	0.0579972
	-0.123031	0.0710318
	0	0
	-0.0820204	0.0579972
	0	0
	-0.0410102	0.0410102
	-0.164041	0.0820204
	0	0
	0	0
	-0.0820204	0.0579972
	-0.0820204	0.0579972
	0	0
	-0.0410102	0.0410102
	-0.0410102	0.0410102
	0.95899	1.00084
	-0.0410102	0.0410102
	-0.0820204	0.0579972
	-0.0410102	0.0410102
	-0.123031	0.0710318
	-0.164041	0.0820204
	-0.0820204	0.0579972
	0	0
	-0.0410102	0.0410102
	-0.0410102	0.0410102
	-0.123031	0.0710318
	-0.0410102	0.0410102
	0	0
	-0.0410102	0.0410102
	-0.123031	0.0710318
	-0.164041	0.0820204
	-0.205051	0.0917016
	-0.0820204	0.0579972
	-0.123031	0.0710318
	-0.0410102	0.0410102
	0.91798	1.00168
	0.876969	1.00252
	-0.123031	0.0710318
	-0.0410102	0.0410102
	0.794949	1.0042
	-0.0820204	0.0579972
	-0.123031	0.0710318
	-0.0820204	0.0579972
	-0.0820204	0.0579972
	0.95899	1.00084
	0.876969	1.00252
	-0.0410102	0.0410102
	-0.164041	0.0820204
	0.91798	1.00168
	-0.0820204	0.0579972
	0.876969	1.00252
	-0.0820204	0.0579972
	-0.164041	0.0820204
	-0.123031	0.0710318
	0	0
	0	0
	0.91798	1.00168
	-0.0410102	0.0410102
	-0.0820204	0.0579972
	-0.0410102	0.0410102
	-0.0410102	0.0410102
	-0.0410102	0.0410102
	-0.0410102	0.0410102
	0.91798	1.00168
	-0.0410102	0.0410102
	-0.0820204	0.0579972
	-0.123031	0.0710318
	-0.0410102	0.0410102
	0	0
	0.876969	1.00252
	-0.246061	0.100454
	-0.0410102	0.0410102
	-0.0410102	0.0410102
	0	0
	-0.123031	0.0710318
	-0.123031	0.0710318
	-0.0820204	0.0579972
	-0.205051	0.0917016
	-0.0820204	0.0579972
	-0.164041	0.0820204
	0.95899	1.00084
	-0.164041	0.0820204
	-0.0410102	0.0410102
	-0.0820204	0.0579972
	-0.164041	0.0820204
	-0.0410102	0.0410102
	0	0
	-0.164041	0.0820204
	-0.0410102	0.0410102
	-0.164041	0.0820204
	-0.287072	0.108503
	-0.123031	0.0710318
	-0.0820204	0.0579972
	-0.164041	0.0820204
	-0.0820204	0.0579972
	0	0
	1	1
	-0.0410102	0.0410102
	-0.164041	0.0820204
	-0.164041	0.0820204
	-0.0410102	0.0410102
	-0.123031	0.0710318
	-0.123031	0.0710318
	0	0
	-0.164041	0.0820204
	-0.0410102	0.0410102
	-0.0410102	0.0410102
	-0.164041	0.0820204
	-0.0820204	0.0579972
	-0.0410102	0.0410102
	-0.205051	0.0917016
	-0.164041	0.0820204
	-0.0410102	0.0410102
	-0.0820204	0.0579972
	-0.0820204	0.0579972
	-0.123031	0.0710318
	0.876969	1.00252
	-0.0410102	0.0410102
	-0.0410102	0.0410102
	-0.164041	0.0820204
	-0.0410102	0.0410102
	-0.0410102	0.0410102
	-0.0410102	0.0410102
	-0.0410102	0.0410102
	-0.164041	0.0820204
	-0.164041	0.0820204
	0	0
	-0.164041	0.0820204
	-0.0820204	0.0579972
	-0.164041	0.0820204
	-0.164041	0.0820204
	-0.0410102	0.0410102
	-0.0410102	0.0410102
	-0.246061	0.100454
	-0.0410102	0.0410102
	-0.0410102	0.0410102
	-0.0820204	0.0579972
	-0.0820204	0.0579972
	-0.0410102	0.0410102
	-0.205051	0.0917016
	-0.0410102	0.0410102
	-0.0820204	0.0579972
	-0.0410102	0.0410102
	-0.123031	0.0710318
	-0.164041	0.0820204
	-0.123031	0.0710318
	-0.0820204	0.0579972
	-0.123031	0.0710318
	-0.123031	0.0710318
	0.753939	1.00503
	-0.0820204	0.0579972
	-0.123031	0.0710318
	0.95899	1.00084
	0	0
	-0.164041	0.0820204
	0.876969	1.00252
	-0.164041	0.0820204
	-0.0820204	0.0579972
	-0.0410102	0.0410102
	-0.0820204	0.0579972
	-0.123031	0.0710318
	-0.0410102	0.0410102
	0.91798	1.00168
	-0.0410102	0.0410102
	-0.0410102	0.0410102
	0	0
	-0.0820204	0.0579972
	-0.0820204	0.0579972
	-0.0820204	0.0579972
	-0.0820204	0.0579972
	-0.205051	0.0917016
	-0.0820204	0.0579972
	-0.0820204	0.0579972
	0.91798	1.00168
	-0.0410102	0.0410102
	0	0
	0	0
	-0.123031	0.0710318
	-0.123031	0.0710318
	-0.0410102	0.0410102
	-0.164041	0.0820204
	-0.164041	0.0820204
	-0.0820204	0.0579972
	-0.0410102	0.0410102
	1	1
	-0.0410102	0.0410102
	-0.123031	0.0710318
	0.95899	1.00084
	-0.0410102	0.0410102
	0.91798	1.00168
	-0.0820204	0.0579972
	-0.0820204	0.0579972
	-0.0820204	0.0579972
	-0.0820204	0.0579972
	-0.0410102	0.0410102
	1	1
	-0.0820204	0.0579972
	-0.123031	0.0710318
	-0.164041	0.0820204
	-0.0820204	0.0579972
	0.876969	1.00252
	-0.0410102	0.0410102
	0	0
	-0.123031	0.0710318
	-0.205051	0.0917016
	-0.164041	0.0820204
	-0.0410102	0.0410102
	1	1
	-0.164041	0.0820204
	1	1
	-0.164041	0.0820204
	0	0
	1	1
	-0.123031	0.0710318
	-0.0410102	0.0410102
	-0.0820204	0.0579972
	-0.0410102	0.0410102
	0	0
	-0.0820204	0.0579972
	-0.0820204	0.0579972
	0	0
	-0.0820204	0.0579972
	0.91798	1.00168
	-0.123031	0.0710318
	-0.0410102	0.0410102
	1.87697	1.416
	0	0
	-0.123031	0.0710318
	-0.287072	0.108503
	-0.0820204	0.0579972
	-0.164041	0.0820204
	-0.205051	0.0917016
	0.876969	1.00252
	-0.0820204	0.0579972
	0.91798	1.00168
	0	0
	-0.205051	0.0917016
	-0.0410102	0.0410102
	0	0
	-0.0410102	0.0410102
	-0.0820204	0.0579972
	-0.164041	0.0820204
	-0.0410102	0.0410102
	-0.0820204	0.0579972
	-0.0410102	0.0410102
	-0.0820204	0.0579972
	-0.0820204	0.0579972
	-0.0820204	0.0579972
	-0.0410102	0.0410102
	-0.0820204	0.0579972
	-0.0410102	0.0410102
	-0.0410102	0.0410102
	-0.0410102	0.0410102
	0	0
	-0.0410102	0.0410102
	-0.0820204	0.0579972
	0	0
	-0.0410102	0.0410102
	-0.0410102	0.0410102
	0	0
	-0.123031	0.0710318
	0	0
	-0.0820204	0.0579972
	-0.0820204	0.0579972
	-0.0820204	0.0579972
	-0.0410102	0.0410102
	-0.123031	0.0710318
	-0.0820204	0.0579972
	-0.0820204	0.0579972
	-0.123031	0.0710318
	-0.0820204	0.0579972
	0	0
	0	0
	-0.205051	0.0917016
	-0.0820204	0.0579972
	0	0
	-0.0410102	0.0410102
	0	0
	-0.123031	0.0710318
	-0.0410102	0.0410102
	-0.123031	0.0710318
	-0.0410102	0.0410102
	0.835959	1.00336
	-0.123031	0.0710318
	0	0
	-0.123031	0.0710318
	-0.0820204	0.0579972
	-0.0410102	0.0410102
	-0.0410102	0.0410102
	-0.205051	0.0917016
	-0.0410102	0.0410102
	-0.0410102	0.0410102
	0	0
	-0.123031	0.0710318
	0	0
	-0.0820204	0.0579972
	-0.0410102	0.0410102
	0	0
	-0.0410102	0.0410102
	-0.0410102	0.0410102
	0.95899	1.00084
	0	0
	1	1
	0	0
	-0.0820204	0.0579972
	-0.0820204	0.0579972
	0	0
	0	0
	-0.0410102	0.0410102
	-0.0410102	0.0410102
	0	0
	0	0
	-0.205051	0.0917016
	-0.0410102	0.0410102
	-0.0410102	0.0410102
	-0.0820204	0.0579972
	-0.123031	0.0710318
	0	0
	0	0
	0	0
	-0.0820204	0.0579972
	-0.0410102	0.0410102
	-0.0820204	0.0579972
	-0.123031	0.0710318
	-0.0410102	0.0410102
	-0.0820204	0.0579972
	-0.123031	0.0710318
	-0.0410102	0.0410102
	-0.0410102	0.0410102
	-0.0820204	0.0579972
	-0.0410102	0.0410102
	0	0
	0	0
	0	0
	-0.246061	0.100454
	-0.123031	0.0710318
	-0.0820204	0.0579972
	-0.0820204	0.0579972
	-0.0410102	0.0410102
	-0.0410102	0.0410102
	-0.0410102	0.0410102
	-0.0410102	0.0410102
	0	0
	0	0
	-0.0820204	0.0579972
	0	0
	-0.123031	0.0710318
	-0.0410102	0.0410102
	-0.0410102	0.0410102
	0	0
	0.91798	1.00168
	-0.0410102	0.0410102
	-0.0820204	0.0579972
	-0.0820204	0.0579972
	-0.0820204	0.0579972
	0.876969	1.00252
	-0.0820204	0.0579972
	-0.123031	0.0710318
	-0.0820204	0.0579972
	-0.0820204	0.0579972
	0	0
	-0.0410102	0.0410102
	-0.0410102	0.0410102
	0	0
	0	0
	-0.0410102	0.0410102
	0	0
	-0.123031	0.0710318
	0.95899	1.00084
	-0.0820204	0.0579972
	-0.0410102	0.0410102
	0	0
	-0.123031	0.0710318
	0	0
	-0.0410102	0.0410102
	-0.0820204	0.0579972
	0	0
	0	0
	-0.0410102	0.0410102
	-0.0820204	0.0579972
	-0.0820204	0.0579972
	-0.0410102	0.0410102
	-0.0410102	0.0410102
	-0.0410102	0.0410102
	-0.0410102	0.0410102
	-0.205051	0.0917016
	-0.0820204	0.0579972
	-0.0410102	0.0410102
	0	0
	-0.0820204	0.0579972
	-0.0410102	0.0410102
	-0.0410102	0.0410102
	-0.0410102	0.0410102
	-0.0820204	0.0579972
	-0.123031	0.0710318
	-0.0410102	0.0410102
	-0.0410102	0.0410102
	0	0
	-0.0820204	0.0579972
	-0.0410102	0.0410102
	-0.0410102	0.0410102
	0	0
	0	0
	-0.0820204	0.0579972
	-0.0410102	0.0410102
	0	0
	0	0
	-0.0410102	0.0410102
	-0.0410102	0.0410102
	-0.0820204	0.0579972
	-0.0410102	0.0410102
	-0.0410102	0.0410102
	-0.0820204	0.0579972
	-0.0410102	0.0410102
	-0.0820204	0.0579972
	-0.0820204	0.0579972
	0	0
	0	0
	-0.0410102	0.0410102
	-0.0410102	0.0410102
	-0.0820204	0.0579972
	-0.123031	0.0710318
	0	0
	-0.0410102	0.0410102
	-0.0410102	0.0410102
	-0.0410102	0.0410102
	0	0
	-0.0410102	0.0410102
	-0.0820204	0.0579972
	-0.123031	0.0710318
	-0.0820204	0.0579972
	-0.205051	0.0917016
	-0.164041	0.0820204
	-0.0410102	0.0410102
	-0.246061	0.100454
	-0.164041	0.0820204
	-0.0820204	0.0579972
	-0.123031	0.0710318
	-0.205051	0.0917016
	-0.0410102	0.0410102
	-0.164041	0.0820204
	-0.0410102	0.0410102
	-0.0820204	0.0579972
	-0.0410102	0.0410102
	-0.0410102	0.0410102
	0.95899	1.00084
	-0.0410102	0.0410102
	0	0
	0	0
	0	0
	-0.123031	0.0710318
	-0.0410102	0.0410102
	-0.0410102	0.0410102
	1	1
	-0.0410102	0.0410102
	0	0
	-0.0410102	0.0410102
	-0.0410102	0.0410102
	1	1
	1	1
	0	0
	-0.0820204	0.0579972
	1	1
	-0.123031	0.0710318
	0	0
	-0.0820204	0.0579972
	0	0
	-0.0820204	0.0579972
	-0.0820204	0.0579972
	-0.0410102	0.0410102
	-0.123031	0.0710318
	0	0
	0	0
	-0.0410102	0.0410102
	0	0
	-0.123031	0.0710318
	0	0
	0	0
	-0.0410102	0.0410102
	-0.0410102	0.0410102
	-0.0820204	0.0579972
	-0.0820204	0.0579972
	0	0
	-0.0410102	0.0410102
	-0.123031	0.0710318
	-0.123031	0.0710318
	-0.0410102	0.0410102
	-0.0410102	0.0410102
	-0.0820204	0.0579972
	0.95899	1.00084
	0	0
	-0.0820204	0.0579972
	0	0
	-0.0820204	0.0579972
	-0.0410102	0.0410102
	-0.0410102	0.0410102
	-0.0410102	0.0410102
	0	0
	0	0
	0	0
	-0.0410102	0.0410102
	0	0
	0	0
	-0.0410102	0.0410102
	-0.0410102	0.0410102
	0	0
	0	0
	-0.0410102	0.0410102
	0	0
	-0.0820204	0.0579972
	-0.0820204	0.0579972
	-0.0410102	0.0410102
	-0.0410102	0.0410102
	-0.0410102	0.0410102
	0	0
	0	0
	0	0
	-0.0820204	0.0579972
	0	0
	-0.0410102	0.0410102
	-0.0410102	0.0410102
	-0.0410102	0.0410102
	-0.0820204	0.0579972
	0.91798	1.00168
	-0.0410102	0.0410102
	-0.0410102	0.0410102
	-0.0410102	0.0410102
	0	0
	-0.0410102	0.0410102
	0	0
	-0.0410102	0.0410102
	-0.0820204	0.0579972
	-0.0410102	0.0410102
	-0.0820204	0.0579972
	-0.0820204	0.0579972
	-0.0820204	0.0579972
	-0.0410102	0.0410102
	0.91798	1.00168
	0	0
	0	0
	0	0
	-0.0410102	0.0410102
	1	1
	-0.0820204	0.0579972
	0	0
	0	0
	0	0
	0	0
	0	0
	-0.0410102	0.0410102
	-0.0410102	0.0410102
	-0.0820204	0.0579972
	0	0
	0	0
	0	0
	0	0
	0	0
	0	0
	0	0
	0	0
	0	0
	-0.0410102	0.0410102
	-0.0410102	0.0410102
	0	0
	0	0
	0	0
	0	0
	-0.0410102	0.0410102
	-0.0820204	0.0579972
	-0.0410102	0.0410102
	-0.0820204	0.0579972
	0	0
	-0.0410102	0.0410102
	0	0
	-0.0820204	0.0579972
	-0.0820204	0.0579972
	-0.123031	0.0710318
	0	0
	0	0
	0	0
	-0.0410102	0.0410102
	0	0
	0	0
	0	0
	-0.0410102	0.0410102
	-0.0410102	0.0410102
	0	0
	0	0
	0	0
	-0.0820204	0.0579972
	-0.0410102	0.0410102
	0	0
	-0.0410102	0.0410102
	0	0
	0	0
	-0.0410102	0.0410102
	0	0
	0	0
	0	0
	0	0
	0	0
	-0.0410102	0.0410102
	-0.0410102	0.0410102
	0	0
	-0.0410102	0.0410102
	0	0
	0	0
	-0.0410102	0.0410102
	-0.0410102	0.0410102
	-0.123031	0.0710318
	-0.0410102	0.0410102
	0	0
	-0.0410102	0.0410102
	0	0
	-0.0410102	0.0410102
	0	0
	-0.123031	0.0710318
	-0.0410102	0.0410102
	-0.0410102	0.0410102
	0	0
	-0.0410102	0.0410102
	-0.0410102	0.0410102
	0	0
	0	0
	-0.0410102	0.0410102
	0	0
	0	0
	0	0
	-0.0410102	0.0410102
	0	0
	-0.0410102	0.0410102
	0	0
	0	0
	-0.0410102	0.0410102
	-0.0820204	0.0579972
	-0.0820204	0.0579972
	0	0
	0	0
	0	0
	-0.0410102	0.0410102
	-0.0410102	0.0410102
	-0.0410102	0.0410102
	-0.123031	0.0710318
	-0.0410102	0.0410102
	0	0
	-0.0820204	0.0579972
	0	0
	0	0
	0	0
	0	0
	0	0
	0	0
	0	0
	0	0
	-0.0820204	0.0579972
	0	0
	0	0
	0	0
	-0.0410102	0.0410102
	0	0
	-0.0820204	0.0579972
	-0.0410102	0.0410102
	0	0
	0	0
	0	0
	0	0
	0	0
	0	0
	0	0
	0	0
	-0.0410102	0.0410102
	-0.0820204	0.0579972
	0	0
	-0.0410102	0.0410102
	-0.0410102	0.0410102
	0	0
	0	0
	0	0
	0	0
	-0.0410102	0.0410102
	0	0
	0	0
	0	0
	-0.0410102	0.0410102
	0	0
	0	0
	0	0
	-0.0410102	0.0410102
	0	0
	-0.0410102	0.0410102
	0	0
	0	0
	0	0
	0	0
	0	0
	0	0
	0	0
	-0.0410102	0.0410102
	0	0
	0	0
	0	0
	0.95899	1.00084
	-0.0410102	0.0410102
	0	0
	-0.0820204	0.0579972
	-0.0410102	0.0410102
	0	0
	0	0
	0	0
	0	0
	0	0
	0	0
	0	0
	-0.0410102	0.0410102
	-0.0410102	0.0410102
	0	0
	0	0
	0	0
	0	0
	-0.0410102	0.0410102
	-0.0410102	0.0410102
	0	0
	0	0
	1	1
	1	1
	0	0
	0	0
	0	0
	0	0
	0	0
	0	0
	0	0
	0	0
	0	0
	0	0
	-0.0410102	0.0410102
	0	0
	-0.0410102	0.0410102
	0	0
	-0.0410102	0.0410102
	-0.0410102	0.0410102
	-0.0410102	0.0410102
	-0.0410102	0.0410102
	0	0
	-0.0410102	0.0410102
	-0.0410102	0.0410102
	0	0
	0	0
	0	0
	0	0
	0	0
	0	0
	0	0
	-0.0410102	0.0410102
	-0.0410102	0.0410102
	0	0
	-0.0410102	0.0410102
	0	0
	-0.0410102	0.0410102
	-0.0410102	0.0410102
	0	0
	0	0
	0	0
	0	0
	-0.0410102	0.0410102
	0	0
	-0.0410102	0.0410102
	0	0
	0	0
	0	0
	0	0
	-0.0410102	0.0410102
	0	0
	0	0
	0	0
	0	0
	-0.0410102	0.0410102
	0	0
	0	0
	0	0
	0	0
	0	0
	0	0
	0	0
	-0.0410102	0.0410102
	0	0
	1	1
	0	0
	0	0
	0	0
	-0.123031	0.0710318
	0	0
	-0.0410102	0.0410102
	-0.0820204	0.0579972
	-0.0410102	0.0410102
	0	0
	-0.0820204	0.0579972
	0	0
	0	0
	0	0
	0	0
	0	0
	0	0
	0	0
	-0.0820204	0.0579972
	0	0
	0	0
	0	0
	0	0
	-0.0410102	0.0410102
	-0.0410102	0.0410102
	0	0
	0	0
	-0.0410102	0.0410102
	0	0
	0	0
	-0.0410102	0.0410102
	0	0
	0	0
	-0.0820204	0.0579972
	-0.0410102	0.0410102
	-0.0820204	0.0579972
	0	0
	0	0
	0	0
	0	0
	0	0
	0	0
	-0.0820204	0.0579972
	0	0
	0	0
	-0.0410102	0.0410102
	0	0
	0	0
	0	0
	0	0
	0	0
	-0.0410102	0.0410102
	0	0
	-0.0410102	0.0410102
	0	0
	0	0
	-0.0410102	0.0410102
	0	0
	-0.0410102	0.0410102
	0	0
	0	0
	0	0
	0	0
	-0.0410102	0.0410102
	0	0
	-0.0410102	0.0410102
	0	0
	0	0
	-0.0410102	0.0410102
	0	0
	0	0
	0	0
	-0.0410102	0.0410102
	0	0
	0	0
	0	0
	0	0
	-0.0820204	0.0579972
	0	0
	-0.0410102	0.0410102
	0	0
	0	0
	-0.0820204	0.0579972
	0	0
	0	0
	0	0
	0	0
	-0.0410102	0.0410102
	-0.0410102	0.0410102
	0	0
	0	0
	0	0
	0	0
	0	0
	0	0
	0	0
	0	0
	0	0
	0	0
	0	0
	0	0
	0	0
	0	0
	0	0
	-0.123031	0.0710318
	0	0
	0	0
	0	0
	-0.0410102	0.0410102
	0	0
	0	0
	0	0
	0	0
	0	0
	0	0
	0	0
	0	0
	0	0
	-0.0410102	0.0410102
	0	0
	0	0
	0	0
	0	0
	0	0
	0	0
	0	0
	0	0
	-0.0410102	0.0410102
	0	0
	0	0
	0	0
	-0.0410102	0.0410102
	-0.0410102	0.0410102
	0	0
	-0.0820204	0.0579972
	0	0
	0	0
	0	0
	0	0
	0	0
	0	0
	0	0
	-0.0410102	0.0410102
	0	0
	0	0
	0	0
	0	0
	-0.0410102	0.0410102
	-0.123031	0.0710318
	-0.0410102	0.0410102
	0	0
	0	0
	-0.0820204	0.0579972
	-0.0820204	0.0579972
	-0.123031	0.0710318
	-0.451112	0.136016
	-0.779194	0.178759
	-0.656164	0.164041
	-0.820204	0.183403
	-1.35334	0.235586
	-2.62465	0.328082
	-2.09152	0.292872
	-2.13253	0.295729
	-2.95274	0.347983
	-2.25556	0.30414
	-1.47637	0.246061
	-1.27132	0.228335
	-0.451112	0.136016
	-0.533133	0.147864
	-0.205051	0.0917016
	-0.164041	0.0820204
	-0.0410102	0.0410102
	-0.0410102	0.0410102
	-0.0820204	0.0579972
	0	0
	-0.0410102	0.0410102
	0	0
	-0.0410102	0.0410102
	0	0
	0	0
	1	1
	2	1.41421
	0	0
	1	1
	3	1.73205
	2	1.41421
	5	2.23607
	3	1.73205
	1	1
	0.95899	1.00084
	0	0
	0	0
	0	0
	-0.0410102	0.0410102
	-0.0410102	0.0410102
	0	0
	0	0
	0	0
	-0.0410102	0.0410102
	-0.0410102	0.0410102
	0	0
	-0.0410102	0.0410102
	-0.0410102	0.0410102
	0	0
	0	0
	0	0
	0	0
	0	0
	0	0
	-0.0410102	0.0410102
	0	0
	0	0
	-0.0410102	0.0410102
	0	0
	0	0
	0	0
	0	0
	0	0
	0	0
	-0.0410102	0.0410102
	0	0
	0	0
	0	0
	0	0
	0	0
	-0.0410102	0.0410102
	0	0
	0	0
	0	0
	0	0
	0	0
	0	0
	0	0
	0	0
	-0.0410102	0.0410102
	-0.0410102	0.0410102
	-0.0410102	0.0410102
	0	0
	0	0
	0	0
	0	0
	0	0
	0	0
	0	0
	-0.0410102	0.0410102
	0	0
	0	0
	-0.0410102	0.0410102
	0	0
	0	0
	0	0
	-0.0410102	0.0410102
	-0.0410102	0.0410102
	0	0
	0	0
	-0.0820204	0.0579972
	0	0
	0	0
	0	0
	0	0
	0.95899	1.00084
	-0.0410102	0.0410102
	-0.0410102	0.0410102
	0	0
	0	0
	-0.0410102	0.0410102
	-0.0820204	0.0579972
	0	0
	0	0
	0	0
	0	0
	-0.0410102	0.0410102
	0	0
	0	0
	0	0
	0	0
	-0.0410102	0.0410102
	0	0
	0	0
	-0.0410102	0.0410102
	0	0
	0	0
	0	0
	-0.0410102	0.0410102
	0	0
	0	0
	0	0
	0	0
	0	0
	0	0
	0	0
	-0.0410102	0.0410102
	0	0
	0	0
	0	0
	0	0
	-0.0820204	0.0579972
	0	0
	0	0
	-0.0820204	0.0579972
	0	0
	0	0
	0	0
	0	0
	-0.0410102	0.0410102
	0	0
	0	0
	-0.0410102	0.0410102
	0	0
	-0.0410102	0.0410102
	0	0
	0	0
	0	0
	0	0
	0	0
	-0.0410102	0.0410102
	0	0
	-0.0410102	0.0410102
	0	0
	0	0
	0	0
	0	0
	0	0
	0	0
	0	0
	0	0
	0	0
	0	0
	0	0
	0	0
	0	0
	0	0
	0	0
	-0.0410102	0.0410102
	-0.0410102	0.0410102
	0	0
	0	0
	0	0
	0	0
	-0.0410102	0.0410102
	0	0
	-0.0410102	0.0410102
	-0.0820204	0.0579972
	0	0
	0	0
	0	0
	0	0
	0	0
	0	0
	0	0
	0	0
	-0.0410102	0.0410102
	-0.0410102	0.0410102
	0	0
	0	0
	-0.0410102	0.0410102
	-0.0410102	0.0410102
	0	0
	-0.0410102	0.0410102
	0	0
	-0.0410102	0.0410102
	-0.0820204	0.0579972
	19.6782	4.81001
	299.11	18.2578
	527.838	24.0195
	436.453	22.0206
	494.535	23.3003
	473.305	22.8682
	479.479	22.9536
	427.668	21.7674
	440.92	22.1344
	457.51	22.5155
	504.242	23.4477
