$SPEC_ID:
No sample description was entered.
$SPEC_REM:
DET# 1
DETDESC# DESKTOP-LO9J119 MCB 337
AP# Maestro Version 5.35.01
$DATE_MEA:
01/26/2026 15:38:36
$MEAS_TIM:
53745	54212
$DATA:
0 8191
	383.272	226.128
	512.008	224.164
	272.881	226.204
	-70.8821	229.052
	548.671	221.758
	149.253	222.596
	559.652	218.716
	350.943	219.121
	393.752	217.118
	240.707	215.09
	378.216	216.971
	79.4883	214.039
	690.569	211.051
	290.216	216.768
	271.569	210.056
	247.006	211.371
	-83.5658	216.574
	336.497	209.981
	134.052	212.811
	264.96	209.696
	-26.4847	212.32
	73.4239	209.123
	184.333	205.903
	744.859	199.189
	155.505	204.776
	-16.6488	208.676
	609.959	197.511
	236.805	201.053
	420.931	198.617
	399.25	197.954
	354.786	197.964
	188.877	201.174
	540.495	197.457
	189.295	199.247
	215.759	199.193
	477.285	191.465
	-128.541	202.3
	196.476	193.118
	90.104	196.682
	200.695	193.877
	233.476	193.214
	-14.2598	195.184
	654.321	185.016
	173.449	194.676
	-30.7962	195.018
	276.167	188.779
	432.485	188.554
	317.194	187.22
	1.62177	193.113
	-72.0144	194.169
	423.221	185.823
	239.239	188.937
	162.803	187.194
	349.102	183.401
	352.711	183.805
	215.412	187.721
	79.2934	185.156
	296.857	184.178
	42.6115	184.404
	381.566	183.358
	285.302	180.308
	225.984	180.812
	137.584	186.352
	392.402	179.13
	-4.51533	187.392
	27.3662	185.277
	265.738	181.852
	595.701	175.21
	203.375	180.348
	369.82	176.898
	85.7384	181.357
	191.693	179.646
	251.502	177.245
	292.138	175.994
	329.138	176.1
	290.019	173.643
	-77.9164	178.489
	235.628	173.903
	164.483	173.142
	-5.59832	178.015
	110.402	178.341
	296.655	172.267
	319.146	170.362
	-58.6981	179.351
	408.782	169.205
	113.238	173.967
	447.955	168.034
	129.683	169.947
	-135.498	176.15
	246.319	168.867
	472.127	166.809
	140.51	171.251
	345.2	166.718
	-20.3716	173.165
	175.637	167.941
	284.127	166.245
	224.246	168.516
	701.336	158.162
	292.127	166.269
	145.419	166.987
	169.319	168.639
	201.909	165.123
	149.982	165.258
	48.8094	166.263
	-101.954	170.683
	404.308	159.202
	353.818	161.153
	227.446	165.346
	88.4456	164.926
	308.454	159.507
	8.49128	166.866
	331.772	158.823
	141.572	161.542
	306.136	160.254
	246.6	159.918
	221.918	159.084
	305.554	157.826
	191.327	162.737
	176.527	159.396
	128.354	160.602
	-40.5544	164.534
	300.044	155.654
	4.00902	162.902
	197.09	157.635
	195.017	157.322
	117.281	160.267
	179.017	157.271
	222.635	151.475
	219.799	156.479
	24.8906	160.43
	239.144	153.742
	154.726	155.961
	247.144	153.768
	363.317	152.73
	322.072	153.698
	46.1173	155.147
	115.09	157.375
	108.654	155.504
	368.635	151.956
	-110.255	159.404
	240.535	153.275
	179.072	153.232
	168.072	153.196
	157.681	153.634
	275.808	150.212
	437.689	148.005
	404.371	148.705
	86.3626	154.186
	510.544	147.598
	369.444	148.912
	-14.546	158.491
	6.0902	157.028
	168.508	155.075
	234.39	152.624
	107.19	155.654
	209.044	155.361
	9.11726	155.028
	-82.0367	160.398
	174.999	152.903
	148.826	154.232
	-18.4732	158.783
	380.907	148.789
	202.363	154.561
	417.398	146.626
	178.999	152.916
	121.972	154.769
	268.708	151.945
	143.899	154.528
	50.6536	155.317
	428.907	148.95
	298.926	152.993
	278.899	154.964
	18.3085	157.986
	205.363	154.571
	269.072	153.525
	238.044	155.454
	131.19	155.731
	429.608	154.204
	261.144	153.813
	173.19	155.866
	197.09	157.635
	251.753	154.253
	512.29	155.25
	232.818	160.777
	183.545	163.6
	528.799	157.463
	628.217	155.313
	539.999	154.092
	312.308	158.913
	335.182	162.586
	496.745	161.297
	908.336	158.815
	500.009	164.417
	473.918	159.874
	412.872	157.401
	342.554	157.943
	193.063	159.599
	284.408	157.146
	133.209	160.016
	552.072	154.444
	-78.2363	163.684
	372.581	156.041
	124.036	161.338
	137.109	161.677
	286.845	158.985
	397.918	159.636
	435.699	158.846
	326.163	158.349
	143.963	161.101
	-43.6542	166.13
	279.381	159.113
	357.182	162.653
	484.527	160.359
	382.4	163.618
	287.327	163.031
	188.491	167.404
	67.1004	167.474
	181.836	164.77
	141.246	168.269
	293.055	165.981
	421.446	165.932
	375.346	167.386
	148.992	175.037
	537.955	168.301
	435.518	166.265
	90.801	172.23
	62.4372	170.741
	194.391	168.999
	111.728	172.01
	130.61	169.665
	406.391	169.625
	737.936	164.847
	320.855	169.23
	54.4829	172.824
	240.683	170.273
	181.119	171.791
	150.919	174.767
	94.0192	173.077
	299.337	172.974
	497.292	171.448
	409.337	173.291
	579.292	171.686
	249.628	173.943
	107.456	174.78
	313.755	170.77
	373.1	168.385
	153.192	171.991
	149.165	173.793
	200.483	173.246
	72.5015	176.739
	310.265	172.726
	373.61	170.38
	458.146	170.769
	210.41	172.996
	507.073	170.63
	171.038	177.154
	-59.0433	181.755
	91.5929	180.84
	-34.1161	181.558
	250.038	177.377
	547.119	172.853
	199.82	176.417
	236.601	175.699
	369.41	173.455
	256.138	175.892
	113.62	179.159
	212.21	176.041
	323.601	175.947
	388.701	174.619
	183.011	178.949
	350.747	176.571
	97.0108	178.709
	376.502	177.597
	244.084	179.389
	369.084	179.737
	230.547	179.216
	129.084	179.068
	189.256	178.02
	45.4203	181.91
	127.393	183.849
	201.566	182.867
	-140.561	185.084
	132.175	183.073
	310.084	179.573
	-5.75225	182.96
	244.202	181.66
	60.7841	183.273
	135.666	181.228
	342.42	182.724
	260.493	182.764
	62.8112	181.56
	-46.7336	186.505
	-281.052	186.523
	345.229	180.207
	630.092	174.895
	165.129	181.177
	322.447	180.945
	48.0481	185.982
	520.429	177.731
	37.3933	183.604
	216.784	183.698
	73.1022	182.647
	317.348	182.391
	-197.542	188.546
	263.029	182.903
	372.547	179.612
	-14.5424	189.031
	-128.906	187.446
	267.275	181.989
	19.4119	187.198
	379.984	181.237
	135.321	183.608
	-131.542	188.721
	216.148	185.005
	60.3662	185.366
	457.892	177.419
	-64.1972	186.587
	351.084	179.687
	30.0024	183.977
	1.80277	186.764
	289.057	181.252
	-181.569	190.244
	104.612	184.572
	-24.7336	186.564
	-147.297	187.783
	321.375	180.675
	95.5117	185.98
	289.547	179.381
	357.52	181.308
	160.42	182.226
	-106.642	190.188
	164.221	185.125
	190.002	184.412
	-153.251	189.684
	522.084	180.162
	58.4119	187.302
	272.52	181.074
	260.057	181.172
	112.784	183.415
	110.93	183.935
	136.466	184.135
	184.221	185.179
	196.202	181.528
	166.566	182.771
	-210.079	188.385
	59.9483	187.435
	483.984	181.524
	-106.979	187.247
	248.321	183.915
	59.9753	185.755
	61.2664	186.794
	450.965	177.671
	278.811	182.153
	394.838	180.745
	181.375	180.287
	74.5117	185.923
	163.202	181.437
	384.793	178.704
	-13.534	183.728
	277.865	178.675
	219.229	179.857
	450.701	174.796
	245.52	180.999
	412.21	176.609
	191.911	180.45
	-57.0974	185.179
	-276.297	187.439
	-71.5881	186.955
	185.765	179.898
	401.938	179.291
	-59.3885	184.128
	109.42	182.086
	404.674	176.451
	584.919	176.004
	252.256	178.197
	263.256	178.228
	105.93	183.921
	-40.3157	184.441
	85.0836	178.945
	-9.62538	179.757
	-158.752	182.541
	91.9838	180.441
	527.41	173.909
	162.72	177.81
	88.4474	180.297
	252.283	176.429
	236.329	178.423
	-6.7709	179.227
	-69.9705	181.99
	420.31	175.123
	282.82	176.652
	221.747	176.206
	-38.7709	179.138
	40.6927	179.225
	254.402	178.744
	72.4017	178.234
	-4.67949	183.226
	167.111	177.415
	440.192	172.823
	442.219	171.005
	399.583	172.286
	182.774	174.305
	21.4474	180.111
	213.556	173.562
	60.0649	175.059
	-295.825	181.9
	423.146	170.667
	240.238	174.332
	7.93806	178.189
	14.647	177.121
	262.483	173.424
	164.383	174.667
	642.227	165.725
	-18.1076	176.072
	106.628	173.531
	241.583	171.827
	305.51	171.732
	97.4287	176.537
	424.737	167.101
	-73.0349	176.19
	166.41	172.868
	64.1648	173.548
	148.946	172.957
	162.046	171.455
	37.1648	173.47
	150.41	172.822
	-89.3987	174.769
	498.446	166.164
	-54.8352	173.205
	373.637	168.53
	476.618	164.786
	145.637	167.852
	-495.116	180.284
	315.273	166.918
	252.537	169.74
	211.146	170.045
	312.373	165.312
	-242.226	173.082
	176.537	169.516
	-54.0535	172.37
	260.955	167.476
	173.173	168.077
	303.009	163.817
	-40.8082	171.426
	55.7096	167.871
	166.909	165.017
	214.373	165.015
	363.645	162.525
	326.254	162.855
	53.4913	167
	323.718	162.699
	119.809	166.476
	206.254	162.486
	144.691	164.07
	26.3458	166.34
	179.4	162.996
	142.518	165.381
	43.5911	165.374
	-157.245	169.386
	90.7366	166.098
	118.863	162.662
	-248.636	169.543
	-342.417	170.119
	256.036	161.747
	16.4456	164.707
	38.3458	166.376
	297.654	156.11
	259.381	159.05
	151.327	162.614
	165.063	159.511
	111.672	159.797
	304.99	159.647
	-51.727	165.815
	46.1359	159.441
	-152.045	166.239
	19.1816	161.611
	118.281	160.27
	243.381	159
	90.454	158.822
	191.945	157.005
	83.6266	157.428
	27.5725	161.189
	141.654	155.61
	-20.4275	161.04
	153.09	157.495
	-57.1822	159.873
	-27.0096	158.604
	107.236	157.962
	-15.9369	158.943
	239.872	156.851
	256.19	156.132
	109.236	157.968
	95.0174	157.004
	190.699	158.073
	347.808	150.451
	-236.382	162.608
	-103.4	158.82
	165.972	154.911
	11.2628	155.656
	133.654	155.584
	362.953	151.141
	136.29	154.035
	-39.4732	158.717
	72.6079	153.042
	101.317	151.87
	2.33554	155.937
	256.562	151.268
	28.3626	153.997
	-77.9098	156.76
	-303.4	158.189
	63.1443	153.168
	163.344	149.998
	146.317	152.018
	37.1173	155.118
	344.544	147.035
	133.808	149.738
	-24.4191	154.764
	41.0259	150.394
	74.344	149.701
	-164.274	154.935
	38.5352	152.614
	157.171	151.418
	243.39	152.653
	110.481	156.899
	361.481	157.697
	346.99	159.779
	479.336	157.459
	606.88	151.628
	122.753	153.834
	-11.9284	152.607
	294.134	142.698
	407.28	143.767
	261.18	145.098
	18.5893	148.381
	157.544	146.398
	202.689	147.209
	401.452	142.228
	154.253	145.062
	125.789	145.13
	22.3253	144.94
	500.752	136.88
	245.452	141.679
	158.325	145.408
	201.889	143.556
	6.8617	145.053
	-30.7017	146.907
	115.007	146.087
	371.579	137.99
	199.77	140.663
	113.034	143.918
	20.5436	145.929
	417.579	138.157
	-30.7745	146.578
	298.77	141.014
	175.061	141.941
	179.916	141.277
	3.25256	144.541
	-90.1383	144.718
	179.061	141.955
	116.87	138.465
	336.361	136.808
	131.962	143.648
	-117.429	143.283
	191.234	140.461
	346.143	135.783
	271.625	140.232
	344.606	135.599
	188.824	136.091
	7.98857	141.01
	336.851	134.319
	67.4793	138.808
	11.8888	142.892
	-204.456	145.156
	133.188	137.65
	-30.0114	140.875
	119.797	138.126
	13.5977	141.542
	145.725	137.871
	144.506	136.813
	345.924	134.712
	173.143	135.144
	103.043	136.837
	193.361	136.285
	121.115	137.255
	192.461	134.321
	322.197	130.991
	69.4336	136.184
	23.3067	140.206
	197.997	134.521
	202.488	132.003
	-47.8388	139.261
	59.8244	135.616
	-14.0301	136.055
	-134.157	139.816
	370.833	129.325
	103.334	138.241
	356.706	133.673
	90.0156	139.063
	305.242	133.661
	89.5791	136.964
	69.4606	133.862
	27.5791	136.738
	-7.10283	135.725
	16.8515	133.123
	25.8515	133.157
	-27.712	135.115
	263.396	126.643
	49.0968	131.971
	14.0241	131.471
	-62.003	133.551
	-61.9032	131.549
	159.66	130.184
	49.3879	133.426
	194.906	129.017
	175.124	130.058
	57.1696	132.366
	158.124	129.993
	165.76	128.153
	-24.294	132.241
	82.6603	129.888
	-94.9759	131.056
	100.051	129.397
	-24.267	129.848
	166.469	126.642
	30.733	130.059
	80.5875	129.508
	127.224	127.814
	105.76	127.919
	41.5875	129.357
	90.8328	128.238
	-35.5123	131.099
	104.396	126.014
	231.178	125.367
	69.442	128.718
	159.933	126.425
	131.396	126.121
	20.3692	128.151
	24.6873	127.223
	-100.585	130.481
	294.523	122.114
	36.0782	126.698
	-30.531	125.861
	-344.685	131.575
	125.596	121.817
	-12.4853	128.774
	113.423	123.537
	91.3506	123.056
	237.741	123.063
	79.0054	126.487
	345.014	119.528
	239.768	120.496
	207.596	122.153
	148.669	122.307
	130.351	123.215
	15.3963	125.66
	-7.28563	124.606
	27.3963	125.708
	60.3506	122.93
	-31.4311	123.732
	-43.1401	125.235
	81.7685	119.839
	76.5959	121.616
	87.1323	121.857
	-12.6037	125.549
	-54.9675	123.441
	75.8413	120.216
	148.987	121.318
	-75.4582	126.066
	185.477	118.656
	121.941	118.184
	13.7414	122.15
	41.5959	121.472
	245.796	117.891
	134.941	118.239
	228.114	116.788
	226.65	116.988
	206.432	115.657
	137.087	119.061
	-49.5767	122.876
	82.5959	121.64
	-17.7222	122.218
	-46.8948	123.864
	300.723	117.715
	-39.0487	130.901
	636.833	130.349
	770.88	152.168
	1191.24	161.356
	1294.43	164.486
	755.554	159.245
	284.107	144.844
	274.324	126.305
	187.841	120.681
	20.178	124.523
	305.868	118.553
	314.96	124.544
	426.205	123.631
	413.415	132.436
	612.496	125.924
	610.132	123.985
	340.232	120.713
	158.723	117.11
	192.777	111.779
	58.4588	112.256
	-28.2772	116.309
	101.241	111.152
	114.413	109.241
	153.949	109.643
	4.14071	113.085
	111.777	111.416
	90.5586	110.013
	127.704	111.054
	215.831	106.128
	-66.7138	113.624
	175.022	110.177
	367.467	104.558
	-236.059	116.659
	296.785	103.056
	163.731	108.36
	116.513	106.795
	117.658	107.7
	-28.3229	113.155
	20.4859	109.253
	114.122	107.459
	75.1221	107.278
	115.367	105.882
	35.3133	111.289
	63.1678	110.545
	-45.2502	113.506
	30.6314	110.179
	224.785	102.706
	95.6584	107.598
	111.731	108.119
	69.1948	107.699
	-80.9321	112.28
	92.0493	106.906
	71.5857	107.036
	1.58569	106.708
	211.858	103.112
	117.904	106.122
	-11.3686	109.988
	200.467	103.757
	107.367	105.844
	147.831	105.808
	201.831	106.062
	112.54	103.798
	24.3403	108.384
	57.9765	106.294
	198.176	101.869
	139.222	105.081
	243.686	105.348
	145.076	104.186
	43.4402	105.998
	139.394	102.995
	108.467	103.312
	186.567	101.098
	33.9765	106.181
	82.9308	102.955
	-36.4871	106.076
	143.103	101.122
	12.3674	105.395
	7.53999	103.291
	4.36741	105.357
	-6.70535	104.845
	116.713	101.706
	66.0036	103.34
	110.176	101.436
	185.276	99.1649
	98.1762	101.377
	32.4672	102.944
	19.7853	101.703
	180.13	98.1609
	198.812	99.4759
	183.985	97.1928
	16.0036	103.098
	153.812	99.2495
	137.667	98.1903
	149.812	99.2293
	188.276	99.18
	-3.53277	102.769
	-68.169	104.782
	220.667	98.6121
	-28.1233	108.365
	110.44	106.314
	258.394	103.571
	80.0493	106.85
	9.58569	106.746
	-150.296	109.795
	182.203	98.6616
	-86.5598	105.383
	166.203	98.5805
	78.5213	96.898
	-37.2147	101.423
	123.694	94.8695
	102.912	96.2751
	28.1762	101.031
	101.449	96.5177
	170.376	96.3749
	237.939	93.6844
	231.23	95.687
	104.203	98.2656
	57.7396	98.2746
	53.8851	99.2321
	172.158	94.8707
	-4.82381	100.867
	59.9308	102.843
	160.103	101.206
	132.885	99.6294
	134.13	97.9263
	56.567	100.453
	253.185	91.9474
	-29.9693	99.7804
	-27.8238	100.753
	47.6669	97.731
	177.185	91.5332
	126.085	94.1163
	74.1305	97.6195
	26.7396	98.1168
	-7.11485	98.9243
	-216.096	104.536
	29.0848	93.5996
	-90.0421	98.9928
	-7.79675	97.694
	152.257	91.9232
	83.1575	94.4004
	-43.1606	95.007
	175.33	92.5713
	104.012	93.4844
	37.6212	93.9024
	103.939	92.9665
	-22.6969	94.8607
	-101.406	96.4665
	64.7667	95.0672
	-0.942273	96.7368
	52.6212	93.9823
	-2.08779	95.7282
	1.23031	94.4775
	41.7667	94.9462
	-54.6969	94.6919
	160.43	89.5761
	-49.8695	96.9823
	-28.2333	94.5768
	12.7667	94.7934
	52.4029	92.4283
	-41.1606	95.0176
	232.993	86.7037
	28.2303	94.6203
	47.6482	90.5569
	4.59411	97.0144
	-38.2333	94.524
	89.2844	88.0895
	70.1118	90.4144
	171.066	86.9028
	32.0848	93.6156
	-8.76969	94.4246
	161.894	89.3146
	46.721	91.0829
	119.939	93.0525
	34.6127	103.887
	369.241	112.351
	847.75	117.374
	1073.52	125.263
	1180.14	118.171
	570.723	118.856
	419.031	102.006
	134.303	95.6847
	-158.969	99.1319
	-33.3788	93.5236
	71.4299	89.0779
	39.3301	91.8338
	56.5027	89.5345
	-15.5244	92.5827
	66.5027	89.5904
	-95.0878	95.2412
	74.7937	91.7642
	11.8394	95.296
	-16.9693	99.8455
	66.7667	95.0778
	23.2303	94.5939
	-51.6242	95.2161
	90.2844	88.0952
	84.6025	86.6826
	-39.4245	89.5376
	-73.7697	94.0798
	161.848	85.167
	-44.8882	89.7762
	41.8208	88.0939
	-33.0337	88.7618
	52.9934	85.6594
	75.0391	89.9067
	-45.3518	90.0419
	98.457	85.6432
	-0.351774	90.2915
	179.875	81.5126
	73.3842	84.9306
	64.2117	87.3968
	208.975	78.3756
	-56.279	90.5158
	-46.4973	88.9575
	34.2117	87.225
	-72.1335	91.4889
	-177.161	94.2992
	-52.4973	88.9237
	115.166	83.4598
	44.8208	88.111
	-76.8882	89.5978
	138.093	83.0179
	-116.233	94.1105
	-8.61575	84.4464
	64.6025	86.5671
	44.6025	86.4516
	156.557	82.8384
	31.8208	88.0372
	37.8479	84.4359
	73.9206	85.2172
	-210.988	91.7842
	68.3842	84.9011
	-74.5701	88.2546
	27.2117	87.1849
	93.7023	83.62
	156.02	82.5434
	71.3115	84.3483
	-4.07937	84.7584
	174.511	78.4635
	54.3115	84.2475
	-173.77	93.5468
	-57.543	84.7275
	47.7751	83.9218
	77.0932	82.6497
	-13.0337	88.8744
	14.0661	85.9947
	-50.6428	87.8426
	38.7751	83.8681
	-47.3975	85.9178
	72.9934	85.7761
	43.7751	83.8979
	105.802	80.4596
	190.684	75.753
	-37.543	84.8455
	1.21167	87.0357
	38.5568	82.123
	-50.1064	88.1198
	-30.7883	86.8516
	11.9934	85.4198
	-32.543	84.875
	137.975	77.9214
	52.9477	81.3256
	162.584	79.0005
	-19.543	84.9515
	90.7023	83.6021
	-56.6885	83.5861
	152.12	79.2392
	163.975	78.088
	69.8749	80.835
	105.802	80.4596
	122.511	78.1314
	13.6296	82.5576
	134.266	80.3366
	93.3385	80.6816
	61.0204	81.9659
	2.35719	88.1437
	77.9934	85.8052
	70.748	87.7097
	89.0661	86.4297
	155.948	81.9565
	56.0204	81.9354
	100.02	82.2035
	48.6296	82.7693
	46.3385	80.3898
	-87.252	86.8043
	14.4113	80.7904
	-77.6885	83.4604
	44.193	79.167
	-72.1521	83.782
	-119.325	86.0606
	56.0475	78.0147
	-50.7613	83.0427
	84.3656	76.6381
	11.0932	82.2495
	-29.9068	81.9998
	-39.5887	80.4555
	93.3656	76.6968
	114.048	78.3856
	48.8749	80.705
	58.5111	77.7208
	185.538	74.4339
	-57.0066	85.0149
	104.902	77.0856
	186.393	73.132
	171.438	77.8265
	104.802	80.4534
	26.8936	88.5556
	170.185	91.4949
	90.4943	100.142
	347.867	93.7562
	218.794	92.5454
	49.2117	87.311
	252.147	75.8402
	-103.397	85.5913
	-16.0523	80.9003
	-146.325	85.9036
	0.511124	77.3467
	27.0475	77.8286
	40.2658	79.7494
	110.293	76.1764
	-1.2706	79.1845
	33.7565	75.353
	-27.1251	80.2328
	174.611	75.0064
	-37.1978	79.566
	124.147	74.9916
	7.19302	78.933
	99.1473	74.8247
	-11.098	76.3294
	-76.1978	79.3205
	-24.9525	77.4939
	37.7565	75.3795
	28.4384	76.9023
	53.2928	75.8014
	-11.6344	76.0092
	-15.1978	79.7041
	3.97474	77.0567
	-70.6615	79.6588
	65.2201	75.2416
	88.6109	74.4309
	54.6109	74.2021
	-65.5159	80.8928
	-16.2706	79.0898
	111.684	75.2297
	42.5839	78.2373
	190.002	74.1392
	176.266	80.5976
	265.767	96.1186
	823.931	106.493
	1272.87	122.564
	1753.47	132.76
	1528.51	134.625
	963.868	121.296
	494.467	105.164
	280.139	88.0775
	13.5568	81.9707
	8.22008	74.8618
	77.2471	71.0364
	106.784	71.5818
	63.7835	71.2808
	112.102	69.9147
	-26.8527	73.9779
	90.0289	69.0616
	224.274	67.5726
	24.7565	75.2932
	24.0018	73.0111
	109.102	69.8932
	25.2201	74.9753
	133.42	68.324
	156.492	69.1934
	87.7835	71.4489
	128.492	68.9908
	54.7835	71.2176
	22.3199	71.3283
	149.883	68.091
	-107.88	77.5813
	32.2471	70.719
	-102.025	76.3658
	-30.5346	72.3038
	-50.1708	75.4362
	91.0289	69.0688
	86.4197	67.9792
	-15.071	72.0768
	26.0018	73.0248
	59.3199	71.5872
	174.201	66.4793
	172.129	65.7339
	53.7835	71.2106
	33.3199	71.4054
	133.883	67.9734
	55.5652	69.1613
	48.2471	70.832
	68.1016	69.5993
	63.1016	69.5634
	56.0289	68.815
	27.1744	69.9973
	65.4925	68.5327
	-70.4161	77.5118
	24.4654	72.6832
	135.347	67.6285
	48.638	69.8057
	43.1744	70.1115
	4.92904	72.2154
	19.8563	71.6485
	102.102	69.8431
	50.0289	68.7714
	40.7108	70.4372
	-31.1437	71.2917
	23.2471	70.6553
	-90.1708	75.1707
	60.4197	67.7877
	156.201	66.3438
	22.3927	72.002
	-94.8527	73.5169
	-19.9254	73.3701
	-57.5346	72.1169
	69.8833	67.501
	128.056	64.6559
	35.5652	69.0165
	-32.2165	70.6042
	-44.3891	73.532
	32.3199	71.3984
	-54.3891	73.464
	-7.14372	71.4598
	19.0746	73.6354
	51.2471	70.8532
	94.2014	65.8749
	-62.9254	73.0765
	136.129	65.4595
	14.7835	70.9363
	-140.025	76.1166
	-29.7529	70.2793
	-204.589	79.4234
	86.4197	67.9792
	55.4197	67.7508
	-16.8256	69.6823
	60.2742	66.348
	129.983	63.9205
	31.1016	69.333
	-11.6801	71.0896
	113.665	65.6561
	49.0559	64.0421
	-15.2892	70.0385
	51.4197	67.7213
	8.3199	71.2301
	84.6651	65.4348
	-25.6073	71.6679
	-1.28924	70.1384
	56.638	69.863
	-7.6801	71.1177
	20.9561	67.8524
	93.9104	62.875
	-7.6801	71.1177
	65.347	67.109
	19.1744	69.9401
	-32.6801	70.9417
	110.056	64.5165
	-10.5346	72.442
	68.347	67.1313
	101.983	63.7011
	106.592	64.8626
	24.4197	67.5216
	-23.8984	68.9352
	57.347	67.0493
	81.7378	66.1459
	29.1016	69.3185
	111.592	64.9012
	-70.6073	71.3533
	64.347	67.1015
	87.6651	65.4578
	114.91	63.0418
	149.229	61.379
	140.838	62.4797
	105.201	65.9583
	26.5652	68.9513
	34.8833	67.2413
	226.01	59.6214
	154.765	61.8155
	-3.82562	69.7755
	90.1287	65.1071
	106.274	66.6937
	18.638	69.5905
	-51.2165	70.4695
	61.6651	65.2589
	76.7378	66.1081
	-107.316	73.7598
	105.592	64.8549
	121.838	62.3275
	73.8376	61.9412
	-59.6801	70.7512
	68.0559	64.1902
	81.1287	65.038
	-48.2892	69.8025
	35.2742	66.1593
	82.6651	65.4196
	88.5923	64.7237
	31.7378	65.7668
	78.0559	64.2681
	150.301	62.1686
	28.4197	67.5512
	-12.8256	69.711
	57.9832	63.3548
	89.4468	63.2222
	126.301	61.9753
	35.2742	66.1593
	-28.4348	68.5513
	-61.2165	70.3985
	-31.5803	67.1056
	95.3013	61.7247
	63.0559	64.1513
	6.88334	67.0328
	32.4197	67.5808
	115.91	63.0497
	34.2014	65.4179
	129.156	60.422
	-95.5346	71.8529
	32.9561	67.9408
	158.083	59.8604
	28.2014	65.372
	223.792	57.123
	0.665063	64.7898
	143.765	61.7265
	102.547	58.9872
	127.301	61.9833
	63.9104	62.636
	62.1287	64.8918
	33.4925	68.2988
	137.665	65.8386
	-73.4618	72.6732
	234.865	58.0568
	-59.7529	70.0655
	45.5923	64.3907
	113.083	59.4833
	-28.1894	66.0442
	108.91	62.9942
	-68.2165	70.3488
	-53.653	66.2164
	143.692	60.9393
	8.66506	64.8515
	43.6651	65.1208
	7.37402	61.794
	-54.653	66.2088
	124.619	59.9837
	105.547	59.0126
	140.474	58.4887
	-5.7258	65.8487
	82.9104	62.7875
	16.1287	64.5364
	102.792	56.0539
	124.229	61.175
	10.7378	65.607
	-75.7258	65.315
	17.9104	62.2677
	-57.5803	66.9116
	66.2285	60.6991
	31.1287	64.6525
	31.1287	64.6525
	107.547	59.0295
	5.12868	64.4511
	4.51954	63.3136
	31.7649	60.8125
	164.646	54.8719
	19.5195	63.4319
	-38.8713	64.1088
	-48.7986	64.7804
	21.9104	62.2998
	-10.3349	64.7049
	36.5923	64.3208
	29.1287	64.637
	64.8376	61.8685
	122.474	58.3346
	44.9832	63.2521
	32.7649	60.8207
	115.083	59.5001
	35.9832	63.1809
	-95.653	65.8985
	44.3013	61.3102
	164.865	57.4508
	-86.1167	66.3354
	26.9832	63.1096
	71.6194	59.5403
	-74.653	66.0576
	-25.5532	62.3061
	-13.0168	62.7919
	43.3013	61.302
	-75.1894	65.6874
	92.4738	58.0769
	-21.4805	63.1079
	-46.3349	64.4261
	-106.508	67.2661
	35.8376	61.6337
	12.3013	61.0486
	19.7649	60.7137
	46.4468	62.8812
	62.4738	57.8181
	-39.626	61.4125
	-1.48046	63.2662
	92.4011	57.2396
	56.7649	61.0177
	108.937	57.8027
	-62.2622	65.0483
	32.2285	60.4184
	104.792	56.0717
	74.9375	57.5078
	93.3283	56.3987
	88.8647	56.7855
	16.8376	61.4794
	7.37402	61.794
	-15.6987	60.8189
	9.15574	59.4207
	5.15574	59.3871
	63.9375	57.4121
	77.9375	57.5339
	44.6194	59.3131
	29.5466	58.3651
	-19.4077	63.884
	15.9832	63.0224
	49.7649	60.9603
	100.083	59.3739
	28.3013	61.1795
	52.1557	59.7815
	24.6194	59.1443
	104.401	57.3443
	-12.3079	59.6456
	87.4738	58.0339
	49.6194	59.3552
	4.15574	59.3786
	67.8647	56.6003
	102.865	56.9087
	74.9375	57.5078
	8.08298	58.5941
	-58.0168	62.4326
	23.6921	59.9466
	-2.38064	58.9156
	69.4011	57.0383
	101.719	55.1768
	64.4011	56.9945
	12.4738	57.3841
	-10.8443	59.2522
	144.355	51.0362
	58.1828	54.3388
	111.719	55.2674
	-2.84426	59.3197
	-32.626	61.4694
	28.0102	57.9371
	28.6921	59.9883
	49.0102	58.1181
	-22.3079	59.5617
	125.037	53.1657
	86.9375	57.6121
	18.0102	57.8507
	83.6464	54.1288
	7.47384	57.3405
	23.9375	57.0627
	136.574	53.7249
	69.7919	55.7587
	93.1828	54.6599
	71.3283	56.2033
	-18.917	58.3632
	44.4011	56.8188
	20.5466	58.288
	4.15574	59.3786
	26.9375	57.089
	43.8647	56.3879
	42.7919	55.5161
	-55.0896	61.6788
	109.865	56.9701
	-9.0896	62.0505
	71.1828	54.4583
	-62.1624	60.8335
	75.11	53.6017
	76.5737	53.1636
	42.6464	53.7487
	94.5737	53.3326
	96.11	53.7973
	11.9375	56.9575
	11.8647	56.1034
	23.9375	57.0627
	128.11	54.0939
	7.08298	58.5855
	-19.4534	57.9438
	-88.5532	61.7985
	-69.626	61.1677
	1.5466	58.1248
	-22.6987	60.7613
	-5.38064	58.8901
	54.8647	56.4854
	38.8647	56.3435
	33.4738	57.5667
	28.3013	61.1795
	11.8106	66.3463
	98.8376	62.1427
	-28.5075	67.8434
	99.7649	61.369
	47.083	58.9259
	66.4011	57.012
	-6.59892	56.3682
	-1.4534	58.0989
	40.4011	56.7836
	160.21	49.2705
	37.4738	57.6015
	74.3283	56.23
	29.7192	54.5205
	55.2556	55.1929
	27.3283	55.8105
	70.9645	51.7304
	14.4738	57.4015
	-14.3806	58.8136
	99.9645	52.0099
	88.5009	52.3623
	27.8647	56.2458
	-42.6987	60.5965
	-37.6987	60.6377
	120.746	49.3595
	-33.1624	61.0714
	9.25556	54.7746
	76.7919	55.8215
	-8.59892	56.3505
	113.21	48.7912
	44.9645	51.4785
	56.2556	55.202
	121.819	50.338
	68.7192	54.877
	-73.0896	61.5327
	-4.52616	57.2357
	67.1828	54.4215
	65.6464	53.9623
	26.8647	56.237
	80.4281	51.3542
	3.64642	53.3847
	88.3554	50.4846
	33.7919	55.435
	-21.4534	57.9266
	49.1828	54.2559
	41.11	53.2836
	41.5737	52.8334
	-57.8443	58.8542
	-5.74444	54.6375
	11.7192	54.3551
	69.9645	51.7207
	-46.3806	58.541
	26.4011	56.6602
	12.7919	55.2453
	-78.3079	59.0898
	0.864702	56.0053
	-24.4534	57.9007
	50.0373	52.4556
	106.819	50.1888
	-11.9898	57.5909
	79.8918	50.8771
	120.064	46.8452
	64.0373	52.5889
	13.7192	54.3735
	13.7192	54.3735
	87.8918	50.9556
	74.5737	53.1448
	13.7192	54.3735
	32.1828	54.099
	53.11	53.3961
	54.7462	48.6864
	5.64642	53.4034
	80.5009	52.2859
	4.32832	55.6041
	175.455	45.8818
	111.892	51.1906
	3.8647	56.0321
	2.40108	56.448
	-29.5262	57.0169
	53.1828	54.2928
	8.8647	56.0767
	-25.5989	56.1994
	100.355	50.6033
	17.9645	51.2156
	6.71918	54.3091
	-27.5262	57.0345
	-17.5989	56.2705
	11.1828	53.9046
	-113.944	62.7565
	-6.59892	56.3682
	29.4281	50.8552
	-15.2081	54.9913
	-46.5262	56.8677
	8.79194	55.209
	13.0373	52.1017
	30.11	53.1803
	-28.8172	53.5323
	49.5009	51.9886
	63.2826	49.266
	-3.59892	56.3948
	21.9645	51.2546
	-19.2808	54.0692
	37.9645	51.4104
	7.11004	52.9636
	7.64642	53.4221
	40.5737	52.8239
	-154.48	62.0452
	-47.1353	55.5751
	24.6464	53.581
	56.819	49.6882
	-4.35358	53.3097
	42.8918	50.5121
	0.182802	53.8024
	-33.6717	55.2613
	85.1371	47.4977
	39.8918	50.4824
	-16.3536	53.197
	80.4281	51.3542
	29.9645	51.3326
	-67.4534	57.5281
	-52.3536	52.8576
	40.8918	50.4923
	70.3554	50.306
	28.8918	50.3734
	111.21	48.7707
	55.11	53.4149
	-88.3079	59.0051
	-52.3806	58.4897
	19.8918	50.284
	68.4281	51.2372
	45.0373	52.4079
	-15.89	52.7461
	-1.35358	53.3378
	-57.6717	55.0438
	11.6464	53.4596
	31.5009	51.8152
	-87.9898	56.9272
	51.4281	51.0711
	11.7192	54.3551
	59.8918	50.6801
	-38.1353	55.656
	24.5737	52.6723
	79.11	53.639
	107.11	53.8994
	-54.4805	62.8459
	-119.753	69.636
	-88.3891	73.2322
	-31.7799	74.5942
	-42.6615	79.8344
	163.538	74.2859
	90.7835	71.4699
	55.5652	69.1613
	-96.1437	70.8344
	-85.0439	67.0667
	42.4011	56.8012
	65.1828	54.4032
	36.6464	53.6929
	-98.626	60.9302
	79.7462	48.9424
	-0.0354781	51.0395
	-0.353578	53.3472
	60.2826	49.2356
	16.3554	49.7664
	19.5737	52.6248
	-11.4263	52.3294
	72.2826	49.3573
	73.528	45.8224
	43.819	49.5572
	27.5009	51.7765
	67.3554	50.2762
	6.03728	52.0345
	-4.42634	52.3963
	142.31	43.3477
	-16.3536	53.197
	-30.4263	52.1476
	4.64642	53.3941
	-3.10824	50.0547
	-25.0355	50.794
	-16.9627	51.813
	13.0373	52.1017
	-43.2808	53.8468
	79.2099	48.4416
	-40.8172	53.4201
	-65.9898	57.1201
	44.3554	50.047
	18.8918	50.274
	81.6007	46.9494
	94.4552	44.9904
	45.7462	48.5939
	96.4552	45.0126
	104.382	44.0179
	22.3554	49.8267
	60.6007	46.7252
	69.1371	47.3289
	40.7462	48.5424
	15.819	49.2739
	-58.8172	53.2513
	49.6735	47.632
	26.2826	48.8891
	18.5009	51.6896
	7.03728	52.0441
	26.819	49.3854
	54.7462	48.6864
	13.3554	49.7363
	10.8918	50.1944
	71.6007	46.8428
	11.3554	49.7162
	12.8918	50.2143
	10.2099	47.724
	32.6007	46.4247
	26.6735	47.3899
	-51.6717	55.0982
	88.9916	45.4633
	9.96452	51.1374
	-64.8172	53.195
	16.5009	51.6702
	72.6735	47.8728
	43.6735	47.569
	82.6007	46.9601
	25.4281	50.8159
	76.0643	46.3732
	5.96452	51.0983
	14.2826	48.7662
	124.164	40.84
	35.2826	48.981
	44.6735	47.5795
	-23.0355	50.8137
	-64.8172	53.195
	-21.5719	50.3513
	68.528	45.7678
	17.819	49.2942
	18.3554	49.7865
	5.96452	51.0983
	21.4281	50.7765
	51.9916	45.0546
	-26.4991	51.2524
	-11.6446	49.4843
	-64.8172	53.195
	86.4552	44.9014
	1.03728	51.9864
	53.9916	45.0768
	-63.7444	54.1042
	142.773	42.793
	132.773	42.676
	66.0643	46.2652
	110.701	41.2636
	63.9916	45.1875
	61.6007	46.7359
	8.89176	50.1745
	43.2826	49.0626
	113.382	44.12
	43.2099	48.0685
	46.819	49.5875
	-1.64462	49.5853
	48.2826	49.1135
	40.2826	49.032
	84.2826	49.4787
	137.701	41.5895
	48.2099	48.1205
	40.7462	48.5424
	-13.1082	49.9547
	-47.6717	55.1345
	-45.4263	52.0035
	22.6007	46.3168
	108.919	44.6134
	68.2826	49.3167
	38.6007	46.4892
	66.9916	45.2207
	-4.64462	49.555
	-86.7444	53.8912
	23.2826	48.8584
	-7.10824	50.0148
	-30.4991	51.2134
	10.819	49.2232
	3.819	49.152
	-43.5719	50.1324
	-72.2081	54.4705
	91.3824	43.87
	3.89176	50.1246
	54.4552	44.5436
	61.6735	47.7578
	44.6007	46.5537
	-24.0355	50.8039
	38.2099	48.0165
	42.1371	47.0428
	28.1371	46.8938
	50.6007	46.6181
	130.019	38.4811
	41.528	45.4719
	26.0643	45.8309
	-44.5719	50.1224
	55.9916	45.0989
	69.4552	44.7117
	-16.181	48.9481
	-40.1082	49.6838
	-25.9627	51.7261
	20.2099	47.8287
	11.4281	50.6779
	73.1371	47.3712
	74.6007	46.8748
	17.7462	48.3049
	39.9916	44.9212
	54.9916	45.0878
	-1.57186	50.5495
	-38.0355	50.6659
	26.6007	46.36
	71.1371	47.3501
	-36.9627	51.6197
	-74.2081	54.4522
	122.919	44.77
	-120.208	54.0281
	14.6735	47.2632
	36.6007	46.4677
	61.3824	43.5268
	-13.1082	49.9547
	46.9916	44.999
	-28.7901	47.3137
	-12.7901	47.4825
	-80.89	52.1263
	6.28262	48.6841
	-65.9627	51.338
	89.9916	45.4743
	15.9916	44.6533
	-53.8172	53.2982
	-83.4263	51.6369
	88.8461	43.2874
	-25.4263	52.1955
	39.9916	44.9212
	20.1371	46.8084
	32.0643	45.8963
	-1.181	49.1011
	46.1371	47.0853
	21.1371	46.8191
	18.2099	47.8078
	50.6735	47.6425
	39.528	45.4499
	62.4552	44.6333
	-47.4263	51.9843
	50.7462	48.6453
	-14.181	48.9686
	41.1371	47.0322
	46.9188	43.9131
	-2.79014	47.5876
	-51.5719	50.0525
	2.28262	48.643
	-27.6446	49.3224
	80.9188	44.2985
	8.28262	48.7046
	19.6007	46.2844
	-40.4263	52.0516
	-32.9627	51.6584
	110.019	38.2203
	28.2099	47.9123
	6.28262	48.6841
	70.7005	40.7761
	-14.2538	47.9725
	19.4552	44.149
	-22.2538	47.8891
	24.6007	46.3384
	-26.4991	51.2524
	-13.2538	47.9829
	-36.5719	50.2021
	-4.64462	49.555
	109.846	43.5293
	4.1371	46.6372
	84.9188	44.3436
	46.2099	48.0997
	10.1557	59.4291
	141.52	64.3864
	258.029	70.2674
	318.12	80.2799
	124.403	92.817
	88.8936	88.905
	-63.6158	84.1202
	-93.8527	73.5237
	43.8647	56.3879
	-84.2808	53.4648
	-73.3536	52.6586
	36.9916	44.8878
	33.9916	44.8544
	52.3097	42.2968
	-49.6446	49.0989
	8.1371	46.6801
	47.3097	42.2377
	-59.1082	49.4922
	22.4552	44.183
	17.6007	46.2628
	-22.7174	48.3853
	-16.7174	48.4473
	-34.181	48.7639
	68.8461	43.0558
	70.2369	41.3578
	-17.7901	47.4298
	53.3097	42.3086
	-10.9357	45.4254
	21.9916	44.7204
	-5.39928	46.0136
	3.60072	46.1113
	39.3824	43.2733
	15.6007	46.2412
	-23.8629	46.336
	1.4552	43.9447
	45.3824	43.3426
	12.4552	44.0697
	-29.7174	48.3129
	1.99158	44.4962
	33.9916	44.8544
	19.9916	44.698
	24.9188	43.6618
	-10.9357	45.4254
	-42.6446	49.1701
	-23.9357	45.2821
	43.7733	41.6202
	-1.39928	46.057
	58.3097	42.3677
	79.7005	40.8863
	44.7005	40.456
	52.2369	41.1396
	41.4552	44.3975
	68.7005	40.7515
	89.3097	42.732
	13.9916	44.6309
	36.3824	43.2386
	39.9188	43.8333
	69.7733	41.9314
	-42.5719	50.1423
	-41.7901	47.1761
	69.2369	41.3457
	26.9188	43.6847
	72.1642	40.1984
	12.9188	43.5242
	-55.2538	47.5433
	6.52796	45.0854
	-18.5448	43.7165
	63.7005	40.6901
	19.4552	44.149
	66.2369	41.3094
	29.9188	43.7191
	17.528	45.2072
	57.2369	41.2003
	39.3097	42.1429
	26.0643	45.8309
	-6.00842	44.4062
	-3.93566	45.5024
	120.482	37.7229
	43.1371	47.0535
	52.3554	50.1268
	223.256	56.6944
	260.002	74.6098
	650.63	86.3293
	923.394	106.733
	1202.83	110.681
	761.386	114.925
	305.949	110.334
	389.584	80.4244
	105.492	68.8239
	38.1828	54.1544
	52.3824	43.4232
	14.0643	45.6998
	-75.1082	49.3303
	-64.2538	47.4485
	-88.5719	49.6815
	45.0186	37.3603
	28.7733	41.4396
	-52.3993	45.5
	48.7733	41.6803
	-89.181	48.1967
	27.2369	40.8346
	83.0186	37.8655
	-35.3265	46.7312
	47.7733	41.6683
	40.6278	39.1935
	22.8461	42.5182
	-75.7174	47.8345
	2.38244	42.8437
	95.4095	36.0757
	12.8461	42.4005
	-18.0812	43.1666
	52.0914	38.7215
	-72.181	48.3727
	42.1642	39.8235
	-71.7174	47.8763
	22.1642	39.5716
	15.8461	42.4358
	2.70054	39.9335
	-3.69032	41.6296
	55.0186	37.4939
	-12.472	44.8742
	7.23692	40.589
	31.3097	42.0479
	-7.15394	42.164
	-23.3265	46.8594
	11.9188	43.5127
	-58.3265	46.4845
	80.3367	34.495
	64.1642	40.0987
	-21.3993	45.8394
	-14.5448	43.7623
	23.7005	40.1956
	-1.08118	43.3631
	-2.69032	41.6416
	51.0914	38.7085
	-22.8629	46.3468
	-11.3993	45.9483
	-10.5448	43.8079
	27.4552	44.2395
	75.555	38.4002
	40.7005	40.4065
	73.6278	39.6122
	30.7733	41.4638
	124.873	35.8145
	7.4552	44.0129
	9.30968	41.7854
	43.0914	38.6051
	-69.7901	46.8784
	22.7733	41.3672
	20.0186	37.0242
	3.84606	42.2942
	35.1642	39.7355
	12.3097	41.8213
	57.6278	39.4098
	-14.0812	43.2129
	6.4552	44.0015
	17.7733	41.3067
	-1.61756	42.7969
	65.9459	36.3351
	71.0186	37.7067
	40.3097	42.1547
	50.0914	38.6956
	-6.5448	43.8536
	24.7733	41.3913
	3.70054	39.946
	28.6278	39.0401
	83.4823	37.2292
	-30.8629	46.2604
	22.7733	41.3672
	-29.9357	45.2158
	-55.3265	46.5167
	-0.0811786	43.3746
	18.3824	43.03
	40.7733	41.5842
	118.264	33.6355
	-66.3993	45.3459
	-14.6176	42.6448
	45.4823	36.7153
	67.555	38.2959
	-5.76308	40.4285
	0.846061	42.2587
	2.30968	41.7016
	-54.8629	46.0003
	12.1642	39.445
	-24.5448	43.6479
	24.6278	38.9888
	-18.1539	42.0333
	65.0186	37.627
	1.62778	38.6928
	58.0914	38.7989
	-3.83584	39.2417
	65.9459	36.3351
	59.0914	38.8117
	31.7005	40.295
	12.8461	42.4005
	27.1642	39.6347
	12.2369	40.6505
	6.7733	41.1733
	-28.3993	45.763
	33.0914	38.4753
	20.3097	41.9168
	1.38244	42.832
	35.1642	39.7355
	18.6278	38.9118
	-57.9357	44.9051
	81.4095	35.8812
	-38.8629	46.1739
	-39.0812	42.9227
	11.7005	40.0461
	31.7733	41.4758
	13.7005	40.071
	4.84606	42.306
	-11.1539	42.1165
	43.0914	38.6051
	48.0186	37.4005
	-0.690319	41.6656
	-13.0812	43.2245
	60.6278	39.4478
	41.4823	36.6608
	-26.0812	43.0739
	24.7005	40.208
	75.4095	35.7975
	23.2369	40.7856
	-48.9357	45.0052
	62.0914	38.8504
	-44.472	44.5162
	2.7733	41.1247
	28.1642	39.6473
	17.1642	39.5083
	48.1642	39.8987
	57.555	38.1651
	23.6278	38.976
	20.1642	39.5463
	45.6278	39.2572
	-51.7901	47.07
	27.0186	37.1187
	5.84606	42.3178
	105.264	33.4417
	28.0914	38.4103
	63.555	38.2436
	6.7733	41.1733
	1.84606	42.2706
	0.236921	40.5027
	7.30968	41.7615
	14.1642	39.4703
	53.555	38.1126
	9.23692	40.6136
	28.3097	42.0122
	65.0186	37.627
	33.0186	37.1994
	14.2369	40.6751
	22.0914	38.3321
	41.4823	36.6608
	35.2369	40.9324
	-48.8629	46.0655
	51.3824	43.4117
	14.9188	43.5472
	72.7733	41.9672
	-18.2538	47.9308
	-0.544799	43.9219
	-7.61756	42.7268
	60.0914	38.8246
	2.38244	42.8437
	54.0914	38.7473
	37.9459	35.9477
	71.0186	37.7067
	-27.5448	43.6135
	-55.3993	45.467
	-5.61756	42.7502
	-8.69032	41.5695
	7.30968	41.7615
	-4.76308	40.4409
	74.8731	35.1096
	-2.08118	43.3516
	-29.5448	43.5905
	47.0914	38.6568
	-34.472	44.6284
	67.4823	37.0137
	28.1642	39.6473
	52.555	38.0995
	36.0186	37.2397
	49.555	38.0601
	8.70054	40.0086
	32.6278	39.0913
	112.191	32.0747
	-33.0084	44.1012
	10.8461	42.3769
	9.62778	38.796
	45.0186	37.3603
	-33.2267	40.6847
	-19.6903	41.437
	35.0914	38.5013
	63.9459	36.3075
	7.70054	39.9961
	36.555	37.889
	32.6278	39.0913
	-46.9357	45.0274
	13.555	37.5842
	-62.472	44.3136
	-28.6903	41.3282
	8.16416	39.3943
	18.7005	40.1334
	3.23692	40.5397
	-62.5448	43.2104
	36.0914	38.5143
	28.555	37.7832
	-35.0812	42.9693
	80.0186	37.8258
	0.236921	40.5027
	52.6278	39.3463
	89.3367	34.6252
	12.7005	40.0585
	24.7005	40.208
	53.4823	36.8241
	51.9459	36.1419
	-3.15394	42.2114
	-4.83584	39.2289
	-2.9086	38.0046
	-30.6176	42.4568
	47.9459	36.0865
	28.4823	36.4831
	47.3367	34.0133
	58.555	38.1782
	-11.7631	40.3542
	18.6278	38.9118
	24.1642	39.5968
	58.0186	37.5339
	40.0186	37.2934
	12.0914	38.2015
	0.700541	39.9085
	70.4823	37.0542
	4.16416	39.3435
	32.0914	38.4623
	34.0914	38.4883
	12.0914	38.2015
	-15.2267	40.9053
	-6.76308	40.4161
	57.4095	35.5452
	-55.3993	45.467
	-60.0812	42.6774
	1.0914	38.0572
	11.7005	40.0461
	-7.76308	40.4038
	-20.1539	42.0095
	-30.1539	41.8903
	14.555	37.5975
	-2.15394	42.2232
	13.2369	40.6628
	8.01864	36.8618
	-34.0812	42.9809
	-13.6176	42.6565
	43.3367	33.9544
	27.0186	37.1187
	17.6278	38.899
	32.0914	38.4623
	-27.6903	41.3403
	7.55502	37.5043
	69.8004	33.6322
	109.873	35.6045
	68.4823	37.0272
	-5.2267	41.0273
	-33.1539	41.8545
	38.4823	36.6199
	-24.7631	40.1928
	8.70054	40.0086
	71.4095	35.7416
	1.7733	41.1126
	42.0914	38.5921
	66.8004	33.5876
	56.4095	35.5311
	61.555	38.2174
	4.23692	40.552
	35.555	37.8758
	35.7005	40.3446
	37.0186	37.2531
	86.8731	35.28
	18.555	37.6507
	43.4823	36.6881
	51.4095	35.4607
	41.6278	39.2062
	37.4823	36.6062
	21.9459	35.7245
	-12.7631	40.3419
	-30.1539	41.8903
	46.4823	36.729
	-31.6176	42.445
	-17.2267	40.8808
	-1.15394	42.2351
	21.555	37.6905
	21.0914	38.3191
	1.7733	41.1126
	-10.2995	39.7704
	-9.37222	38.5504
	52.9459	36.1557
	9.70054	40.0211
	41.6278	39.2062
	96.3367	34.7261
	-18.1539	42.0333
	69.4095	35.7136
	12.0914	38.2015
	10.6278	38.8089
	31.0914	38.4493
	33.555	37.8493
	0.700541	39.9085
	-45.6176	42.2798
	45.4095	35.376
	-51.0084	43.8966
	27.4095	35.1206
	40.3367	33.9102
	-34.2995	39.4675
	55.8004	33.4234
	34.4823	36.5652
	7.62778	38.7702
	37.4823	36.6062
	50.4095	35.4466
	-26.6176	42.5039
	40.264	32.4553
	-24.2267	40.7951
	-12.6903	41.5213
	69.1912	31.3973
	-36.1539	41.8187
	5.23692	40.5643
	24.0914	38.3582
	25.6278	39.0017
	91.4095	36.0203
	39.0186	37.28
	-14.2995	39.7201
	59.8004	33.4832
	11.6278	38.8218
	88.1912	31.6984
	7.62778	38.7702
	-2.2267	41.0639
	61.0186	37.5739
	-30.7631	40.1181
	35.4823	36.5789
	-68.5448	43.1409
	40.8731	34.622
	-45.0812	42.8527
	-11.8358	39.1396
	10.0914	38.1753
	-30.6903	41.304
	53.8004	33.3935
	-27.1539	41.9261
	66.6278	39.5238
	116.164	40.742
	154.773	42.933
	-14.3536	53.2158
	101.601	47.1619
	10.4281	50.6681
	55.8461	42.9045
	61.1642	40.0613
	-42.9357	45.0718
	30.4823	36.5105
	-72.5448	43.0945
	55.3367	34.1307
	24.0186	37.0782
	18.0914	38.2799
	35.0186	37.2263
	-18.2995	39.6697
	41.8731	34.6364
	36.9459	35.9338
	39.9459	35.9755
	74.3367	34.4079
	27.0186	37.1187
	44.8004	33.2584
	16.9459	35.6544
	30.4095	35.1633
	16.9459	35.6544
	-6.76308	40.4161
	2.23692	40.5273
	84.1912	31.6353
	-17.8358	39.0629
	52.264	32.6396
	67.6548	30.5943
	-50.1539	41.6509
	21.0186	37.0377
	-22.8358	38.9988
	30.9459	35.8502
	-16.445	37.183
	39.4095	35.2911
	9.94588	35.5561
	-9.37222	38.5504
	-7.37222	38.5763
	78.1185	29.9705
	85.264	33.1413
	37.9459	35.9477
	3.48226	36.1388
	27.4095	35.1206
	13.9459	35.6123
	21.0914	38.3191
	-12.2267	40.942
	64.8731	34.9669
	31.4823	36.5242
	42.0186	37.3202
	-11.6903	41.5334
	55.9459	36.1972
	-27.6903	41.3403
	-3.44498	37.3574
	66.7276	32.118
	29.4823	36.4968
	-48.7631	39.8932
	44.4823	36.7017
	1.0914	38.0572
	-16.445	37.183
	-1.44498	37.3841
	20.9459	35.7105
	27.4095	35.1206
	36.3367	33.8512
	-16.2995	39.6949
	45.264	32.5322
	26.8731	34.4192
	-22.8358	38.9988
	6.01864	36.8347
	-80.0812	42.4424
	4.55502	37.4643
	77.1185	29.9538
	-29.8358	38.909
	32.4095	35.1918
	26.4823	36.4557
	29.4823	36.4968
	-11.7631	40.3542
	-20.8358	39.0245
	-18.9086	37.7935
	15.4823	36.3045
	-10.3722	38.5374
	33.4823	36.5516
	30.0914	38.4363
	-11.9086	37.886
	48.3367	34.028
	7.0914	38.136
	-43.2267	40.5616
	16.555	37.6241
	96.1912	31.8244
	2.7733	41.1247
	22.4823	36.4008
	45.4095	35.376
	33.4823	36.5516
	1.0914	38.0572
	18.3367	33.5843
	-69.0084	43.6911
	41.8004	33.2133
	16.8731	34.2736
	74.1912	31.4768
	-4.44498	37.344
	6.62778	38.7573
	13.4095	34.9208
	-0.0541191	35.4152
	22.9459	35.7385
	31.1912	30.7862
	51.264	32.6243
	-23.7631	40.2053
	8.55502	37.5176
	67.7276	32.1336
	-12.8358	39.1268
	43.8731	34.6653
	30.4823	36.5105
	48.1912	31.0611
	-12.7631	40.3419
	6.48226	36.1803
	-102.936	44.4012
	31.1642	39.6851
	27.4095	35.1206
	-11.5905	34.561
	18.4823	36.3458
	7.48226	36.1941
	86.1912	31.6668
	6.16416	39.3689
	11.6278	38.8218
	71.264	32.9294
	21.7005	40.1707
	111.555	38.8661
	34.1371	46.9577
	191.091	40.4766
	87.1371	47.5187
	101.992	45.6061
	51.3824	43.4117
	17.7733	41.3067
	-0.226699	41.0882
	-1.44498	37.3841
	-5.44498	37.3306
	-13.2995	39.7327
	13.4095	34.9208
	35.555	37.8758
	45.4095	35.376
	20.555	37.6772
	26.6278	39.0145
	7.70054	39.9961
	-9.29946	39.783
	-51.6903	41.049
	12.3367	33.4948
	16.8731	34.2736
	11.8004	32.7586
	3.94588	35.4717
	98.1185	30.3024
	5.4095	34.806
	6.87312	34.1274
	99.5821	29.5204
	50.7276	31.868
	-18.3722	38.4334
	-6.05412	35.3304
	18.9459	35.6825
	25.8731	34.4047
	36.7276	31.6476
	8.48226	36.208
	80.5821	29.1968
	44.7276	31.7737
	38.8004	33.1681
	-21.2995	39.6319
	9.48226	36.2218
	-40.7631	39.9933
	-3.98136	36.6987
	-2.05412	35.387
	-35.8358	38.8318
	36.8004	33.138
	40.7276	31.7107
	26.8731	34.4192
	11.6278	38.8218
	75.1912	31.4927
	4.94588	35.4857
	-11.5177	35.9307
	-12.5177	35.9168
	9.94588	35.5561
	-9.37222	38.5504
	8.01864	36.8618
	98.8731	35.4497
	73.4823	37.0947
	74.1642	40.2232
	37.7005	40.3694
	6.62778	38.7573
	-96.3993	45.0139
	24.4095	35.0779
	45.4095	35.376
	24.8004	32.9564
	52.7276	31.8993
	30.4823	36.5105
	-1.44498	37.3841
	50.264	32.609
	-51.445	36.7093
	25.8731	34.4047
	53.5821	28.7307
	-1.05412	35.4011
	22.3367	33.6438
	61.1185	29.6856
	25.8731	34.4047
	-20.3722	38.4074
	11.3367	33.4799
	25.8004	32.9716
	67.5093	27.2561
	11.3367	33.4799
	69.6548	30.627
	57.8004	33.4533
	27.4823	36.4694
	43.1642	39.836
	-45.3265	46.6241
	12.9188	43.5242
	26.9188	43.6847
	11.3097	41.8094
	11.1642	39.4323
	60.8004	33.4981
	-4.44498	37.344
	65.7276	32.1025
	12.8004	32.7738
	56.1912	31.1896
	28.264	32.2699
	29.8731	34.4628
	-2.05412	35.387
	-34.0541	34.9319
	-29.9086	37.6477
	-121.399	44.7353
	-33.445	36.9537
	6.87312	34.1274
	-4.05412	35.3587
	24.8004	32.9564
	20.8731	34.3319
	-36.5177	35.5811
	-34.445	36.9401
	12.7276	31.2661
	-42.445	36.8317
	-15.5177	35.875
	-66.8358	38.4306
	9.01864	36.8754
	-4.12688	33.9659
	60.5821	28.8523
	39.1912	30.9158
	6.33674	33.4051
	32.264	32.3318
	12.0186	36.916
	-12.5177	35.9168
	1.16416	39.3053
	42.4823	36.6745
	2.62778	38.7057
	22.0186	37.0512
	-12.5177	35.9168
	52.7276	31.8993
	-30.0541	34.9891
	-1.12688	34.01
	13.3367	33.5097
	22.3367	33.6438
	-11.5177	35.9307
	17.8004	32.85
	13.8731	34.2298
	-48.9086	37.3945
	-19.0541	35.146
	2.87312	34.0688
	-0.0541191	35.4152
	-76.9086	37.0183
	-45.7631	39.9308
	33.1185	29.2101
	47.264	32.563
	-10.6633	33.1497
	24.0186	37.0782
	59.7276	32.0089
	39.7276	31.6949
	65.0457	28.0834
	25.7276	31.4733
	35.1912	30.8511
	-37.0541	34.8889
	12.7276	31.2661
	-14.0541	35.217
	-13.9086	37.8596
	11.8731	34.2006
	0.482261	36.0973
	2.26398	31.8645
	12.8731	34.2152
	-32.3722	38.2509
	53.0457	27.8689
	-35.8358	38.8318
	67.1185	29.7864
	-1.5905	34.7053
	36.1185	29.2615
	-21.0541	35.1175
	78.4366	25.6387
	-15.5177	35.875
	53.6548	30.3646
	44.7276	31.7737
	52.5821	28.7133
	-12.5905	34.5465
	1.80036	32.6056
	77.5093	27.439
	21.7276	31.4097
	73.6548	30.6922
	-7.66326	33.1949
	-8.5905	34.6043
	46.6548	30.2491
	-12.5177	35.9168
	-16.3722	38.4595
	41.6548	30.1664
	0.018641	36.7532
	17.7276	31.3459
	61.1912	31.2696
	23.4095	35.0637
	-37.5177	35.5671
	-14.5905	34.5175
	2.80036	32.6209
	-26.9086	37.6876
	94.9729	26.8723
	-48.445	36.7501
	21.8004	32.9109
	21.264	32.1613
	-27.0541	35.032
	12.4095	34.9064
	1.94588	35.4434
	38.7276	31.6791
	39.1912	30.9158
	88.5821	29.3335
	-45.7631	39.9308
	15.4823	36.3045
	13.8004	32.7891
	9.4095	34.8634
	12.8004	32.7738
	-6.5905	34.6332
	38.6548	30.1166
	19.3367	33.5991
	8.33674	33.4351
	-43.445	36.8181
	46.7276	31.8052
	38.6548	30.1166
	-16.445	37.183
	47.7276	31.8209
	37.9459	35.9477
	-7.44498	37.3038
	48.7276	31.8366
	8.94588	35.5421
	28.8004	33.017
	32.1912	30.8024
	31.1912	30.7862
	17.264	32.099
	54.5821	28.7481
	11.4095	34.8921
	-2.37222	38.641
	28.3367	33.7328
	39.4095	35.2911
	-6.9086	37.952
	36.1912	30.8673
	22.4823	36.4008
	15.264	32.0678
	-23.9086	37.7273
	-2.12688	33.9953
	-26.445	37.0483
	52.0457	27.851
	7.33674	33.4201
	-10.6633	33.1497
	-22.5177	35.7773
	-26.5177	35.7214
	5.4095	34.806
	-15.0541	35.2028
	30.7276	31.5526
	63.0457	28.0477
	24.1912	30.6723
	43.1185	29.3808
	17.7276	31.3459
	30.264	32.3009
	63.5821	28.9042
	43.0457	27.6889
	28.1912	30.7374
	45.1185	29.4148
	8.33674	33.4351
	64.6548	30.5452
	3.87312	34.0834
	-3.05412	35.3728
	18.5821	28.115
	-28.5177	35.6934
	27.264	32.2544
	55.5821	28.7655
	25.8004	32.9716
	29.6548	29.9668
	27.264	32.2544
	-31.445	36.9807
	5.19122	30.361
	15.1912	30.5252
	3.19122	30.328
	37.1185	29.2785
	72.5821	29.0595
	33.1912	30.8187
	57.4366	25.2258
	62.4366	25.3247
	32.1912	30.8024
	32.1912	30.8024
	-0.199639	32.5749
	10.8004	32.7433
	65.5093	27.2194
	47.5821	28.6261
	-61.3722	37.8699
	11.8731	34.2006
	7.33674	33.4201
	38.6548	30.1166
	63.5093	27.1827
	24.7276	31.4574
	-7.12688	33.9217
	31.6548	30.0002
	36.6548	30.0834
	-15.0541	35.2028
	29.8731	34.4628
	13.0186	36.9296
	6.23692	40.5767
	40.6278	39.1935
	-65.181	48.445
	-48.3993	45.5439
	-14.3722	38.4855
	45.3367	33.9839
	29.3367	33.7476
	11.3367	33.4799
	1.19122	30.295
	-7.66326	33.1949
	-32.1269	33.5512
	26.264	32.2389
	-6.05412	35.3304
	29.1185	29.1416
	78.9002	24.6893
	9.65484	29.6312
	-24.5905	34.3724
	-33.445	36.9537
	-0.590499	34.7197
	-16.1269	33.7888
	24.8004	32.9564
	28.6548	29.9501
	-0.663259	33.3002
	29.1185	29.1416
	17.264	32.099
	4.80036	32.6516
	17.7276	31.3459
	-14.1269	33.8184
	-39.9814	36.2049
	2.7276	31.1057
	-10.0541	35.2738
	58.9729	26.1939
	-7.66326	33.1949
	39.7276	31.6949
	91.4366	25.8909
	-11.6633	33.1346
	52.6548	30.3482
	-1.5905	34.7053
	2.65484	29.5129
	48.6548	30.2822
	16.264	32.0834
	7.19122	30.3939
	-51.5177	35.3697
	40.6548	30.1498
	34.6548	30.0501
	29.6548	29.9668
	20.8004	32.8957
	18.8004	32.8652
	6.7276	31.17
	35.264	32.3782
	1.94588	35.4434
	-11.0541	35.2596
	38.0457	27.5985
	55.5821	28.7655
	21.7276	31.4097
	26.1912	30.7049
	45.5093	26.8495
	49.1185	29.4827
	62.0457	28.0299
	-36.0541	34.9033
	57.0457	27.9406
	62.1185	29.7024
	40.5821	28.5036
	54.0457	27.8868
	71.9729	26.4409
	28.1185	29.1244
	9.19122	30.4268
	-7.19964	32.4673
	51.0457	27.833
	-69.2995	39.0216
	-2.73602	31.7859
	-12.1269	33.8479
	-21.6633	32.9834
	51.1185	29.5166
	23.6548	29.8666
	-19.1269	33.7444
	24.1185	29.0557
	54.9729	26.1174
	8.26398	31.9585
	42.5821	28.5386
	-14.1269	33.8184
	7.87312	34.1421
	48.5821	28.6436
	-40.9814	36.1911
	44.1185	29.3978
	-18.6633	33.0288
	1.33674	33.3302
	64.9729	26.3082
	34.1912	30.8349
	1.80036	32.6056
	27.264	32.2544
	-12.5905	34.5465
	44.0457	27.707
	34.1185	29.2273
	-12.5177	35.9168
	-21.5905	34.416
	70.4366	25.4822
	16.264	32.0834
	-17.1996	32.3129
	20.264	32.1457
	15.1912	30.5252
	18.7276	31.3619
	-9.19964	32.4365
	11.264	32.0054
	10.3367	33.4649
	24.8004	32.9564
	9.80036	32.728
	-5.66326	33.225
	30.0457	27.4532
	4.87312	34.0981
	35.6548	30.0668
	26.1912	30.7049
	72.4366	25.5214
	47.1185	29.4488
	1.87312	34.0541
	-27.5177	35.7074
	55.0457	27.9048
	-23.5905	34.3869
	8.65484	29.6144
	-19.1269	33.7444
	-5.66326	33.225
	-0.808779	30.262
	29.1185	29.1416
	-2.80878	30.2289
	-65.445	36.5181
	6.7276	31.17
	-22.5905	34.4014
	4.26398	31.8959
	-2.12688	33.9953
	-30.0541	34.9891
	-33.5177	35.6233
	39.5821	28.486
	26.6548	29.9167
	-57.3722	37.9227
	-3.66326	33.2551
	49.5821	28.661
	28.1912	30.7374
	15.3367	33.5396
	-10.5905	34.5754
	34.7276	31.6159
	29.7276	31.5368
	11.264	32.0054
	23.1912	30.656
	38.4366	24.8463
	52.1185	29.5336
	22.1185	29.0212
	26.1912	30.7049
	10.3367	33.4649
	-5.19964	32.4981
	61.9002	24.3426
	32.1912	30.8024
	4.26398	31.8959
	32.8004	33.0776
	64.1642	40.0987
	133.919	44.8927
	139.401	57.6487
	229.619	60.8526
	50.1473	74.4965
	118.638	70.3053
	29.0559	63.8857
	-29.9898	57.4344
	-59.0355	50.4582
	4.01864	36.8075
	15.7276	31.314
	-75.8358	38.3133
	-19.5905	34.445
	-14.6633	33.0893
	-12.8088	30.0631
	19.1912	30.5907
	-59.9086	37.2472
	-20.0541	35.1317
	25.5821	28.2392
	6.80036	32.6822
	46.5093	26.8681
	36.5093	26.6814
	32.0457	27.4896
	21.6548	29.8331
	-10.1996	32.421
	15.1912	30.5252
	-1.2724	31.0414
	19.1912	30.5907
	25.0457	27.3619
	25.5093	26.4745
	18.7276	31.3619
	7.11846	28.7617
	-13.6633	33.1044
	-18.1996	32.2974
	18.7276	31.3619
	30.1185	29.1587
	41.5093	26.7749
	3.26398	31.8802
	13.6548	29.6987
	-22.1269	33.6999
	52.9729	26.0791
	-4.66326	33.2401
	18.9729	25.4189
	23.0457	27.3254
	-9.19964	32.4365
	-34.1269	33.5214
	15.0457	27.1786
	35.5821	28.4157
	32.1185	29.193
	30.5821	28.3276
	-4.19964	32.5134
	49.4366	25.0667
	46.9729	25.9638
	-25.1996	32.1889
	46.9729	25.9638
	48.0457	27.7791
	-71.3722	37.7376
	13.6548	29.6987
	-28.5905	34.3141
	-8.19964	32.4519
	19.0457	27.2521
	14.1912	30.5088
	15.6548	29.7323
	40.5821	28.5036
	49.9002	24.0949
	60.9002	24.3221
	-1.80878	30.2455
	14.6548	29.7155
	27.5821	28.2746
	-12.6633	33.1195
	-51.9086	37.3544
	13.4823	36.2769
	59.8004	33.4832
	72.4095	35.7556
	12.3097	41.8213
	46.0186	37.3737
	-1.83584	39.2671
	2.55502	37.4376
	-0.126879	34.0247
	30.6548	29.9835
	3.26398	31.8802
	9.0457	27.068
	13.1185	28.8658
	24.9729	25.5366
	-11.1996	32.4056
	23.1185	29.0385
	14.1912	30.5088
	2.11846	28.6746
	-29.6633	32.8619
	35.1185	29.2444
	32.5821	28.3629
	-7.73602	31.7072
	22.6548	29.8498
	2.11846	28.6746
	20.0457	27.2704
	-17.1996	32.3129
	29.5093	26.5499
	26.1185	29.0901
	-13.1996	32.3747
	19.7276	31.3778
	6.11846	28.7443
	1.7276	31.0897
	32.5093	26.6063
	-15.1269	33.8036
	-4.80878	30.1958
	-31.0541	34.9748
	5.19122	30.361
	-11.1996	32.4056
	-22.736	31.4698
	58.8274	22.2037
	72.8274	22.5168
	41.9002	23.9283
	14.7276	31.298
	-55.5177	35.3131
	24.1912	30.6723
	40.9729	25.848
	6.7276	31.17
	11.6548	29.665
	18.1912	30.5743
	-1.80878	30.2455
	-17.1269	33.774
	-31.5177	35.6513
	49.6548	30.2987
	-35.5905	34.212
	48.5821	28.6436
	-12.5905	34.5465
	11.7276	31.2501
	0.727601	31.0736
	7.26398	31.9429
	-62.3722	37.8567
	16.1185	28.9177
	29.6548	29.9668
	10.1912	30.4432
	8.65484	29.6144
	-14.736	31.5966
	-14.6633	33.0893
	39.5093	26.7376
	11.1185	28.8311
	3.7276	31.1218
	-24.6633	32.9379
	16.1185	28.9177
	20.6548	29.8163
	33.9729	25.7122
	26.1185	29.0901
	43.4366	24.9468
	-5.19964	32.4981
	84.7547	20.5536
	24.1185	29.0557
	23.1912	30.656
	12.0457	27.1233
	18.1185	28.9522
	-13.736	31.6124
	49.0457	27.797
	12.1912	30.476
	-16.2724	30.7988
	4.58208	27.8649
	50.8274	22.0228
	24.5821	28.2215
	4.33674	33.3752
	10.6548	29.6481
	-30.1269	33.581
	0.800361	32.5903
	-6.80878	30.1627
	33.1185	29.2101
	18.264	32.1146
	52.6548	30.3482
	-8.44498	37.2904
	19.6278	38.9247
	97.0186	38.0499
	62.6278	39.4732
	33.1642	39.7103
	-106.79	46.4821
	43.7276	31.758
	-4.19964	32.5134
	14.264	32.0522
	49.0457	27.797
	6.87312	34.1274
	47.264	32.563
	94.4095	36.0619
	193.019	39.2912
	19.7192	54.4287
	63.4738	57.8267
	86.3283	56.3366
	86.5009	52.3432
	-58.89	52.3369
	-69.8629	45.837
	-15.3722	38.4725
	1.7276	31.0897
	-25.5905	34.3578
	4.65484	29.5468
	-31.5905	34.2704
	-48.0541	34.7309
	2.65484	29.5129
	20.5821	28.1506
	9.11846	28.7964
	33.4366	24.7455
	22.5093	26.4177
	25.0457	27.3619
	26.5093	26.4933
	0.263981	31.8331
	29.1185	29.1416
	24.5093	26.4556
	47.0457	27.761
	34.5093	26.6439
	26.5821	28.2569
	3.19122	30.328
	34.5093	26.6439
	20.1185	28.9868
	3.19122	30.328
	72.8274	22.5168
	-10.2724	30.8961
	4.19122	30.3445
	1.11846	28.6572
	32.5093	26.6063
	6.19122	30.3774
	-15.736	31.5808
	9.26398	31.9741
	15.6548	29.7323
	21.5821	28.1683
	-44.1269	33.3719
	1.19122	30.295
	30.5093	26.5687
	-7.34516	29.343
	-0.881539	28.6222
	39.4366	24.8665
	-6.88154	28.5172
	-23.3452	29.0691
	64.4366	25.3642
	22.5821	28.1861
	13.5093	26.2469
	16.5821	28.0794
	-20.1269	33.7295
	-6.73602	31.723
	31.9002	23.7184
	-44.0541	34.7885
	17.1185	28.935
	26.1185	29.0901
	30.9729	25.6538
	-13.2724	30.8475
	41.4366	24.9066
	-7.34516	29.343
	16.5093	26.3039
	3.65484	29.5298
	-10.8088	30.0963
	47.9002	24.0533
	7.58208	27.9187
	43.9729	25.906
	60.9002	24.3221
	-7.80878	30.1461
	7.19122	30.3939
	32.4366	24.7253
	0.191221	30.2785
	64.3638	23.3834
	51.8274	22.0455
	7.65484	29.5975
	21.0457	27.2887
	-26.1996	32.1733
	12.0457	27.1233
	61.9729	26.2511
	31.5821	28.3453
	32.5093	26.6063
	15.5093	26.2849
	64.3638	23.3834
	-24.1269	33.6702
	16.0457	27.197
	-15.8088	30.0132
	30.1185	29.1587
	23.9729	25.517
	40.4366	24.8866
	39.9002	23.8864
	-8.34516	29.3259
	-21.736	31.4856
	12.5821	28.0081
	2.65484	29.5129
	46.9729	25.9638
	37.5093	26.7001
	9.65484	29.6312
	0.654841	29.479
	51.4366	25.1066
	-47.9814	36.0942
	72.9002	24.5675
	38.1185	29.2956
	-27.5177	35.7074
	-33.1269	33.5363
	14.6548	29.7155
	-17.2724	30.7826
	20.0457	27.2704
	12.1185	28.8484
	-3.80878	30.2124
	48.9002	24.0741
	-45.9814	36.1219
	-47.1996	31.8453
	4.50932	26.0748
	-22.1996	32.2355
	36.5093	26.6814
	51.8274	22.0455
	18.5093	26.3419
	35.0457	27.5441
	30.9002	23.6973
	7.58208	27.9187
	10.1185	28.8138
	59.3638	23.2763
	33.5093	26.6251
	-5.80878	30.1793
	6.65484	29.5806
	3.11846	28.692
	11.0457	27.1049
	38.9729	25.8093
	-73.5177	35.0573
	-22.1996	32.2355
	23.9729	25.517
	48.9002	24.0741
	-33.1996	32.0644
	61.7547	19.9862
	24.9729	25.5366
	7.11846	28.7617
	-17.2724	30.7826
	-13.736	31.6124
	20.0457	27.2704
	37.9729	25.7899
	23.0457	27.3254
	0.654841	29.479
	-17.1996	32.3129
	-43.0541	34.8028
	39.9002	23.8864
	-13.736	31.6124
	-14.8088	30.0298
	16.5093	26.3039
	71.7547	20.2348
	40.3638	22.8645
	-43.736	31.1343
	-60.9814	35.9137
	-36.5905	34.1974
	12.5821	28.0081
	45.9002	24.0117
	3.58208	27.847
	45.9002	24.0117
	20.6548	29.8163
	17.5821	28.0972
	-4.88154	28.5523
	-11.8088	30.0797
	51.4366	25.1066
	12.0457	27.1233
	1.58208	27.811
	44.4366	24.9668
	-12.1996	32.3902
	36.5093	26.6814
	66.3638	23.4261
	5.58208	27.8829
	19.5821	28.1328
	43.3638	22.93
	38.0457	27.5985
	-69.0541	34.4273
	27.5821	28.2746
	-26.1996	32.1733
	30.1185	29.1587
	-30.6633	32.8467
	16.5093	26.3039
	-4.34516	29.3941
	-24.2724	30.6687
	20.5821	28.1506
	31.0457	27.4714
	37.4366	24.8262
	44.9002	23.9909
	-9.80878	30.1129
	27.5093	26.5122
	28.5093	26.5311
	-2.34516	29.4281
	15.1185	28.9004
	46.9729	25.9638
	20.5093	26.3799
	-10.8815	28.447
	45.3638	22.9735
	-12.4179	27.5582
	49.9002	24.0949
	19.5821	28.1328
	12.1185	28.8484
	-8.34516	29.3259
	39.9729	25.8286
	16.6548	29.7491
	28.0457	27.4167
	-26.736	31.4061
	-4.41792	27.703
	-62.1269	33.1011
	33.5093	26.6251
	-19.8088	29.9464
	17.6548	29.7659
	-6.88154	28.5172
	-3.88154	28.5698
	46.4366	25.0068
	8.58208	27.9366
	77.291	21.5227
	-22.6633	32.9682
	16.5821	28.0794
	37.8274	21.7257
	-24.1996	32.2044
	-15.6633	33.0742
	-7.34516	29.343
	-28.6633	32.8771
	10.5821	27.9724
	14.6548	29.7155
	25.5093	26.4745
	60.3638	23.2977
	-35.1269	33.5064
	18.0457	27.2337
	22.5093	26.4177
	50.9002	24.1156
	-8.88154	28.4821
	18.5821	28.115
	-17.8088	29.9798
	20.1185	28.9868
	25.0457	27.3619
	2.0457	26.9384
	-16.8815	28.3414
	10.0457	27.0864
	-17.2724	30.7826
	14.0457	27.1602
	-4.88154	28.5523
	-27.1269	33.6256
	14.9729	25.3401
	31.5093	26.5875
	25.5093	26.4745
	10.5821	27.9724
	31.9729	25.6733
	8.0457	27.0495
	20.9729	25.4582
	61.8274	22.2712
	-3.88154	28.5698
	29.5093	26.5499
	22.0457	27.3071
	-6.2724	30.9607
	26.5093	26.4933
	8.50932	26.1514
	-11.3452	29.2747
	49.3638	23.0604
	27.9729	25.5953
	-25.6633	32.9227
	22.6548	29.8498
	-16.2724	30.7988
	30.5093	26.5687
	-35.2724	30.4888
	26.1185	29.0901
	13.5821	28.026
	-10.8088	30.0963
	21.5821	28.1683
	-0.881539	28.6222
	65.291	21.2421
	8.0457	27.0495
	48.3638	23.0387
	22.0457	27.3071
	19.0457	27.2521
	44.9002	23.9909
	12.0457	27.1233
	65.2183	18.8327
	27.5093	26.5122
	17.5821	28.0972
	27.0457	27.3985
	28.9729	25.6148
	-53.6633	32.4947
	-11.3452	29.2747
	-6.73602	31.723
	41.3638	22.8863
	-84.445	36.257
	-0.345159	29.462
	24.5821	28.2215
	21.9729	25.4778
	23.5093	26.4367
	47.3638	23.017
	5.58208	27.8829
	8.58208	27.9366
	53.9002	24.1777
	17.0457	27.2154
	21.5093	26.3988
	1.11846	28.6572
	24.4366	24.563
	28.9729	25.6148
	-3.9543	26.8268
	16.5093	26.3039
	54.4366	25.1663
	27.9729	25.5953
	59.9729	26.213
	-32.1996	32.08
	0.118461	28.6397
	-5.88154	28.5348
	16.9729	25.3795
	-25.736	31.4221
	34.4366	24.7657
	-6.80878	30.1627
	8.65484	29.6144
	-41.1996	31.9394
	-13.3452	29.2406
	42.4366	24.9267
	-14.8088	30.0298
	69.2183	18.9386
	-25.8088	29.8461
	25.9729	25.5562
	-22.3452	29.0863
	4.65484	29.5468
	24.0457	27.3437
	26.9729	25.5757
	-27.5905	34.3287
	21.0457	27.2887
	-1.41792	27.7571
	12.0457	27.1233
	-3.88154	28.5698
	54.8274	22.1135
	-4.88154	28.5523
	12.1185	28.8484
	13.0457	27.1418
	18.4366	24.4406
	-16.3452	29.1892
	-13.2724	30.8475
	28.0457	27.4167
	-35.2724	30.4888
	22.9729	25.4974
	2.19122	30.3115
	15.1185	28.9004
	15.5821	28.0616
	39.9729	25.8286
	51.4366	25.1066
	32.9729	25.6928
	41.9729	25.8673
	3.58208	27.847
	29.4366	24.6646
	7.65484	29.5975
	-21.6633	32.9834
	55.4366	25.1861
	74.7547	20.3088
	13.5093	26.2469
	-21.8088	29.913
	-23.3452	29.0691
	17.0457	27.2154
	15.5093	26.2849
	16.5093	26.3039
	30.4366	24.6848
	-11.8815	28.4294
	63.7547	20.0362
	38.8274	21.7487
	55.8274	22.1361
	55.3638	23.1902
	-7.80878	30.1461
	22.9729	25.4974
	2.58208	27.829
	16.5093	26.3039
	20.3638	22.4228
	-18.736	31.5333
	28.5821	28.2923
	39.4366	24.8665
	2.0457	26.9384
	13.5821	28.026
	25.0457	27.3619
	67.9002	24.4655
	-39.6633	32.7094
	10.4366	24.2763
	6.11846	28.7443
	14.9729	25.3401
	9.97294	25.2412
	48.9729	26.0023
	-13.8088	30.0465
	38.3638	22.8207
	-0.881539	28.6222
	-3.49068	25.921
	41.3638	22.8863
	17.6548	29.7659
	5.58208	27.8829
	-18.8088	29.9631
	33.4366	24.7455
	40.9002	23.9074
	26.9002	23.6128
	19.5821	28.1328
	7.0457	27.031
	-5.34516	29.377
	21.0457	27.2887
	-35.1996	32.0332
	21.9729	25.4778
	3.11846	28.692
	0.509321	25.998
	16.9729	25.3795
	-10.8088	30.0963
	15.9729	25.3598
	32.5093	26.6063
	11.5821	27.9903
	1.58208	27.811
	56.7547	19.8607
	18.6548	29.7827
	31.4366	24.7051
	60.291	21.1241
	-15.8088	30.0132
	-32.1996	32.08
	21.9729	25.4778
	-20.3452	29.1206
	12.5821	28.0081
	-19.2724	30.7501
	13.5093	26.2469
	49.4366	25.0667
	37.4366	24.8262
	2.58208	27.829
	-5.80878	30.1793
	12.5821	28.0081
	43.3638	22.93
	-37.1996	32.0019
	51.3638	23.1038
	53.8274	22.0908
	23.5093	26.4367
	68.8274	22.4278
	18.9729	25.4189
	36.0457	27.5622
	18.5093	26.3419
	76.7547	20.358
	-2.80878	30.2289
	7.0457	27.031
	32.5093	26.6063
	34.4366	24.7657
	0.582081	27.7931
	18.5093	26.3419
	10.6548	29.6481
	-18.6633	33.0288
	14.5821	28.0438
	-15.8088	30.0132
	29.5093	26.5499
	45.9002	24.0117
	29.9729	25.6343
	53.9002	24.1777
	-42.736	31.1504
	-40.6633	32.6941
	34.9002	23.7816
	43.9002	23.97
	-11.4179	27.5763
	1.11846	28.6572
	47.9729	25.9831
	-23.736	31.4539
	-9.88154	28.4646
	39.0457	27.6166
	-16.736	31.5649
	-5.34516	29.377
	4.11846	28.7094
	58.8274	22.2037
	9.50932	26.1705
	7.58208	27.9187
	39.9729	25.8286
	76.3638	23.6386
	97.4366	26.0065
	22.7005	40.1832
	197.728	34.0964
	86.5737	53.2576
	222.646	55.3979
	61.9104	62.62
	180.401	58.0032
	-2.4534	58.0903
	13.2826	48.7559
	70.4823	37.0542
	-1.51774	36.0696
	41.9729	25.8673
	-1.80878	30.2455
	3.58208	27.847
	33.9729	25.7122
	50.291	20.886
	36.9002	23.8236
	0.654841	29.479
	-2.41792	27.739
	31.9002	23.7184
	-74.9814	35.7183
	-6.41792	27.6668
	26.9002	23.6128
	-6.41792	27.6668
	13.0457	27.1418
	4.7276	31.1379
	47.9002	24.0533
	-4.88154	28.5523
	57.3638	23.2332
	18.5821	28.115
	40.4366	24.8866
	54.3638	23.1686
	49.8274	22.0001
	21.5093	26.3988
	9.50932	26.1705
	21.9729	25.4778
	27.9729	25.5953
	26.5821	28.2569
	0.118461	28.6397
	-25.8088	29.8461
	56.3638	23.2117
	45.3638	22.9735
	19.5093	26.3609
	5.97294	25.1619
	-13.1996	32.3747
	71.9002	24.5471
	15.1185	28.9004
	1.19122	30.295
	38.0457	27.5985
	49.3638	23.0604
	32.9002	23.7395
	19.0457	27.2521
	34.8274	21.6565
	9.50932	26.1705
	-22.736	31.4698
	-21.2724	30.7175
	9.90018	23.25
	29.9729	25.6343
	28.9729	25.6148
	25.4366	24.5833
	14.5821	28.0438
	29.9729	25.6343
	69.2183	18.9386
	-15.736	31.5808
	9.50932	26.1705
	61.8274	22.2712
	-16.3452	29.1892
	63.8274	22.316
	33.9729	25.7122
	11.5821	27.9903
	16.5821	28.0794
	45.9002	24.0117
	24.5093	26.4556
	-1.88154	28.6048
	-16.736	31.5649
	-10.8815	28.447
	39.4366	24.8665
	45.8274	21.909
	-9.41792	27.6126
	-3.34516	29.4111
	18.9729	25.4189
	-11.8815	28.4294
	-8.9543	26.7334
	19.4366	24.461
	-24.2724	30.6687
	-42.6633	32.6635
	28.9729	25.6148
	25.0457	27.3619
	4.58208	27.8649
	-5.2724	30.9769
	56.8274	22.1586
	9.58208	27.9545
	32.5093	26.6063
	-38.8088	29.6275
	26.9002	23.6128
	-67.5177	35.1428
	26.9729	25.5757
	25.9002	23.5916
	7.65484	29.5975
	-43.6633	32.6482
	21.0457	27.2887
	-22.8088	29.8963
	5.58208	27.8829
	0.0457005	26.9012
	13.1185	28.8658
	14.5821	28.0438
	-13.2724	30.8475
	-37.6633	32.7399
	38.9002	23.8655
	29.1912	30.7537
	20.1912	30.607
	8.7276	31.202
	78.0457	28.3139
	4.33674	33.3752
	85.3638	23.8282
	19.7276	31.3778
	38.5093	26.7189
	13.7276	31.2821
	3.58208	27.847
	-5.34516	29.377
	46.8274	21.9318
	15.0457	27.1786
	20.0457	27.2704
	-5.9543	26.7895
	-12.2724	30.8637
	2.65484	29.5129
	33.9729	25.7122
	30.4366	24.6848
	33.9729	25.7122
	-17.736	31.5491
	-35.8088	29.6781
	-0.881539	28.6222
	-22.736	31.4698
	-35.2724	30.4888
	21.9002	23.5066
	34.8274	21.6565
	-9.80878	30.1129
	24.5821	28.2215
	74.7547	20.3088
	19.9729	25.4385
	51.4366	25.1066
	-41.2724	30.3903
	1.11846	28.6572
	0.118461	28.6397
	-7.2724	30.9446
	30.3638	22.6447
	-15.2724	30.8151
	-7.80878	30.1461
	-7.34516	29.343
	3.50932	26.0557
	0.118461	28.6397
	28.9002	23.6551
	-17.8088	29.9798
	53.3638	23.147
	3.65484	29.5298
	18.9002	23.4427
	31.8274	21.5872
	69.291	21.3361
	15.5093	26.2849
	11.0457	27.1049
	17.0457	27.2154
	50.8274	22.0228
	13.5093	26.2469
	23.9002	23.5491
	8.11846	28.779
	38.9729	25.8093
	46.9002	24.0325
	15.6548	29.7323
	31.0457	27.4714
	16.5093	26.3039
	26.4366	24.6037
	21.1185	29.004
	24.5093	26.4556
	13.0457	27.1418
	1.58208	27.811
	54.3638	23.1686
	30.0457	27.4532
	-7.80878	30.1461
	8.58208	27.9366
	18.9729	25.4189
	17.5821	28.0972
	-17.8088	29.9798
	5.11846	28.7269
	-15.736	31.5808
	-12.8088	30.0631
	73.8274	22.539
	-20.2724	30.7338
	-13.8088	30.0465
	16.0457	27.197
	67.8274	22.4055
	18.5821	28.115
	0.582081	27.7931
	41.9002	23.9283
	15.6548	29.7323
	-15.1996	32.3438
	-2.80878	30.2289
	34.4366	24.7657
	3.65484	29.5298
	47.4366	25.0268
	36.9002	23.8236
	16.5821	28.0794
	-50.736	31.0217
	14.0457	27.1602
	56.291	21.0292
	60.3638	23.2977
	18.9729	25.4189
	30.4366	24.6848
	35.4366	24.7859
	-29.1996	32.1267
	-23.736	31.4539
	21.9729	25.4778
	-22.8088	29.8963
	16.4366	24.3996
	45.9002	24.0117
	71.291	21.3829
	-27.736	31.3902
	-5.2724	30.9769
	-10.3452	29.2918
	24.5093	26.4556
	-20.2724	30.7338
	17.0457	27.2154
	15.0457	27.1786
	4.65484	29.5468
	54.3638	23.1686
	23.4366	24.5426
	25.5093	26.4745
	-6.88154	28.5172
	26.5821	28.2569
	47.9002	24.0533
	20.4366	24.4814
	4.11846	28.7094
	12.5093	26.2278
	33.3638	22.7109
	25.4366	24.5833
	45.4366	24.9868
	-23.736	31.4539
	5.0457	26.994
	-26.736	31.4061
	38.5093	26.7189
	-24.8088	29.8628
	17.5093	26.3229
	-16.736	31.5649
	4.11846	28.7094
	8.7276	31.202
	39.9002	23.8864
	-21.2724	30.7175
	-4.41792	27.703
	24.5093	26.4556
	-3.41792	27.721
	14.5821	28.0438
	64.8274	22.3384
	-15.8088	30.0132
	20.0457	27.2704
	1.0457	26.9198
	-37.6633	32.7399
	3.50932	26.0557
	33.291	20.475
	-27.2724	30.6197
	25.4366	24.5833
	-23.2724	30.685
	-15.2724	30.8151
	25.4366	24.5833
	-5.88154	28.5348
	61.3638	23.3192
	13.1185	28.8658
	21.9729	25.4778
	24.0457	27.3437
	-4.80878	30.1958
	-1.41792	27.7571
	27.0457	27.3985
	38.9729	25.8093
	52.4366	25.1265
	22.1185	29.0212
	23.1185	29.0385
	64.4366	25.3642
	67.3638	23.4475
	54.5093	27.0166
	43.5093	26.8123
	55.3638	23.1902
	20.5093	26.3799
	40.4366	24.8866
	31.5093	26.5875
	-2.73602	31.7859
	14.0457	27.1602
	47.291	20.8141
	35.5093	26.6627
	14.1185	28.8831
	-6.34516	29.36
	32.5821	28.3629
	26.4366	24.6037
	26.5821	28.2569
	-21.8088	29.913
	-20.2724	30.7338
	4.7276	31.1379
	43.3638	22.93
	-8.80878	30.1295
	-11.8815	28.4294
	43.4366	24.9468
	32.0457	27.4896
	39.4366	24.8665
	4.11846	28.7094
	2.19122	30.3115
	3.11846	28.692
	63.8274	22.316
	-16.736	31.5649
	25.1185	29.0729
	60.8274	22.2487
	50.9002	24.1156
	17.5821	28.0972
	36.4366	24.8061
	27.5093	26.5122
	-2.41792	27.739
	13.5821	28.026
	42.8274	21.8405
	43.5821	28.5562
	56.9002	24.2397
	72.8274	22.5168
	15.5821	28.0616
	24.0457	27.3437
	2.58208	27.829
	-23.1996	32.2199
	37.0457	27.5804
	-10.2724	30.8961
	0.582081	27.7931
	30.5093	26.5687
	13.5821	28.026
	63.4366	25.3444
	-0.345159	29.462
	23.0457	27.3254
	5.11846	28.7269
	34.9729	25.7317
	59.9002	24.3015
	8.50932	26.1514
	9.19122	30.4268
	16.5093	26.3039
	1.65484	29.4959
	-33.736	31.2945
	7.0457	27.031
	-23.736	31.4539
	-9.80878	30.1129
	11.1185	28.8311
	52.4366	25.1265
	48.9729	26.0023
	59.3638	23.2763
	22.5821	28.1861
	-12.3452	29.2577
	-18.2724	30.7663
	-4.34516	29.3941
	2.11846	28.6746
	39.8274	21.7717
	-3.41792	27.721
	-11.1996	32.4056
	2.11846	28.6746
	10.0457	27.0864
	4.19122	30.3445
	-35.1996	32.0332
	9.11846	28.7964
	-19.3452	29.1378
	1.19122	30.295
	4.65484	29.5468
	49.9729	26.0215
	36.0457	27.5622
	44.0457	27.707
	41.1912	30.9482
	110.118	30.4997
	115.482	37.6566
	134.337	35.269
	24.8461	42.5417
	49.2369	41.1031
	-0.690319	41.6656
	-8.83584	39.1779
	29.1185	29.1416
	9.65484	29.6312
	1.11846	28.6572
	-48.6633	32.5715
	29.5093	26.5499
	-1.34516	29.445
	2.50932	26.0365
	47.3638	23.017
	36.3638	22.7768
	4.58208	27.8649
	51.7547	19.7345
	4.58208	27.8649
	-7.41792	27.6488
	46.7547	19.6074
	-18.8815	28.3061
	-6.41792	27.6668
	25.9002	23.5916
	73.6819	17.7452
	60.291	21.1241
	55.3638	23.1902
	22.9002	23.5279
	24.0457	27.3437
	6.65484	29.5806
	20.9729	25.4582
	6.97294	25.1817
	-48.1996	31.8296
	3.50932	26.0557
	12.4366	24.3175
	14.9002	23.3573
	60.2183	18.6995
	36.291	20.5482
	18.9002	23.4427
	39.8274	21.7717
	53.6819	17.1724
	6.43656	24.1938
	-4.02706	24.9624
	46.2183	18.3213
	-13.8088	30.0465
	18.9002	23.4427
	24.3638	22.5119
	36.8274	21.7027
	4.97294	25.142
	-9.49068	25.805
	17.4366	24.4201
	3.50932	26.0557
	-26.8815	28.1644
	9.43656	24.2557
	66.2183	18.8592
	7.90018	23.2069
	-7.49068	25.8437
	25.8274	21.4477
	32.8274	21.6103
	11.3638	22.2212
	11.9729	25.2808
	-29.8088	29.779
	-14.4907	25.7079
	-23.9543	26.4514
	9.90018	23.25
	-4.56344	23.9654
	23.9002	23.5491
	14.4366	24.3586
	8.90018	23.2285
	2.90018	23.099
	4.0457	26.9755
	-8.49068	25.8244
	11.4366	24.2969
	3.43656	24.1317
	14.9002	23.3573
	-41.3452	28.7578
	-13.9543	26.6397
	39.2183	18.1293
	4.90018	23.1422
	5.43656	24.1731
	18.3638	22.3782
	23.3638	22.4896
	77.1455	16.4351
	49.6819	17.0556
	35.2183	18.0186
	-9.49068	25.805
	53.291	20.9577
	7.43656	24.2145
	5.43656	24.1731
	0.43656	24.0695
	-0.56344	24.0487
	43.7547	19.5307
	34.7547	19.2989
	-15.0271	24.741
	-17.4907	25.6495
	-7.49068	25.8437
	23.291	20.2294
	25.8274	21.4477
	-12.5634	23.7979
	21.291	20.1799
	9.43656	24.2557
	17.3638	22.3558
	47.2183	18.3486
	32.6819	16.5497
	7.97294	25.2016
	26.7547	19.0905
	42.7547	19.5051
	36.3638	22.7768
	-12.4907	25.7468
	-5.02706	24.9423
	3.43656	24.1317
	0.90018	23.0556
	-0.56344	24.0487
	-11.5634	23.8189
	30.7547	19.195
	39.2183	18.1293
	-29.9543	26.3377
	-4.02706	24.9624
	46.291	20.7901
	-5.49068	25.8824
	4.90018	23.1422
	20.7547	18.9327
	-5.56344	23.9445
	-6.09982	22.9033
	-5.56344	23.9445
	-24.4179	27.3396
	-28.4179	27.2664
	-16.4907	25.669
	22.2183	17.6542
	-38.8088	29.6275
	50.291	20.886
	32.291	20.4506
	-37.6633	32.7399
	-2.9543	26.8454
	63.8274	22.316
	7.58208	27.9187
	-34.736	31.2785
	2.58208	27.829
	-14.8815	28.3766
	30.291	20.4016
	19.291	20.1303
	18.4366	24.4406
	-10.0271	24.8419
	-0.0998196	23.0339
	20.291	20.1551
	14.8274	21.1897
	28.7547	19.1428
	23.8274	21.4011
	-2.02706	25.0024
	2.43656	24.111
	41.2183	18.1843
	33.2183	17.963
	-6.09982	22.9033
	23.291	20.2294
	25.7547	19.0643
	16.3638	22.3335
	52.7547	19.7598
	-5.56344	23.9445
	-5.56344	23.9445
	-2.09982	22.9905
	17.8274	21.2604
	-1.09982	23.0122
	9.43656	24.2557
	25.7547	19.0643
	25.3638	22.5341
	-7.56344	23.9027
	13.9002	23.3359
	-14.4907	25.7079
	50.291	20.886
	22.7547	18.9855
	-36.4907	25.2764
	37.8274	21.7257
	2.90018	23.099
	-12.5634	23.7979
	56.6819	17.2595
	11.8274	21.1188
	11.3638	22.2212
	-9.09982	22.8377
	6.29104	19.8047
	-6.56344	23.9236
	17.291	20.0805
	36.1455	15.1365
	7.3638	22.1311
	11.291	19.9306
	9.82742	21.0714
	-18.5634	23.6715
	43.6819	16.8787
	10.291	19.9055
	-35.4179	27.1377
	11.3638	22.2212
	3.3638	22.0405
	-5.09982	22.9251
	-11.0271	24.8217
	40.2183	18.1568
	30.291	20.4016
	-11.6362	21.6976
	42.6819	16.8491
	-21.0271	24.6195
	11.9002	23.293
	8.43656	24.2351
	9.82742	21.0714
	13.9002	23.3359
	10.8274	21.0952
	48.6819	17.0262
	39.2183	18.1293
	40.6819	16.7896
	-55.2724	30.159
	50.6819	17.0848
	37.7547	19.3765
	65.0728	12.7105
	-17.5634	23.6926
	34.7547	19.2989
	-33.0271	24.3746
	-30.4179	27.2297
	15.8274	21.2133
	-16.5634	23.7137
	14.8274	21.1897
	16.7547	18.8268
	17.7547	18.8533
	35.2183	18.0186
	17.8274	21.2604
	12.8274	21.1425
	-8.56344	23.8818
	-40.9543	26.1281
	-19.4907	25.6105
	-8.6362	21.7666
	34.7547	19.2989
	-25.0271	24.5381
	27.2183	17.7952
	14.3638	22.2886
	1.75466	18.4241
	30.2183	17.8793
	-50.8815	27.735
	25.291	20.2787
	-7.17258	20.6641
	16.7547	18.8268
	-17.5634	23.6926
	-14.0271	24.7612
	4.29104	19.7542
	21.7547	18.9591
	18.8274	21.2839
	20.7547	18.9327
	25.291	20.2787
	-23.4907	25.5323
	-9.09982	22.8377
	-19.5634	23.6504
	-0.0998196	23.0339
	48.1455	15.5278
	4.90018	23.1422
	17.7547	18.8533
	-7.17258	20.6641
	-26.0271	24.5177
	-16.0271	24.7208
	-21.5634	23.6081
	8.75466	18.6131
	41.0728	11.7285
	-12.5634	23.7979
	23.7547	19.0118
	-12.5634	23.7979
	-1.70896	19.6017
	20.2183	17.5975
	21.2183	17.6258
	10.291	19.9055
	-15.0998	22.706
	24.291	20.2541
	34.1455	15.0703
	6.82742	21.0001
	-2.09982	22.9905
	53.0728	12.2293
	7.75466	18.5862
	-21.5634	23.6081
	8.29104	19.8552
	-2.6362	21.904
	-8.09982	22.8596
	-5.17258	20.7124
	-28.9543	26.3567
	-14.0998	22.728
	-7.6362	21.7895
	9.82742	21.0714
	-26.5634	23.5019
	-24.5634	23.5444
	15.2183	17.4548
	26.2183	17.7671
	-12.6362	21.6745
	7.75466	18.5862
	6.75466	18.5593
	41.1455	15.3008
	27.1455	14.8362
	10.8274	21.0952
	-22.5634	23.5869
	8.3638	22.1536
	18.291	20.1054
	57.1455	15.815
	16.7547	18.8268
	22.2183	17.6542
	3.82742	20.9286
	20.7547	18.9327
	-21.0271	24.6195
	0.3638	21.9723
	21.2183	17.6258
	-7.6362	21.7895
	18.2183	17.5405
	-33.0271	24.3746
	13.291	19.9807
	-12.6362	21.6745
	16.291	20.0556
	42.1455	15.3334
	-23.5634	23.5657
	-1.17258	20.8088
	6.21828	17.1951
	19.6819	16.1521
	46.6091	13.8324
	1.3638	21.9951
	7.29104	19.83
	23.1455	14.7008
	21.6819	16.2139
	17.6819	16.0901
	-10.709	19.3708
	18.7547	18.8798
	4.82742	20.9525
	-8.70896	19.4223
	-16.6362	21.582
	18.2183	17.5405
	6.21828	17.1951
	25.2183	17.7389
	41.6091	13.6505
	13.7547	18.747
	-13.6362	21.6514
	-15.0271	24.741
	7.75466	18.5862
	1.3638	21.9951
	-1.70896	19.6017
	-18.6362	21.5356
	-13.0998	22.75
	-10.6362	21.7206
	16.7547	18.8268
	13.2183	17.3974
	21.2183	17.6258
	11.7547	18.6935
	16.2183	17.4834
	40.6091	13.6138
	-17.6362	21.5588
	9.21828	17.2821
	15.2183	17.4548
	-19.1726	20.3717
	8.29104	19.8552
	27.1455	14.8362
	-7.17258	20.6641
	6.75466	18.5593
	21.7547	18.9591
	-14.1726	20.494
	-3.17258	20.7607
	7.82742	21.0239
	5.29104	19.7795
	46.6091	13.8324
	-7.6362	21.7895
	-12.6362	21.6745
	6.6819	15.7446
	-1.78172	16.9608
	14.7547	18.7736
	-17.0998	22.6619
	-3.17258	20.7607
	6.75466	18.5593
	-40.0271	24.2305
	2.75466	18.4513
	25.6819	16.3368
	-10.709	19.3708
	-6.70896	19.4738
	-42.4907	25.1575
	17.2183	17.512
	4.29104	19.7542
	17.2183	17.512
	-7.70896	19.4481
	15.6819	16.0278
	4.75466	18.5054
	17.2183	17.512
	7.21828	17.2241
	25.2183	17.7389
	-2.70896	19.5762
	-33.0998	22.3061
	-2.70896	19.5762
	-34.0271	24.354
	23.1455	14.7008
	11.2183	17.3398
	14.2183	17.4261
	2.82742	20.9047
	10.7547	18.6668
	17.2183	17.512
	10.6819	15.8711
	14.2183	17.4261
	-2.17258	20.7847
	16.2183	17.4834
	11.2183	17.3398
	34.1455	15.0703
	13.2183	17.3974
	4.29104	19.7542
	19.1455	14.5641
	-1.70896	19.6017
	-3.70896	19.5506
	7.6819	15.7763
	-0.17258	20.8328
	-4.70896	19.525
	-2.70896	19.5762
	21.1455	14.6326
	17.1455	14.4953
	-4.70896	19.525
	21.1455	14.6326
	15.8274	21.2133
	37.6091	13.5032
	0.75466	18.397
	42.6091	13.687
	-2.24534	18.3153
	17.6819	16.0901
	15.1455	14.4261
	-16.6362	21.582
	-28.6362	21.3022
	9.75466	18.64
	-11.1726	20.5671
	5.21828	17.166
	-25.6362	21.3725
	3.75466	18.4783
	30.6819	16.4891
	-9.70896	19.3966
	40.0728	11.6858
	-3.70896	19.5506
	13.2183	17.3974
	38.1455	15.2024
	9.90018	23.25
	24.9002	23.5704
	34.9729	25.7317
	111.827	23.3668
	79.0457	28.3315
	5.87312	34.1128
	-13.1996	32.3747
	19.9729	25.4385
	-36.4179	27.1193
	-28.4179	27.2664
	0.82742	20.8568
	6.75466	18.5593
	9.75466	18.64
	-12.6362	21.6745
	18.1455	14.5297
	-16.1726	20.4452
	14.6819	15.9966
	-22.6362	21.4426
	13.2183	17.3974
	-4.17258	20.7366
	46.0728	11.9397
	13.2183	17.3974
	14.2183	17.4261
	2.75466	18.4513
	8.75466	18.6131
	22.6819	16.2448
	30.7547	19.195
	-5.09982	22.9251
	-9.02706	24.862
	-0.6362	21.9496
	11.291	19.9306
	-28.4907	25.4342
	26.6819	16.3674
	-3.24534	18.2879
	22.6819	16.2448
	3.29104	19.7288
	16.2183	17.4834
	45.1455	15.4309
	-4.70896	19.525
	4.6819	15.6809
	24.1455	14.7348
	0.75466	18.397
	-4.24534	18.2606
	2.75466	18.4513
	15.6819	16.0278
	-6.70896	19.4738
	-27.6362	21.3257
	-5.70896	19.4994
	-10.709	19.3708
	-10.1726	20.5914
	25.1455	14.7687
	24.1455	14.7348
	16.7547	18.8268
	14.6819	15.9966
	-16.6362	21.582
	18.6819	16.1212
	20.6819	16.1831
	0.29104	19.6527
	-11.709	19.3449
	-1.78172	16.9608
	-3.78172	16.9018
	-12.709	19.3191
	19.6819	16.1521
	-5.70896	19.4994
	-4.24534	18.2606
	6.21828	17.1951
	-18.1726	20.3962
	-20.1726	20.3471
	-3.24534	18.2879
	-30.5634	23.4167
	16.6819	16.059
	-7.70896	19.4481
	12.6819	15.934
	13.7547	18.747
	-5.56344	23.9445
	3.82742	20.9286
	-2.09982	22.9905
	33.8274	21.6334
	-8.49068	25.8244
	-6.09982	22.9033
	-7.56344	23.9027
	-7.09982	22.8815
	-7.6362	21.7895
	-14.709	19.2673
	-12.6362	21.6745
	0.21828	17.0197
	23.6819	16.2755
	5.21828	17.166
	0.75466	18.397
	-9.70896	19.3966
	21.6819	16.2139
	23.2183	17.6825
	-42.0271	24.1892
	-3.6362	21.8811
	33.2183	17.963
	36.7547	19.3507
	30.3638	22.6447
	22.0457	27.3071
	-43.6633	32.6482
	32.4366	24.7253
	1.97294	25.0822
	-21.5634	23.6081
	14.2183	17.4261
	31.1455	14.9704
	-37.0271	24.2924
	37.0728	11.5567
	11.7547	18.6935
	8.6819	15.808
	-44.0271	24.1479
	-10.709	19.3708
	-14.709	19.2673
	-0.24534	18.3698
	-22.1726	20.2979
	-4.24534	18.2606
	11.2183	17.3398
	25.6091	13.0513
	35.0728	11.4698
	-13.709	19.2932
	26.6091	13.0895
	15.7547	18.8002
	-26.6362	21.3491
	-30.0998	22.3732
	-18.1726	20.3962
	-20.709	19.1109
	7.21828	17.2241
	33.0728	11.3823
	-36.5634	23.2882
	10.7547	18.6668
	2.21828	17.0784
	-26.0998	22.4625
	7.21828	17.2241
	17.1455	14.4953
	13.2183	17.3974
	-17.709	19.1892
	19.6091	12.8193
	4.21828	17.1368
	18.1455	14.5297
	-8.24534	18.1507
	-10.1726	20.5914
	-4.78172	16.8722
	27.1455	14.8362
	29.1455	14.9035
	13.2183	17.3974
	20.1455	14.5984
	0.75466	18.397
	21.1455	14.6326
	26.6091	13.0895
	16.1455	14.4608
	-66.8815	27.4451
	44.5364	9.63215
	2.21828	17.0784
	28.1455	14.8699
	-0.70896	19.6272
	-27.6362	21.3257
	3.21828	17.1076
	3.21828	17.1076
	-39.0998	22.1712
	13.2183	17.3974
	-25.6362	21.3725
	35.0728	11.4698
	19.1455	14.5641
	7.21828	17.2241
	35.5364	9.15305
	12.6819	15.934
	-7.70896	19.4481
	25.1455	14.7687
	-15.709	19.2413
	12.6819	15.934
	12.6819	15.934
	19.2183	17.569
	-22.6362	21.4426
	5.6819	15.7128
	-3.70896	19.5506
	-8.24534	18.1507
	13.2183	17.3974
	16.1455	14.4608
	5.21828	17.166
	5.75466	18.5324
	-37.5634	23.2667
	-10.2453	18.0955
	-8.24534	18.1507
	3.75466	18.4783
	16.6819	16.059
	34.5364	9.09826
	5.75466	18.5324
	-14.1726	20.494
	22.0728	10.8884
	25.6091	13.0513
	-9.24534	18.1232
	-4.24534	18.2606
	14.2183	17.4261
	19.6091	12.8193
	9.14552	14.2167
	26.6091	13.0895
	30.1455	14.937
	3.75466	18.4783
	-5.78172	16.8425
	17.6091	12.7411
	3.21828	17.1076
	35.5364	9.15305
	21.6091	12.8971
	23.1455	14.7008
	-6.70896	19.4738
	-4.70896	19.525
	-19.1726	20.3717
	13.6819	15.9653
	15.6819	16.0278
	-6.24534	18.2057
	-6.78172	16.8128
	-7.24534	18.1782
	-21.6362	21.4659
	-10.7817	16.6934
	32.6091	13.3167
	19.0728	10.7497
	-45.5634	23.0942
	-13.2453	18.0125
	4.6819	15.6809
	-1.78172	16.9608
	19.6091	12.8193
	-11.709	19.3449
	2.75466	18.4513
	25.6819	16.3368
	13.6091	12.5831
	21.6091	12.8971
	13.2183	17.3974
	3.21828	17.1076
	-4.70896	19.525
	-1.85448	13.8244
	10.291	19.9055
	-8.70896	19.4223
	-1.24534	18.3425
	14.6819	15.9966
	8.75466	18.6131
	-2.70896	19.5762
	-5.17258	20.7124
	37.6091	13.5032
	32.6091	13.3167
	-7.70896	19.4481
	-4.70896	19.525
	19.1455	14.5641
	20.6819	16.1831
	7.6819	15.7763
	-3.24534	18.2879
	11.6819	15.9026
	2.21828	17.0784
	24.1455	14.7348
	9.6819	15.8396
	33.6091	13.3542
	-18.5634	23.6715
	45.6091	13.7962
	23.7547	19.0118
	8.82742	21.0477
	21.9002	23.5066
	79.5821	29.1797
	246.728	34.8076
	276.283	51.3823
	434.247	73.5063
	599.921	88.2495
	423.731	109.553
	778.486	112.669
	355.06	122.559
	148.65	116.654
	-149.759	110.017
	-241.697	93.6993
	-158.998	71.7469
	-96.89	51.9726
	-70.2995	39.0088
	-44.8815	27.843
	27.6819	16.3979
	4.6819	15.6809
	-28.1726	20.1496
	9.60914	12.4232
	23.5364	8.47221
	20.6091	12.8583
	12.1455	14.3218
	-21.709	19.0847
	9.6819	15.8396
	-8.78172	16.7532
	1.14552	13.9325
	8.6819	15.808
	9.14552	14.2167
	8.60914	12.3829
	4.6819	15.6809
	-8.3181	15.2608
	27.0728	11.1156
	14.1455	14.3914
	13.1455	14.3567
	-20.2453	17.8171
	17.6091	12.7411
	-7.24534	18.1782
	-1.3181	15.4884
	-7.3181	15.2935
	27.0728	11.1156
	16.6091	12.7018
	16.6091	12.7018
	-4.78172	16.8722
	5.6819	15.7128
	4.14552	14.0397
	-11.7817	16.6634
	-7.78172	16.783
	31.5364	8.93187
	4.60914	12.2203
	15.6091	12.6624
	4.14552	14.0397
	-3.3181	15.4237
	-2.78172	16.9313
	17.0728	10.6563
	20.5364	8.29327
	-19.2453	17.8451
	-0.85448	13.8605
	28.0728	11.1605
	8.6819	15.808
	-18.1726	20.3962
	16.6091	12.7018
	15.0728	10.562
	19.1455	14.5641
	-8.78172	16.7532
	32.0728	11.3383
	11.6091	12.5034
	25.6091	13.0513
	12.1455	14.3218
	-4.24534	18.2606
	8.14552	14.1815
	-22.1726	20.2979
	-12.2453	18.0402
	-3.70896	19.5506
	-21.709	19.0847
	-12.7817	16.6334
	-4.78172	16.8722
	17.6091	12.7411
	-8.78172	16.7532
	-8.24534	18.1507
	11.6091	12.5034
	-0.78172	16.9903
	8.14552	14.1815
	6.21828	17.1951
	-13.2453	18.0125
	12.6091	12.5433
	-1.85448	13.8244
	16.6091	12.7018
	18.1455	14.5297
	-0.3181	15.5207
	-1.78172	16.9608
	-12.2453	18.0402
	24.6091	13.0129
	28.5364	8.76233
	21.0728	10.8424
	-17.2453	17.9011
	8.60914	12.3829
	0.6819	15.5529
	-21.2453	17.789
	4.21828	17.1368
	-12.2453	18.0402
	16.6091	12.7018
	22.0728	10.8884
	-3.24534	18.2879
	39	6.245
	-12.3181	15.1292
	30	5.47723
	9.60914	12.4232
	25.0728	11.0253
	2.6819	15.617
	16.6091	12.7018
	24.5364	8.53102
	14.6091	12.6228
	17.1455	14.4953
	33.6091	13.3542
	0.82742	20.8568
	44.1455	15.3985
	-2.17258	20.7847
	11.2183	17.3398
	18.6091	12.7803
	-9.24534	18.1232
	-0.3181	15.5207
	-13.709	19.2932
	0.14552	13.8965
	1.6819	15.585
	12.1455	14.3218
	-8.3181	15.2608
	19.6091	12.8193
	16.1455	14.4608
	-18.2453	17.8731
	3.75466	18.4783
	2.6819	15.617
	21.1455	14.6326
	0.6819	15.5529
	23.6091	12.9744
	8.14552	14.1815
	-7.78172	16.783
	24.0728	10.9798
	-2.78172	16.9313
	-4.24534	18.2606
	-3.78172	16.9018
	-9.78172	16.7233
	-25.709	18.9796
	9.14552	14.2167
	3.6819	15.649
	13.1455	14.3567
	-5.3181	15.3588
	-19.709	19.1371
	-6.3181	15.3262
	-12.7817	16.6334
	8.14552	14.1815
	20.6819	16.1831
	5.75466	18.5324
	1.3638	21.9951
	-2.02706	25.0024
	1.97294	25.0822
	34.3638	22.7329
	14.3638	22.2886
	-24.4179	27.3396
	-13.5634	23.7769
	45.0728	11.8978
	-31.0998	22.3509
	20.1455	14.5984
	18.6091	12.7803
	-3.78172	16.9018
	-8.24534	18.1507
	-1.78172	16.9608
	41.6091	13.6505
	8.21828	17.2531
	10.6091	12.4634
	22.0728	10.8884
	18.6091	12.7803
	11.0728	10.371
	-7.78172	16.783
	-16.2453	17.929
	1.14552	13.9325
	12.0728	10.4191
	15.0728	10.562
	4.6819	15.6809
	26.0728	11.0705
	34.5364	9.09826
	2.6819	15.617
	-15.2453	17.9569
	-10.3181	15.1951
	13.6091	12.5831
	-3.85448	13.7519
	-19.1726	20.3717
	2.6819	15.617
	18.0728	10.7031
	22.0728	10.8884
	-6.78172	16.8128
	3.6819	15.649
	-33.6362	21.1845
	9.60914	12.4232
	22.6091	12.9358
	8.14552	14.1815
	4.6819	15.6809
	26.5364	8.64745
	27.5364	8.70508
	13.1455	14.3567
	8.14552	14.1815
	11.6091	12.5034
	-2.85448	13.7882
	31	5.56776
	13.6091	12.5831
	-3.78172	16.9018
	-1.85448	13.8244
	-8.78172	16.7532
	17.6091	12.7411
	-4.3181	15.3913
	16.6091	12.7018
	-12.7817	16.6334
	8.14552	14.1815
	11.1455	14.2868
	5.60914	12.2611
	-13.2453	18.0125
	30.0728	11.2497
	-12.2453	18.0402
	-11.7817	16.6634
	11.1455	14.2868
	5.6819	15.7128
	25.5364	8.58943
	4.60914	12.2203
	18.0728	10.7031
	8.60914	12.3829
	1.14552	13.9325
	12.6819	15.934
	14.6091	12.6228
	5.14552	14.0753
	17.0728	10.6563
	21.0728	10.8424
	-2.3181	15.4561
	2.60914	12.1382
	5.14552	14.0753
	-4.3181	15.3913
	-7.3181	15.2935
	-13.2453	18.0125
	1.6819	15.585
	2.6819	15.617
	-17.2453	17.9011
	-19.2453	17.8451
	20.6091	12.8583
	21.5364	8.35335
	26.6091	13.0895
	20.6091	12.8583
	17.6819	16.0901
	24.6091	13.0129
	11.2183	17.3398
	16.6819	16.059
	6.14552	14.1108
	-1.3181	15.4884
	-2.3181	15.4561
	15.0728	10.562
	-12.7817	16.6334
	-2.85448	13.7882
	-19.709	19.1371
	10.0728	10.3226
	12.6091	12.5433
	26.5364	8.64745
	15.6091	12.6624
	-1.85448	13.8244
	19.6091	12.8193
	13.1455	14.3567
	1.6819	15.585
	6.21828	17.1951
	-20.2453	17.8171
	28.5364	8.76233
	3.07276	9.97781
	2.14552	13.9683
	9.07276	10.2741
	7.60914	12.3424
	12.6091	12.5433
	-10.7817	16.6934
	11.6091	12.5034
	-11.3181	15.1622
	23.6091	12.9744
	-33.1726	20.0251
	-1.78172	16.9608
	8.07276	10.2253
	-19.7817	16.4216
	15.0728	10.562
	0.14552	13.8965
	18.5364	8.1718
	11.6091	12.5034
	-1.3181	15.4884
	12.0728	10.4191
	1.14552	13.9325
	5.14552	14.0753
	-19.2453	17.8451
	13.0728	10.4669
	7.14552	14.1461
	-22.2453	17.7609
	2.60914	12.1382
	-2.85448	13.7882
	20.0728	10.7961
	14.0728	10.5146
	10.0728	10.3226
	6.14552	14.1108
	-19.2453	17.8451
	-7.85448	13.6056
	-0.39086	12.014
	8.60914	12.3829
	8.14552	14.1815
	18.6091	12.7803
	-0.85448	13.8605
	12.6091	12.5433
	-2.85448	13.7882
	-38.6362	21.0662
	22.5364	8.41299
	10.6091	12.4634
	10.6091	12.4634
	12.0728	10.4191
	-7.78172	16.783
	6.07276	10.127
	9.07276	10.2741
	6.14552	14.1108
	6.60914	12.3018
	15.0728	10.562
	0.6819	15.5529
	5.07276	10.0775
	-0.3181	15.5207
	23.5364	8.47221
	-1.85448	13.8244
	5.60914	12.2611
	8.07276	10.2253
	6.60914	12.3018
	15.0728	10.562
	15.0728	10.562
	12.0728	10.4191
	-3.3181	15.4237
	1.60914	12.0969
	-4.78172	16.8722
	8.07276	10.2253
	-12.7817	16.6334
	0.14552	13.8965
	15.0728	10.562
	15.6091	12.6624
	4.60914	12.2203
	10.0728	10.3226
	6.07276	10.127
	25.5364	8.58943
	14.0728	10.5146
	-0.39086	12.014
	1.60914	12.0969
	-5.3181	15.3588
	8.07276	10.2253
	16.0728	10.6093
	2.14552	13.9683
	2.60914	12.1382
	8.07276	10.2253
	-18.7817	16.4521
	-1.3181	15.4884
	1.14552	13.9325
	20.0728	10.7961
	2.14552	13.9683
	2.14552	13.9683
	-10.7817	16.6934
	-0.39086	12.014
	16.0728	10.6093
	-18.7817	16.4521
	-12.3181	15.1292
	1.6819	15.585
	21.0728	10.8424
	8.60914	12.3829
	5.07276	10.0775
	-9.85448	13.5319
	8.60914	12.3829
	0.14552	13.8965
	-13.7817	16.6033
	24.5364	8.53102
	-29.1726	20.1247
	27	5.19615
	-24.709	19.006
	-17.709	19.1892
	11.1455	14.2868
	-4.3181	15.3913
	13.6819	15.9653
	-15.7817	16.543
	27.0728	11.1156
	11.0728	10.371
	22.6091	12.9358
	13.1455	14.3567
	7.6819	15.7763
	9.14552	14.2167
	-24.0998	22.5069
	19.6091	12.8193
	4.6819	15.6809
	-4.78172	16.8722
	-21.709	19.0847
	-27.709	18.9269
	10.0728	10.3226
	-5.85448	13.6789
	27.0728	11.1156
	-0.3181	15.5207
	30.6091	13.2414
	7.21828	17.2241
	63.0728	12.6316
	21.8274	21.3543
	-2.02706	25.0024
	-1.02706	25.0224
	-9.09982	22.8377
	28.2183	17.8233
	0.21828	17.0197
	-18.2453	17.8731
	-7.78172	16.783
	-4.24534	18.2606
	16.6091	12.7018
	16.6819	16.059
	23.2183	17.6825
	-18.4179	27.4491
	40.3638	22.8645
	93.9002	24.9912
	-57.5177	35.2848
	72.5093	27.3477
	-53.445	36.6821
	-57.1996	31.6879
	-5.09982	22.9251
	-23.0998	22.5291
	-39.0998	22.1712
	24.1455	14.7348
	-3.78172	16.9018
	9.14552	14.2167
	6.60914	12.3018
	-14.7817	16.5732
	3.14552	14.0041
	14.0728	10.5146
	-27.2453	17.6196
	-21.2453	17.789
	7.60914	12.3424
	4.60914	12.2203
	-15.2453	17.9569
	4.14552	14.0397
	4.6819	15.6809
	2.6819	15.617
	11.1455	14.2868
	16.6091	12.7018
	13.6091	12.5831
	5.6819	15.7128
	2.14552	13.9683
	0.14552	13.8965
	-22.709	19.0585
	11.5364	7.73165
	-18.3181	14.9296
	9.60914	12.4232
	10.0728	10.3226
	8.60914	12.3829
	9.60914	12.4232
	-13.3181	15.0961
	-9.3181	15.228
	1.14552	13.9325
	1.14552	13.9325
	4.14552	14.0397
	-11.3181	15.1622
	15.5364	7.98614
	12.0728	10.4191
	11.5364	7.73165
	-9.3181	15.228
	-13.7817	16.6033
	2.60914	12.1382
	-2.3181	15.4561
	17.0728	10.6563
	17.5364	8.11039
	14.5364	7.92328
	-1.85448	13.8244
	-9.3181	15.228
	-0.39086	12.014
	-1.85448	13.8244
	14.5364	7.92328
	-0.85448	13.8605
	-7.3181	15.2935
	11.5364	7.73165
	0.14552	13.8965
	4.60914	12.2203
	-14.7817	16.5732
	4.60914	12.2203
	33	5.74456
	-6.3181	15.3262
	10.5364	7.66671
	-7.85448	13.6056
	11.6091	12.5034
	11.6091	12.5034
	-3.3181	15.4237
	6.07276	10.127
	-9.3181	15.228
	22.5364	8.41299
	11.6091	12.5034
	24.0728	10.9798
	-9.3181	15.228
	17.0728	10.6563
	2.14552	13.9683
	-6.85448	13.6423
	13.5364	7.85992
	-38.1726	19.8999
	13.0728	10.4669
	23.5364	8.47221
	-6.24534	18.2057
	1.21828	17.0491
	26.6091	13.0895
	0.75466	18.397
	-15.0998	22.706
	-5.24534	18.2332
	-47.5634	23.0508
	-2.78172	16.9313
	-0.3181	15.5207
	17.0728	10.6563
	-29.709	18.874
	-3.39086	11.8884
	18.5364	8.1718
	-14.7817	16.5732
	-11.7817	16.6634
	9.60914	12.4232
	26	5.09902
	24.5364	8.53102
	1.14552	13.9325
	11.0728	10.371
	-7.3181	15.2935
	4.60914	12.2203
	3.60914	12.1793
	-6.3181	15.3262
	-4.3181	15.3913
	5.60914	12.2611
	-2.39086	11.9304
	2.60914	12.1382
	-11.3181	15.1622
	23.5364	8.47221
	3.6819	15.649
	0.6819	15.5529
	8.6819	15.808
	33.1455	15.0371
	-13.709	19.2932
	10.2183	17.311
	4.6819	15.6809
	-11.7817	16.6634
	7.14552	14.1461
	-16.3181	14.9964
	-9.3181	15.228
	3.07276	9.97781
	-6.85448	13.6423
	10.0728	10.3226
	-14.3181	15.0629
	8.14552	14.1815
	3.60914	12.1793
	-10.8545	13.4949
	-16.7817	16.5127
	-3.39086	11.8884
	-3.39086	11.8884
	-2.85448	13.7882
	-15.3181	15.0297
	3.14552	14.0041
	17	4.12311
	-15.2453	17.9569
	12.1455	14.3218
	30.5364	8.87572
	2.14552	13.9683
	-1.3181	15.4884
	-5.85448	13.6789
	-7.3181	15.2935
	19.5364	8.23276
	2.60914	12.1382
	26	5.09902
	14.5364	7.92328
	8.07276	10.2253
	-0.85448	13.8605
	-7.85448	13.6056
	3.60914	12.1793
	11.0728	10.371
	-15.7817	16.543
	-2.39086	11.9304
	-2.85448	13.7882
	18.5364	8.1718
	6.60914	12.3018
	3.60914	12.1793
	-3.39086	11.8884
	2.60914	12.1382
	-7.3181	15.2935
	10.6091	12.4634
	-8.85448	13.5688
	3.14552	14.0041
	-8.85448	13.5688
	2.60914	12.1382
	-9.39086	11.6334
	8.07276	10.2253
	4.07276	10.0278
	-1.92724	9.72403
	16.5364	8.0485
	1.60914	12.0969
	11.0728	10.371
	11.0728	10.371
	5.07276	10.0775
	11.5364	7.73165
	23	4.79583
	5.07276	10.0775
	28	5.2915
	-4.85448	13.7154
	-13.7817	16.6033
	13.5364	7.85992
	12.0728	10.4191
	-18.7817	16.4521
	20.5364	8.29327
	3.07276	9.97781
	3.60914	12.1793
	8.07276	10.2253
	-1.39086	11.9723
	-6.3181	15.3262
	-9.85448	13.5319
	5.07276	10.0775
	13.5364	7.85992
	9.07276	10.2741
	-25.709	18.9796
	-15.3181	15.0297
	-3.85448	13.7519
	-16.3181	14.9964
	2.60914	12.1382
	5.07276	10.0775
	-18.7817	16.4521
	16.0728	10.6093
	2.07276	9.92758
	1.14552	13.9325
	7.14552	14.1461
	27.0728	11.1156
	15.1455	14.4261
	12.1455	14.3218
	2.75466	18.4513
	-15.6362	21.6052
	22.6819	16.2448
	-4.3181	15.3913
	12.0728	10.4191
	3.60914	12.1793
	-2.85448	13.7882
	18.5364	8.1718
	-3.85448	13.7519
	-15.3181	15.0297
	-1.39086	11.9723
	0.60914	12.0555
	0.60914	12.0555
	-24.2453	17.7045
	16	4
	-3.39086	11.8884
	8.53638	7.53514
	4.14552	14.0397
	-20.3181	14.8624
	9.07276	10.2741
	-3.39086	11.8884
	-6.3181	15.3262
	10.5364	7.66671
	-0.85448	13.8605
	-20.7817	16.3912
	-13.3181	15.0961
	17	4.12311
	6.07276	10.127
	-14.3181	15.0629
	-9.85448	13.5319
	14.5364	7.92328
	-10.8545	13.4949
	-9.3181	15.228
	-4.39086	11.8463
	4.60914	12.2203
	7.07276	10.1763
	-0.39086	12.014
	0.60914	12.0555
	10.0728	10.3226
	-12.7817	16.6334
	-6.85448	13.6423
	-5.85448	13.6789
	-4.85448	13.7154
	0.60914	12.0555
	-20.7817	16.3912
	15.5364	7.98614
	-2.39086	11.9304
	-3.39086	11.8884
	15.5364	7.98614
	10.5364	7.66671
	18.5364	8.1718
	8.07276	10.2253
	-9.3181	15.228
	8.07276	10.2253
	5.60914	12.2611
	-9.85448	13.5319
	10.0728	10.3226
	16	4
	-10.8545	13.4949
	9.07276	10.2741
	4.07276	10.0278
	14.0728	10.5146
	10.0728	10.3226
	3.60914	12.1793
	9.53638	7.60121
	-24.7817	16.2687
	1.60914	12.0969
	11.5364	7.73165
	-2.3181	15.4561
	7.60914	12.3424
	8.60914	12.3829
	1.60914	12.0969
	-6.24534	18.2057
	9.60914	12.4232
	-4.39086	11.8463
	14.0728	10.5146
	4.07276	10.0278
	-5.85448	13.6789
	15.5364	7.98614
	7.07276	10.1763
	-9.85448	13.5319
	-1.85448	13.8244
	-10.3181	15.1951
	-3.39086	11.8884
	13.0728	10.4669
	10	3.16228
	-6.3181	15.3262
	9.07276	10.2741
	9.53638	7.60121
	3.07276	9.97781
	-17.7817	16.4824
	-3.85448	13.7519
	12.0728	10.4191
	5.07276	10.0775
	10.0728	10.3226
	-4.3181	15.3913
	7.60914	12.3424
	-13.3181	15.0961
	-11.3181	15.1622
	9.60914	12.4232
	9.07276	10.2741
	21.0728	10.8424
	-1.3181	15.4884
	-11.3181	15.1622
	2.60914	12.1382
	-13.7817	16.6033
	9.07276	10.2741
	13.0728	10.4669
	-17.3181	14.963
	8.53638	7.53514
	-5.39086	11.804
	15	3.87298
	-20.7817	16.3912
	10.5364	7.66671
	20	4.47214
	-22.7817	16.33
	4.07276	10.0278
	-5.39086	11.804
	-7.85448	13.6056
	13.0728	10.4669
	8.53638	7.53514
	14	3.74166
	-8.3181	15.2608
	-16.3181	14.9964
	-8.39086	11.6763
	14.5364	7.92328
	5.53638	7.33337
	-6.39086	11.7616
	-1.39086	11.9723
	6.60914	12.3018
	2.07276	9.92758
	11.5364	7.73165
	1.60914	12.0969
	-5.39086	11.804
	-1.85448	13.8244
	5.07276	10.0775
	14.5364	7.92328
	-5.85448	13.6789
	-3.39086	11.8884
	12	3.4641
	17.5364	8.11039
	-13.8545	13.3833
	12.5364	7.79605
	3.07276	9.97781
	6.60914	12.3018
	-7.39086	11.719
	2.60914	12.1382
	-4.39086	11.8463
	-0.92724	9.77531
	-2.85448	13.7882
	-1.39086	11.9723
	-10.3181	15.1951
	8.07276	10.2253
	-3.39086	11.8884
	16.5364	8.0485
	-14.8545	13.3459
	-1.39086	11.9723
	13.5364	7.85992
	13.5364	7.85992
	-2.39086	11.9304
	12	3.4641
	1.60914	12.0969
	2.07276	9.92758
	-0.39086	12.014
	14.5364	7.92328
	14.5364	7.92328
	-7.85448	13.6056
	-15.3181	15.0297
	-8.85448	13.5688
	-31.2453	17.5057
	-0.92724	9.77531
	-8.85448	13.5688
	21	4.58258
	0.60914	12.0555
	-8.39086	11.6763
	-17.3181	14.963
	14.5364	7.92328
	-2.85448	13.7882
	1.07276	9.87708
	-7.39086	11.719
	-1.85448	13.8244
	10.0728	10.3226
	5.07276	10.0775
	-4.39086	11.8463
	11.0728	10.371
	-5.85448	13.6789
	14.5364	7.92328
	-45.1726	19.7232
	-0.92724	9.77531
	13.5364	7.85992
	-9.85448	13.5319
	-4.39086	11.8463
	9.53638	7.60121
	17	4.12311
	11.0728	10.371
	-5.85448	13.6789
	-5.85448	13.6789
	-1.39086	11.9723
	-5.85448	13.6789
	-1.39086	11.9723
	1.07276	9.87708
	8.07276	10.2253
	-1.39086	11.9723
	9.07276	10.2741
	11.0728	10.371
	1.14552	13.9325
	13.1455	14.3567
	16.6819	16.059
	22.2183	17.6542
	-13.5634	23.7769
	25.3638	22.5341
	34.291	20.4994
	-8.49068	25.8244
	-30.4179	27.2297
	0.75466	18.397
	-9.24534	18.1232
	3.14552	14.0041
	-5.3181	15.3588
	-3.39086	11.8884
	-8.85448	13.5688
	-1.85448	13.8244
	-1.39086	11.9723
	19	4.3589
	-4.85448	13.7154
	12.5364	7.79605
	6.07276	10.127
	13.5364	7.85992
	12.0728	10.4191
	0.0727601	9.82633
	21	4.58258
	15	3.87298
	8.53638	7.53514
	13.5364	7.85992
	11	3.31662
	3.07276	9.97781
	7.53638	7.46849
	1.07276	9.87708
	10.5364	7.66671
	0.60914	12.0555
	10.5364	7.66671
	7.53638	7.46849
	-12.8545	13.4206
	11	3.31662
	10.5364	7.66671
	2.60914	12.1382
	-21.3181	14.8288
	-21.7817	16.3606
	11.5364	7.73165
	11.0728	10.371
	2.53638	7.1259
	-8.3181	15.2608
	2.07276	9.92758
	-6.85448	13.6423
	9.53638	7.60121
	13.5364	7.85992
	22	4.69042
	26	5.09902
	-15.3181	15.0297
	7.53638	7.46849
	-0.39086	12.014
	-3.39086	11.8884
	10.5364	7.66671
	-8.85448	13.5688
	12	3.4641
	-6.39086	11.7616
	11.5364	7.73165
	13.5364	7.85992
	2.14552	13.9683
	12.5364	7.79605
	-8.39086	11.6763
	-20.3181	14.8624
	-4.39086	11.8463
	1.60914	12.0969
	-0.39086	12.014
	10.0728	10.3226
	-1.39086	11.9723
	13.5364	7.85992
	3.07276	9.97781
	12.5364	7.79605
	-16.3181	14.9964
	-12.3181	15.1292
	2.07276	9.92758
	-12.8545	13.4206
	-2.39086	11.9304
	-4.85448	13.7154
	-11.8545	13.4578
	0.60914	12.0555
	19	4.3589
	7.07276	10.1763
	-7.85448	13.6056
	10.5364	7.66671
	12.0728	10.4191
	0.0727601	9.82633
	7.53638	7.46849
	13	3.60555
	-10.3181	15.1951
	-32.2453	17.4771
	18.0728	10.7031
	-0.39086	12.014
	9.53638	7.60121
	1.07276	9.87708
	-7.85448	13.6056
	-5.3181	15.3588
	-9.85448	13.5319
	14.0728	10.5146
	-4.39086	11.8463
	-0.39086	12.014
	-13.3181	15.0961
	5.07276	10.0775
	11.0728	10.371
	1.60914	12.0969
	14.1455	14.3914
	50.0728	12.1061
	69.6819	17.6321
	86.9002	24.8508
	101.264	33.3818
	144.555	39.2883
	40.819	49.527
	66.9645	51.6917
	48.2826	49.1135
	-34.6446	49.2514
	-27.6176	42.4921
	-11.1996	32.4056
	23.3638	22.4896
	-42.5634	23.159
	-28.709	18.9005
	-13.7817	16.6033
	-9.85448	13.5319
	7.07276	10.1763
	-2.39086	11.9304
	4.07276	10.0278
	-8.85448	13.5688
	7.07276	10.1763
	-0.92724	9.77531
	12.5364	7.79605
	17.5364	8.11039
	0.60914	12.0555
	-1.39086	11.9723
	-6.85448	13.6423
	16.5364	8.0485
	-22.3181	14.795
	-0.92724	9.77531
	5.53638	7.33337
	5.07276	10.0775
	3.07276	9.97781
	11.5364	7.73165
	3.07276	9.97781
	12.5364	7.79605
	-2.39086	11.9304
	-23.3181	14.7612
	2.07276	9.92758
	6.60914	12.3018
	-12.8545	13.4206
	11.5364	7.73165
	-4.85448	13.7154
	7.53638	7.46849
	1.07276	9.87708
	0.0727601	9.82633
	-7.39086	11.719
	3.07276	9.97781
	-2.92724	9.67247
	23	4.79583
	12	3.4641
	6.07276	10.127
	12.5364	7.79605
	5.60914	12.2611
	3.07276	9.97781
	4.07276	10.0278
	5.07276	10.0775
	5.53638	7.33337
	7.07276	10.1763
	-15.8545	13.3084
	-1.39086	11.9723
	-13.8545	13.3833
	15	3.87298
	-9.85448	13.5319
	7.53638	7.46849
	-7.3181	15.2935
	-12.8545	13.4206
	7.53638	7.46849
	2.07276	9.92758
	10.5364	7.66671
	-1.92724	9.72403
	-2.39086	11.9304
	-8.85448	13.5688
	7.53638	7.46849
	-6.39086	11.7616
	4.07276	10.0278
	0.60914	12.0555
	-26.7817	16.2071
	-14.3181	15.0629
	-12.8545	13.4206
	1.07276	9.87708
	-11.8545	13.4578
	11.5364	7.73165
	-1.39086	11.9723
	0.0727601	9.82633
	2.07276	9.92758
	0.0727601	9.82633
	-4.39086	11.8463
	-3.39086	11.8884
	-1.92724	9.72403
	-19.3181	14.896
	3.60914	12.1793
	5.53638	7.33337
	9.53638	7.60121
	5.53638	7.33337
	10.5364	7.66671
	-0.85448	13.8605
	22	4.69042
	7.07276	10.1763
	2.07276	9.92758
	5.53638	7.33337
	9.53638	7.60121
	13.5364	7.85992
	-1.92724	9.72403
	5.07276	10.0775
	17	4.12311
	-8.39086	11.6763
	0.0727601	9.82633
	4.07276	10.0278
	-14.8545	13.3459
	11.5364	7.73165
	9.53638	7.60121
	-1.39086	11.9723
	-10.3909	11.5903
	6.07276	10.127
	10.5364	7.66671
	22	4.69042
	8	2.82843
	-2.85448	13.7882
	-3.39086	11.8884
	1.53638	7.05538
	-6.85448	13.6423
	7.07276	10.1763
	6.07276	10.127
	7.53638	7.46849
	-10.8545	13.4949
	2.07276	9.92758
	-7.39086	11.719
	-24.7817	16.2687
	11.5364	7.73165
	-5.39086	11.804
	4.07276	10.0278
	13.5364	7.85992
	10.5364	7.66671
	5.07276	10.0775
	17	4.12311
	5.53638	7.33337
	-14.3181	15.0629
	9.53638	7.60121
	-9.85448	13.5319
	-4.39086	11.8463
	4.07276	10.0278
	15	3.87298
	-7.39086	11.719
	2.53638	7.1259
	11.5364	7.73165
	10.5364	7.66671
	-11.8545	13.4578
	-16.8545	13.2708
	-14.8545	13.3459
	9.07276	10.2741
	-9.85448	13.5319
	0.0727601	9.82633
	1.60914	12.0969
	1.07276	9.87708
	6.07276	10.127
	15	3.87298
	-15.3181	15.0297
	-9.39086	11.6334
	-0.39086	12.014
	-6.39086	11.7616
	0.60914	12.0555
	-5.39086	11.804
	-11.3181	15.1622
	13	3.60555
	-14.3181	15.0629
	13.5364	7.85992
	16	4
	1.53638	7.05538
	10.5364	7.66671
	1.07276	9.87708
	12	3.4641
	3.07276	9.97781
	-2.39086	11.9304
	5.53638	7.33337
	1.60914	12.0969
	-8.85448	13.5688
	2.07276	9.92758
	16	4
	-2.92724	9.67247
	-0.92724	9.77531
	0.53638	6.98415
	-16.3181	14.9964
	0.0727601	9.82633
	-12.8545	13.4206
	8.07276	10.2253
	17.5364	8.11039
	10.5364	7.66671
	-13.8545	13.3833
	2.07276	9.92758
	0.0727601	9.82633
	-14.8545	13.3459
	-16.3181	14.9964
	8.53638	7.53514
	3.07276	9.97781
	-13.8545	13.3833
	14.5364	7.92328
	-3.39086	11.8884
	1.60914	12.0969
	6.07276	10.127
	1.14552	13.9325
	-4.85448	13.7154
	-30.2453	17.5342
	-6.39086	11.7616
	-9.85448	13.5319
	-8.39086	11.6763
	4.07276	10.0278
	5.53638	7.33337
	15.5364	7.98614
	4.60914	12.2203
	15.5364	7.98614
	14.0728	10.5146
	0.0727601	9.82633
	5.53638	7.33337
	-28.2453	17.5912
	8.07276	10.2253
	19	4.3589
	-14.3181	15.0629
	-2.39086	11.9304
	5.07276	10.0775
	19	4.3589
	8.07276	10.2253
	8.53638	7.53514
	5.07276	10.0775
	-13.8545	13.3833
	7.07276	10.1763
	-15.3181	15.0297
	10.0728	10.3226
	-20.3181	14.8624
	23.5364	8.47221
	16.5364	8.0485
	-9.3181	15.228
	4.60914	12.2203
	10.5364	7.66671
	-26.709	18.9533
	-8.3181	15.2608
	-7.85448	13.6056
	4.60914	12.2203
	0.60914	12.0555
	12.0728	10.4191
	4.07276	10.0278
	18.5364	8.1718
	-16.8545	13.2708
	1.60914	12.0969
	-0.39086	12.014
	14.0728	10.5146
	-2.39086	11.9304
	-2.39086	11.9304
	-5.39086	11.804
	-1.39086	11.9723
	4.53638	7.26487
	1.60914	12.0969
	-20.7817	16.3912
	9.53638	7.60121
	-9.78172	16.7233
	17.0728	10.6563
	21.0728	10.8424
	7.6819	15.7763
	26.6091	13.0895
	-26.4907	25.4735
	19.2183	17.569
	-15.0998	22.706
	-6.70896	19.4738
	-22.5634	23.5869
	21.0728	10.8424
	4.60914	12.2203
	22.5364	8.41299
	26	5.09902
	-11.8545	13.4578
	16	4
	15.5364	7.98614
	7.53638	7.46849
	14	3.74166
	14	3.74166
	6.53638	7.40124
	8.53638	7.53514
	9.53638	7.60121
	13.5364	7.85992
	-4.39086	11.8463
	3.07276	9.97781
	-10.8545	13.4949
	2.07276	9.92758
	-9.39086	11.6334
	-3.92724	9.62064
	0.0727601	9.82633
	-30.2453	17.5342
	-9.39086	11.6334
	1.07276	9.87708
	-21.7817	16.3606
	2.07276	9.92758
	-14.8545	13.3459
	-7.85448	13.6056
	4.07276	10.0278
	3.07276	9.97781
	12.5364	7.79605
	9.53638	7.60121
	-9.39086	11.6334
	-15.3181	15.0297
	-4.39086	11.8463
	-7.85448	13.6056
	-9.85448	13.5319
	19	4.3589
	0.0727601	9.82633
	6.07276	10.127
	-5.92724	9.51613
	-9.39086	11.6334
	-9.85448	13.5319
	5.07276	10.0775
	1.07276	9.87708
	8.53638	7.53514
	-31.2453	17.5057
	10.5364	7.66671
	0.0727601	9.82633
	12.5364	7.79605
	3.07276	9.97781
	10	3.16228
	11.0728	10.371
	-19.3181	14.896
	12.0728	10.4191
	-20.2453	17.8171
	9.07276	10.2741
	10.5364	7.66671
	13.5364	7.85992
	-12.3181	15.1292
	-6.39086	11.7616
	2.07276	9.92758
	8	2.82843
	-2.92724	9.67247
	13	3.60555
	4.07276	10.0278
	-5.39086	11.804
	3.60914	12.1793
	-1.85448	13.8244
	-10.3181	15.1951
	-7.39086	11.719
	7.07276	10.1763
	-2.85448	13.7882
	13.0728	10.4669
	-6.85448	13.6423
	7.07276	10.1763
	6.60914	12.3018
	-7.39086	11.719
	5.60914	12.2611
	-21.7817	16.3606
	19.0728	10.7497
	10.5364	7.66671
	-8.85448	13.5688
	9.53638	7.60121
	18.5364	8.1718
	9.07276	10.2741
	-6.39086	11.7616
	-4.39086	11.8463
	29	5.38516
	14.5364	7.92328
	6.53638	7.40124
	2.07276	9.92758
	-2.39086	11.9304
	4.07276	10.0278
	16	4
	9.53638	7.60121
	18	4.24264
	2.07276	9.92758
	7.07276	10.1763
	11	3.31662
	-15.8545	13.3084
	6.07276	10.127
	15	3.87298
	-4.39086	11.8463
	-21.3181	14.8288
	-11.8545	13.4578
	9.53638	7.60121
	3.07276	9.97781
	-0.39086	12.014
	-2.92724	9.67247
	15.5364	7.98614
	-0.92724	9.77531
	-1.85448	13.8244
	-5.85448	13.6789
	-5.85448	13.6789
	-7.85448	13.6056
	-8.85448	13.5688
	-2.92724	9.67247
	12.5364	7.79605
	16	4
	6.53638	7.40124
	-13.8545	13.3833
	0.0727601	9.82633
	-4.39086	11.8463
	0.60914	12.0555
	-12.3181	15.1292
	-8.85448	13.5688
	11.0728	10.371
	-3.85448	13.7519
	-3.92724	9.62064
	-11.3181	15.1622
	13.5364	7.85992
	-12.8545	13.4206
	4.07276	10.0278
	10.0728	10.3226
	-6.85448	13.6423
	2.07276	9.92758
	6.60914	12.3018
	6.53638	7.40124
	-2.92724	9.67247
	4.53638	7.26487
	-12.3909	11.5037
	0.60914	12.0555
	-3.39086	11.8884
	2.60914	12.1382
	0.60914	12.0555
	-6.85448	13.6423
	7.60914	12.3424
	-6.39086	11.7616
	-21.7817	16.3606
	11.5364	7.73165
	-1.39086	11.9723
	-9.85448	13.5319
	7.60914	12.3424
	11.5364	7.73165
	-3.39086	11.8884
	-13.3181	15.0961
	11.5364	7.73165
	0.0727601	9.82633
	7	2.64575
	-10.8545	13.4949
	-6.39086	11.7616
	-4.85448	13.7154
	-1.92724	9.72403
	-18.7817	16.4521
	1.60914	12.0969
	-17.3181	14.963
	5.53638	7.33337
	-9.85448	13.5319
	-4.92724	9.56853
	-2.39086	11.9304
	-7.39086	11.719
	4.53638	7.26487
	-10.8545	13.4949
	6.07276	10.127
	-14.3181	15.0629
	7.07276	10.1763
	-4.39086	11.8463
	-0.39086	12.014
	5.53638	7.33337
	9.53638	7.60121
	3.07276	9.97781
	-1.39086	11.9723
	0.0727601	9.82633
	-17.7817	16.4824
	9.07276	10.2741
	-15.8545	13.3084
	-1.39086	11.9723
	-1.39086	11.9723
	2.53638	7.1259
	-6.85448	13.6423
	13.5364	7.85992
	-25.7817	16.2379
	-1.92724	9.72403
	-7.39086	11.719
	2.07276	9.92758
	-15.3181	15.0297
	14	3.74166
	5.07276	10.0775
	10.5364	7.66671
	1.60914	12.0969
	4.07276	10.0278
	-4.39086	11.8463
	14	3.74166
	1.07276	9.87708
	-6.39086	11.7616
	12.0728	10.4191
	16	4
	-11.8545	13.4578
	11.5364	7.73165
	-1.39086	11.9723
	-14.3181	15.0629
	-1.92724	9.72403
	15.5364	7.98614
	-4.39086	11.8463
	5.07276	10.0775
	6.07276	10.127
	-2.39086	11.9304
	-10.8545	13.4949
	-1.39086	11.9723
	14	3.74166
	-10.3909	11.5903
	10.5364	7.66671
	-7.39086	11.719
	1.07276	9.87708
	-0.92724	9.77531
	-1.39086	11.9723
	5.07276	10.0775
	1.53638	7.05538
	-6.85448	13.6423
	-0.92724	9.77531
	-8.39086	11.6763
	21	4.58258
	5.07276	10.0775
	-6.39086	11.7616
	1.07276	9.87708
	-15.3181	15.0297
	12	3.4641
	-5.39086	11.804
	15	3.87298
	0.0727601	9.82633
	5.53638	7.33337
	0.60914	12.0555
	5.53638	7.33337
	9	3
	17	4.12311
	-24.7817	16.2687
	-1.85448	13.8244
	-8.39086	11.6763
	5.07276	10.0775
	16.5364	8.0485
	3.60914	12.1793
	-26.7817	16.2071
	-4.39086	11.8463
	-2.92724	9.67247
	-1.39086	11.9723
	-13.8545	13.3833
	-1.92724	9.72403
	12.5364	7.79605
	3.07276	9.97781
	-18.7817	16.4521
	1.07276	9.87708
	15.5364	7.98614
	9.53638	7.60121
	-6.85448	13.6423
	-3.39086	11.8884
	16	4
	9.53638	7.60121
	12.0728	10.4191
	-15.7817	16.543
	11.0728	10.371
	17.5364	8.11039
	6.53638	7.40124
	9.07276	10.2741
	14	3.74166
	28	5.2915
	0.53638	6.98415
	5.53638	7.33337
	12.5364	7.79605
	-25.7817	16.2379
	-8.39086	11.6763
	11.5364	7.73165
	-16.3181	14.9964
	14	3.74166
	2.07276	9.92758
	2.07276	9.92758
	1.07276	9.87708
	17.5364	8.11039
	16.5364	8.0485
	6.07276	10.127
	-4.39086	11.8463
	8.53638	7.53514
	11.5364	7.73165
	25	5
	7.53638	7.46849
	-0.39086	12.014
	2.07276	9.92758
	5.07276	10.0775
	5.07276	10.0775
	0.0727601	9.82633
	4.07276	10.0278
	-3.39086	11.8884
	-6.85448	13.6423
	3.07276	9.97781
	-12.8545	13.4206
	0.0727601	9.82633
	8.07276	10.2253
	14.5364	7.92328
	-3.39086	11.8884
	-2.39086	11.9304
	1.60914	12.0969
	6.53638	7.40124
	21	4.58258
	19	4.3589
	4.07276	10.0278
	0.0727601	9.82633
	-16.8545	13.2708
	10.6091	12.4634
	0.0727601	9.82633
	2.53638	7.1259
	16	4
	-0.92724	9.77531
	5.07276	10.0775
	10.0728	10.3226
	21	4.58258
	-10.8545	13.4949
	1.07276	9.87708
	3.60914	12.1793
	20	4.47214
	-18.3181	14.9296
	-6.39086	11.7616
	19	4.3589
	-5.39086	11.804
	-0.39086	12.014
	13.5364	7.85992
	21	4.58258
	-1.39086	11.9723
	-5.39086	11.804
	0.0727601	9.82633
	13.5364	7.85992
	11.0728	10.371
	24	4.89898
	13.5364	7.85992
	-3.85448	13.7519
	6.53638	7.40124
	10.5364	7.66671
	-4.39086	11.8463
	17	4.12311
	-0.92724	9.77531
	-2.39086	11.9304
	-13.8545	13.3833
	0.0727601	9.82633
	1.53638	7.05538
	-23.7817	16.2994
	4.07276	10.0278
	1.60914	12.0969
	7.53638	7.46849
	16.5364	8.0485
	2.07276	9.92758
	-9.85448	13.5319
	-2.39086	11.9304
	1.07276	9.87708
	-3.39086	11.8884
	-19.3181	14.896
	-5.39086	11.804
	-16.8545	13.2708
	8.53638	7.53514
	10.5364	7.66671
	20	4.47214
	8.53638	7.53514
	11	3.31662
	1.53638	7.05538
	3.07276	9.97781
	8.53638	7.53514
	0.60914	12.0555
	12	3.4641
	0.0727601	9.82633
	16	4
	-22.7817	16.33
	-19.7817	16.4216
	0.0727601	9.82633
	6.07276	10.127
	-4.39086	11.8463
	10.5364	7.66671
	7.53638	7.46849
	8.53638	7.53514
	-20.3181	14.8624
	3.53638	7.19572
	-6.39086	11.7616
	-5.92724	9.51613
	3.07276	9.97781
	8.53638	7.53514
	7.53638	7.46849
	-2.92724	9.67247
	-3.39086	11.8884
	17	4.12311
	7.53638	7.46849
	13.5364	7.85992
	-3.39086	11.8884
	-17.3181	14.963
	10.5364	7.66671
	-16.3181	14.9964
	-7.39086	11.719
	-6.39086	11.7616
	10	3.16228
	-7.39086	11.719
	-3.39086	11.8884
	-10.8545	13.4949
	-22.3181	14.795
	9.53638	7.60121
	1.07276	9.87708
	-4.39086	11.8463
	8.53638	7.53514
	1.07276	9.87708
	-1.39086	11.9723
	6.53638	7.40124
	0.0727601	9.82633
	8.53638	7.53514
	9.53638	7.60121
	-18.8545	13.1952
	12.5364	7.79605
	9.53638	7.60121
	11.5364	7.73165
	23	4.79583
	8.53638	7.53514
	7.53638	7.46849
	-2.92724	9.67247
	-6.39086	11.7616
	3.53638	7.19572
	14	3.74166
	6.07276	10.127
	9.07276	10.2741
	-13.3909	11.4602
	10	3.16228
	1.07276	9.87708
	2.07276	9.92758
	11.5364	7.73165
	6.07276	10.127
	19	4.3589
	10	3.16228
	14	3.74166
	19	4.3589
	-5.85448	13.6789
	-14.8545	13.3459
	-1.92724	9.72403
	-1.92724	9.72403
	5.53638	7.33337
	6.53638	7.40124
	-8.39086	11.6763
	-11.8545	13.4578
	13	3.60555
	5.07276	10.0775
	-11.3909	11.5471
	5.53638	7.33337
	-10.3909	11.5903
	-11.8545	13.4578
	0.0727601	9.82633
	3.53638	7.19572
	19	4.3589
	-9.39086	11.6334
	13	3.60555
	-13.3181	15.0961
	2.07276	9.92758
	13	3.60555
	-11.3909	11.5471
	-5.39086	11.804
	2.07276	9.92758
	11	3.31662
	13	3.60555
	-12.3909	11.5037
	8.53638	7.53514
	-2.39086	11.9304
	7.53638	7.46849
	-0.39086	12.014
	17	4.12311
	-8.85448	13.5688
	-11.8545	13.4578
	-2.39086	11.9304
	8.53638	7.53514
	8.53638	7.53514
	8.53638	7.53514
	7	2.64575
	-4.85448	13.7154
	1.07276	9.87708
	15	3.87298
	-3.39086	11.8884
	-13.3181	15.0961
	-6.39086	11.7616
	-13.3909	11.4602
	-3.85448	13.7519
	5.53638	7.33337
	9.53638	7.60121
	15	3.87298
	5.53638	7.33337
	-4.39086	11.8463
	16	4
	0.53638	6.98415
	-6.39086	11.7616
	-15.8545	13.3084
	-6.85448	13.6423
	17	4.12311
	-17.8545	13.233
	14	3.74166
	-2.92724	9.67247
	14	3.74166
	-5.39086	11.804
	1.07276	9.87708
	-11.3909	11.5471
	3.53638	7.19572
	-7.85448	13.6056
	-3.92724	9.62064
	-20.3181	14.8624
	-15.3181	15.0297
	-7.39086	11.719
	16	4
	11.5364	7.73165
	5.60914	12.2611
	-4.39086	11.8463
	2.07276	9.92758
	-1.92724	9.72403
	0.0727601	9.82633
	8.53638	7.53514
	16	4
	6.53638	7.40124
	17	4.12311
	5.07276	10.0775
	-9.85448	13.5319
	-7.39086	11.719
	8.53638	7.53514
	9.53638	7.60121
	6.53638	7.40124
	2.07276	9.92758
	9	3
	4.53638	7.26487
	7.53638	7.46849
	15.5364	7.98614
	9	3
	3.07276	9.97781
	-14.8545	13.3459
	0.0727601	9.82633
	3.07276	9.97781
	-18.3181	14.9296
	-0.39086	12.014
	6.07276	10.127
	2.07276	9.92758
	-0.92724	9.77531
	-7.39086	11.719
	-4.92724	9.56853
	3.53638	7.19572
	6.53638	7.40124
	2.07276	9.92758
	14	3.74166
	10	3.16228
	-12.8545	13.4206
	7.07276	10.1763
	0.0727601	9.82633
	5.07276	10.0775
	-4.39086	11.8463
	1.07276	9.87708
	3.53638	7.19572
	-20.3181	14.8624
	-5.39086	11.804
	-1.39086	11.9723
	11.5364	7.73165
	8.53638	7.53514
	18	4.24264
	12	3.4641
	-6.39086	11.7616
	-6.39086	11.7616
	9.53638	7.60121
	1.07276	9.87708
	-2.39086	11.9304
	7.53638	7.46849
	-10.3909	11.5903
	-3.39086	11.8884
	2.53638	7.1259
	-12.8545	13.4206
	-1.92724	9.72403
	10	3.16228
	2.07276	9.92758
	-3.92724	9.62064
	-8.39086	11.6763
	11.5364	7.73165
	0.0727601	9.82633
	16	4
	-3.39086	11.8884
	5.07276	10.0775
	-10.3909	11.5903
	1.07276	9.87708
	14.5364	7.92328
	-1.92724	9.72403
	-0.92724	9.77531
	13.0728	10.4669
	-3.39086	11.8884
	9.53638	7.60121
	1.07276	9.87708
	9.53638	7.60121
	-19.3181	14.896
	4.07276	10.0278
	15	3.87298
	14	3.74166
	-16.8545	13.2708
	-8.39086	11.6763
	-11.8545	13.4578
	0.0727601	9.82633
	-6.39086	11.7616
	-5.39086	11.804
	-10.3909	11.5903
	11	3.31662
	-8.39086	11.6763
	9.53638	7.60121
	2.07276	9.92758
	4.07276	10.0278
	7.53638	7.46849
	0.60914	12.0555
	5.53638	7.33337
	15	3.87298
	-5.85448	13.6789
	4.53638	7.26487
	13	3.60555
	5.07276	10.0775
	3.07276	9.97781
	-8.39086	11.6763
	-1.39086	11.9723
	10.5364	7.66671
	11.5364	7.73165
	4.53638	7.26487
	-9.85448	13.5319
	0.0727601	9.82633
	-1.92724	9.72403
	-4.39086	11.8463
	-19.7817	16.4216
	-1.92724	9.72403
	12.5364	7.79605
	-3.39086	11.8884
	11	3.31662
	-6.39086	11.7616
	5.53638	7.33337
	-9.39086	11.6334
	9	3
	5.07276	10.0775
	9.53638	7.60121
	-0.92724	9.77531
	3.07276	9.97781
	-9.39086	11.6334
	-2.39086	11.9304
	3.07276	9.97781
	10.5364	7.66671
	-8.39086	11.6763
	-1.92724	9.72403
	18	4.24264
	5.53638	7.33337
	7.53638	7.46849
	-19.3181	14.896
	-1.92724	9.72403
	-0.39086	12.014
	-1.92724	9.72403
	2.53638	7.1259
	-6.39086	11.7616
	17	4.12311
	-4.39086	11.8463
	-0.92724	9.77531
	-12.3909	11.5037
	3.07276	9.97781
	7.53638	7.46849
	2.53638	7.1259
	4.53638	7.26487
	9.53638	7.60121
	20	4.47214
	5.07276	10.0775
	-12.8545	13.4206
	2.07276	9.92758
	5.53638	7.33337
	10	3.16228
	-18.8545	13.1952
	-6.39086	11.7616
	8.53638	7.53514
	9.53638	7.60121
	-7.39086	11.719
	13	3.60555
	-2.92724	9.67247
	6.07276	10.127
	1.60914	12.0969
	5.53638	7.33337
	-5.39086	11.804
	-9.39086	11.6334
	4.07276	10.0278
	-1.92724	9.72403
	5.53638	7.33337
	-21.3181	14.8288
	4.07276	10.0278
	9.53638	7.60121
	-6.92724	9.46344
	0.0727601	9.82633
	10	3.16228
	3.07276	9.97781
	-8.39086	11.6763
	10	3.16228
	3.53638	7.19572
	-0.92724	9.77531
	0.53638	6.98415
	6	2.44949
	9.53638	7.60121
	-8.39086	11.6763
	14	3.74166
	-1.92724	9.72403
	-3.92724	9.62064
	3.07276	9.97781
	7.53638	7.46849
	7.53638	7.46849
	-6.39086	11.7616
	-1.46362	6.83947
	1.53638	7.05538
	-7.39086	11.719
	5.53638	7.33337
	2.53638	7.1259
	-19.8545	13.1573
	8	2.82843
	11.5364	7.73165
	-5.39086	11.804
	-10.3909	11.5903
	-11.3909	11.5471
	-24.2453	17.7045
	7.53638	7.46849
	7.53638	7.46849
	3.53638	7.19572
	-2.92724	9.67247
	8.53638	7.53514
	13	3.60555
	0.0727601	9.82633
	14.5364	7.92328
	7.53638	7.46849
	14	3.74166
	9.53638	7.60121
	-7.39086	11.719
	2.07276	9.92758
	5.07276	10.0775
	0.0727601	9.82633
	0.0727601	9.82633
	20	4.47214
	13	3.60555
	5.53638	7.33337
	-1.92724	9.72403
	-36.709	18.6876
	4.53638	7.26487
	1.53638	7.05538
	7.53638	7.46849
	0.0727601	9.82633
	-1.92724	9.72403
	-0.92724	9.77531
	14	3.74166
	13	3.60555
	14	3.74166
	5.07276	10.0775
	-14.8545	13.3459
	-8.39086	11.6763
	1.07276	9.87708
	-7.85448	13.6056
	-15.8545	13.3084
	1.07276	9.87708
	0.53638	6.98415
	3.07276	9.97781
	4.53638	7.26487
	-16.3181	14.9964
	-3.92724	9.62064
	-5.92724	9.51613
	-8.85448	13.5688
	15	3.87298
	-13.3909	11.4602
	14.5364	7.92328
	2.07276	9.92758
	6.53638	7.40124
	-0.92724	9.77531
	-3.39086	11.8884
	2.60914	12.1382
	0.60914	12.0555
	2.6819	15.617
	29.5364	8.81921
	7.21828	17.2241
	3.82742	20.9286
	19.7547	18.9063
	31.2183	17.9073
	-4.6362	21.8583
	-23.5634	23.5657
	1.29104	19.6781
	-8.17258	20.6399
	-33.5634	23.3525
	-17.1726	20.4207
	3.6819	15.649
	-7.3181	15.2935
	-7.3181	15.2935
	3.60914	12.1793
	-4.39086	11.8463
	0.0727601	9.82633
	3.07276	9.97781
	-11.8545	13.4578
	-26.7817	16.2071
	-11.8545	13.4578
	13	3.60555
	3.07276	9.97781
	5.07276	10.0775
	-35.2453	17.3911
	-21.3181	14.8288
	0.0727601	9.82633
	13	3.60555
	5.07276	10.0775
	0.0727601	9.82633
	10.5364	7.66671
	3.07276	9.97781
	-10.8545	13.4949
	6.07276	10.127
	9	3
	8	2.82843
	-13.8545	13.3833
	-2.39086	11.9304
	5.07276	10.0775
	14	3.74166
	8.53638	7.53514
	-2.39086	11.9304
	5	2.23607
	17	4.12311
	-18.3181	14.9296
	-15.8545	13.3084
	-5.39086	11.804
	7.07276	10.1763
	-1.85448	13.8244
	14.0728	10.5146
	-4.24534	18.2606
	-4.78172	16.8722
	-3.78172	16.9018
	20.6091	12.8583
	4.60914	12.2203
	-7.3181	15.2935
	-14.3181	15.0629
	-9.85448	13.5319
	-4.39086	11.8463
	10	3.16228
	-14.8545	13.3459
	16	4
	-1.92724	9.72403
	6.07276	10.127
	-14.3181	15.0629
	-2.92724	9.67247
	10.5364	7.66671
	12.0728	10.4191
	-8.39086	11.6763
	3.53638	7.19572
	4.07276	10.0278
	0.0727601	9.82633
	3.53638	7.19572
	-5.39086	11.804
	-2.39086	11.9304
	-7.39086	11.719
	7	2.64575
	12	3.4641
	9.53638	7.60121
	-1.92724	9.72403
	13.5364	7.85992
	-1.92724	9.72403
	-0.92724	9.77531
	-1.92724	9.72403
	1.53638	7.05538
	-0.92724	9.77531
	2.53638	7.1259
	5.53638	7.33337
	20	4.47214
	-2.92724	9.67247
	-17.3181	14.963
	-6.39086	11.7616
	-2.92724	9.67247
	11	3.31662
	6.53638	7.40124
	-8.85448	13.5688
	6.53638	7.40124
	9.53638	7.60121
	1.07276	9.87708
	9	3
	-20.7817	16.3912
	-2.39086	11.9304
	-8.39086	11.6763
	4.07276	10.0278
	-1.92724	9.72403
	10.5364	7.66671
	17	4.12311
	-1.92724	9.72403
	10.5364	7.66671
	6.07276	10.127
	2.07276	9.92758
	14	3.74166
	-7.39086	11.719
	9.53638	7.60121
	9	3
	-5.39086	11.804
	-1.92724	9.72403
	9.53638	7.60121
	-8.85448	13.5688
	4.07276	10.0278
	3.07276	9.97781
	-7.39086	11.719
	-13.8545	13.3833
	6.53638	7.40124
	-2.92724	9.67247
	-12.8545	13.4206
	-5.39086	11.804
	0.0727601	9.82633
	7.53638	7.46849
	-17.8545	13.233
	18	4.24264
	16	4
	-15.8545	13.3084
	14	3.74166
	1.07276	9.87708
	7.53638	7.46849
	5.53638	7.33337
	7	2.64575
	16.5364	8.0485
	5.53638	7.33337
	-26.7817	16.2071
	-2.39086	11.9304
	-16.8545	13.2708
	-21.3181	14.8288
	19	4.3589
	-12.8545	13.4206
	0.0727601	9.82633
	15	3.87298
	-7.39086	11.719
	-2.92724	9.67247
	-15.8545	13.3084
	-1.39086	11.9723
	9.53638	7.60121
	0.0727601	9.82633
	-8.39086	11.6763
	5.53638	7.33337
	1.07276	9.87708
	2.07276	9.92758
	3.07276	9.97781
	-35.2453	17.3911
	14	3.74166
	2.53638	7.1259
	-21.3181	14.8288
	9.53638	7.60121
	9.53638	7.60121
	-24.7817	16.2687
	-14.8545	13.3459
	4.53638	7.26487
	-13.3909	11.4602
	13	3.60555
	14	3.74166
	-1.92724	9.72403
	-3.39086	11.8884
	13.5364	7.85992
	2.07276	9.92758
	10	3.16228
	-0.92724	9.77531
	4.07276	10.0278
	1.07276	9.87708
	-5.39086	11.804
	8.53638	7.53514
	-0.92724	9.77531
	14	3.74166
	4.07276	10.0278
	-10.8545	13.4949
	-8.39086	11.6763
	14	3.74166
	-1.92724	9.72403
	-8.85448	13.5688
	17	4.12311
	1.07276	9.87708
	14.5364	7.92328
	-0.92724	9.77531
	-10.8545	13.4949
	-7.39086	11.719
	9.53638	7.60121
	10.5364	7.66671
	-2.92724	9.67247
	2.53638	7.1259
	1.53638	7.05538
	-7.39086	11.719
	-23.3181	14.7612
	10.0728	10.3226
	-1.92724	9.72403
	-0.92724	9.77531
	13	3.60555
	-1.92724	9.72403
	-0.39086	12.014
	7.53638	7.46849
	13	3.60555
	-17.3909	11.2843
	-2.39086	11.9304
	11	3.31662
	3.53638	7.19572
	-24.3181	14.7273
	4.53638	7.26487
	7.07276	10.1763
	2.53638	7.1259
	-7.39086	11.719
	7.07276	10.1763
	-4.39086	11.8463
	-6.92724	9.46344
	-12.3181	15.1292
	-7.39086	11.719
	14	3.74166
	6.53638	7.40124
	-2.92724	9.67247
	-11.8545	13.4578
	4.07276	10.0278
	1.60914	12.0969
	-22.7817	16.33
	16	4
	-12.3909	11.5037
	-16.3181	14.9964
	-4.39086	11.8463
	1.07276	9.87708
	7.07276	10.1763
	-8.92724	9.35718
	4.53638	7.26487
	18	4.24264
	-7.92724	9.41046
	4.07276	10.0278
	9.53638	7.60121
	10	3.16228
	6.53638	7.40124
	-6.85448	13.6423
	15	3.87298
	14.5364	7.92328
	4.53638	7.26487
	-2.39086	11.9304
	-5.39086	11.804
	4.53638	7.26487
	4.53638	7.26487
	3.53638	7.19572
	1.07276	9.87708
	11.5364	7.73165
	0.0727601	9.82633
	-25.7817	16.2379
	9.53638	7.60121
	-19.7817	16.4216
	4.53638	7.26487
	0.53638	6.98415
	9.53638	7.60121
	-3.92724	9.62064
	3.53638	7.19572
	20	4.47214
	6.53638	7.40124
	-12.8545	13.4206
	2.07276	9.92758
	4.60914	12.2203
	5.53638	7.33337
	-16.3181	14.9964
	-9.39086	11.6334
	-15.3181	15.0297
	9	3
	-7.39086	11.719
	6.07276	10.127
	-17.3181	14.963
	1.07276	9.87708
	9.53638	7.60121
	5.53638	7.33337
	8.53638	7.53514
	9.53638	7.60121
	7.53638	7.46849
	3.07276	9.97781
	6.53638	7.40124
	10.5364	7.66671
	11.5364	7.73165
	-2.92724	9.67247
	0.0727601	9.82633
	-20.3181	14.8624
	2.07276	9.92758
	-13.8545	13.3833
	-13.8545	13.3833
	7.53638	7.46849
	16	4
	7.53638	7.46849
	-10.3909	11.5903
	-15.3181	15.0297
	-6.39086	11.7616
	1.07276	9.87708
	-37.2453	17.3335
	-14.8545	13.3459
	11.5364	7.73165
	1.07276	9.87708
	3.07276	9.97781
	7.53638	7.46849
	12.5364	7.79605
	11.0728	10.371
	27.6091	13.1276
	55.0728	12.3108
	12.8274	21.1425
	10.4366	24.2763
	32.8274	21.6103
	44.4366	24.9668
	13.9729	25.3203
	40.8274	21.7946
	15.291	20.0307
	-2.24534	18.3153
	-24.0998	22.5069
	-29.709	18.874
	-11.3181	15.1622
	-2.85448	13.7882
	9.53638	7.60121
	12.5364	7.79605
	-3.39086	11.8884
	3.07276	9.97781
	4.07276	10.0278
	7.53638	7.46849
	7.53638	7.46849
	14	3.74166
	-30.2453	17.5342
	-8.85448	13.5688
	5.53638	7.33337
	10.5364	7.66671
	3.53638	7.19572
	7.07276	10.1763
	2.07276	9.92758
	-10.3909	11.5903
	-2.92724	9.67247
	14	3.74166
	20.5364	8.29327
	7	2.64575
	-1.46362	6.83947
	-0.46362	6.91219
	5.07276	10.0775
	-0.92724	9.77531
	6.53638	7.40124
	-0.92724	9.77531
	10	3.16228
	11.5364	7.73165
	5.53638	7.33337
	-8.39086	11.6763
	8.53638	7.53514
	4.07276	10.0278
	-16.3181	14.9964
	4.07276	10.0278
	0.60914	12.0555
	15.5364	7.98614
	-0.92724	9.77531
	-3.39086	11.8884
	15	3.87298
	-11.3909	11.5471
	-27.7817	16.1762
	4.53638	7.26487
	-20.3181	14.8624
	9	3
	-1.92724	9.72403
	-6.39086	11.7616
	-2.39086	11.9304
	4.53638	7.26487
	11	3.31662
	7.53638	7.46849
	-0.39086	12.014
	10.5364	7.66671
	15.5364	7.98614
	-9.39086	11.6334
	5.53638	7.33337
	-9.85448	13.5319
	2.53638	7.1259
	-15.8545	13.3084
	-0.39086	12.014
	2.53638	7.1259
	8.53638	7.53514
	1.60914	12.0969
	0.0727601	9.82633
	4.53638	7.26487
	3.53638	7.19572
	-13.8545	13.3833
	0.0727601	9.82633
	-2.39086	11.9304
	-4.92724	9.56853
	8.53638	7.53514
	-1.92724	9.72403
	-7.39086	11.719
	12	3.4641
	3.07276	9.97781
	-0.92724	9.77531
	3.07276	9.97781
	-20.3181	14.8624
	-11.8545	13.4578
	19	4.3589
	7.07276	10.1763
	4.53638	7.26487
	20	4.47214
	5.53638	7.33337
	10.5364	7.66671
	-0.92724	9.77531
	8	2.82843
	-4.92724	9.56853
	-14.8545	13.3459
	6.53638	7.40124
	19	4.3589
	-16.8545	13.2708
	4.07276	10.0278
	-1.39086	11.9723
	5.53638	7.33337
	4.53638	7.26487
	5.53638	7.33337
	16	4
	-16.8545	13.2708
	-9.39086	11.6334
	0.60914	12.0555
	14	3.74166
	4.07276	10.0278
	-13.8545	13.3833
	5.53638	7.33337
	-7.39086	11.719
	0.53638	6.98415
	7.53638	7.46849
	-3.39086	11.8884
	-2.92724	9.67247
	-2.39086	11.9304
	-10.3909	11.5903
	1.07276	9.87708
	-7.39086	11.719
	4.53638	7.26487
	-0.92724	9.77531
	3.53638	7.19572
	19	4.3589
	-4.39086	11.8463
	-11.8545	13.4578
	10	3.16228
	11	3.31662
	8.53638	7.53514
	3.53638	7.19572
	-13.8545	13.3833
	-5.39086	11.804
	1.60914	12.0969
	10.5364	7.66671
	-4.39086	11.8463
	-11.3909	11.5471
	-0.39086	12.014
	12	3.4641
	3.53638	7.19572
	9.53638	7.60121
	-13.3909	11.4602
	-22.3181	14.795
	-11.8545	13.4578
	7.53638	7.46849
	-5.92724	9.51613
	-4.92724	9.56853
	13.5364	7.85992
	4.53638	7.26487
	-11.3909	11.5471
	14	3.74166
	-6.39086	11.7616
	8.53638	7.53514
	-13.8545	13.3833
	-7.85448	13.6056
	-2.39086	11.9304
	-20.3181	14.8624
	1.07276	9.87708
	6.53638	7.40124
	-8.39086	11.6763
	-6.92724	9.46344
	3.53638	7.19572
	-10.3909	11.5903
	17	4.12311
	9.53638	7.60121
	0.0727601	9.82633
	-3.39086	11.8884
	5.53638	7.33337
	9.53638	7.60121
	10.5364	7.66671
	4.53638	7.26487
	7.53638	7.46849
	-7.39086	11.719
	12	3.4641
	3.07276	9.97781
	19	4.3589
	4.07276	10.0278
	-2.92724	9.67247
	-7.39086	11.719
	6.53638	7.40124
	-12.8545	13.4206
	11	3.31662
	-5.39086	11.804
	12.5364	7.79605
	2.07276	9.92758
	2.53638	7.1259
	-3.39086	11.8884
	-10.8545	13.4949
	5.53638	7.33337
	-5.92724	9.51613
	-23.7817	16.2994
	-4.39086	11.8463
	2.07276	9.92758
	0.0727601	9.82633
	-6.39086	11.7616
	9	3
	10	3.16228
	3.53638	7.19572
	-5.85448	13.6789
	6.53638	7.40124
	1.07276	9.87708
	-8.85448	13.5688
	8.07276	10.2253
	-30.2453	17.5342
	5.53638	7.33337
	-8.39086	11.6763
	-19.3181	14.896
	1.07276	9.87708
	-12.8545	13.4206
	-8.85448	13.5688
	-8.85448	13.5688
	0.0727601	9.82633
	-10.3909	11.5903
	-9.85448	13.5319
	4.53638	7.26487
	3.07276	9.97781
	-25.7817	16.2379
	-17.8545	13.233
	4.07276	10.0278
	4.07276	10.0278
	10.5364	7.66671
	-10.3909	11.5903
	-10.8545	13.4949
	14	3.74166
	16	4
	-11.3909	11.5471
	12	3.4641
	4.07276	10.0278
	-16.8545	13.2708
	-11.8545	13.4578
	13.5364	7.85992
	1.07276	9.87708
	-14.8545	13.3459
	13.5364	7.85992
	-0.39086	12.014
	6.53638	7.40124
	-18.3181	14.9296
	26	5.09902
	-26.3181	14.6592
	-0.46362	6.91219
	4.07276	10.0278
	2.53638	7.1259
	2.07276	9.92758
	5.53638	7.33337
	-7.39086	11.719
	-0.92724	9.77531
	2.53638	7.1259
	-10.3181	15.1951
	-2.92724	9.67247
	5.53638	7.33337
	-14.8545	13.3459
	-5.39086	11.804
	-0.39086	12.014
	-13.8545	13.3833
	-13.3181	15.0961
	-3.92724	9.62064
	-11.8545	13.4578
	-6.39086	11.7616
	17	4.12311
	-5.39086	11.804
	17	4.12311
	-4.39086	11.8463
	2.07276	9.92758
	-11.8545	13.4578
	0.0727601	9.82633
	0.0727601	9.82633
	-12.8545	13.4206
	4.07276	10.0278
	-6.85448	13.6423
	7.07276	10.1763
	21	4.58258
	2.60914	12.1382
	-15.7817	16.543
	13.5364	7.85992
	3.07276	9.97781
	-16.3181	14.9964
	1.07276	9.87708
	6.60914	12.3018
	-8.85448	13.5688
	11.5364	7.73165
	15.5364	7.98614
	20	4.47214
	12.5364	7.79605
	9.53638	7.60121
	3.07276	9.97781
	-6.85448	13.6423
	-4.92724	9.56853
	4.07276	10.0278
	-6.39086	11.7616
	3.07276	9.97781
	4.53638	7.26487
	3.07276	9.97781
	13.5364	7.85992
	-4.92724	9.56853
	-2.92724	9.67247
	10.5364	7.66671
	-16.8545	13.2708
	-2.92724	9.67247
	-10.3909	11.5903
	5.53638	7.33337
	14.5364	7.92328
	8.07276	10.2253
	-12.8545	13.4206
	-19.3181	14.896
	13.5364	7.85992
	8.53638	7.53514
	-1.92724	9.72403
	-4.92724	9.56853
	-10.8545	13.4949
	3.07276	9.97781
	-1.92724	9.72403
	-8.39086	11.6763
	-2.39086	11.9304
	-3.92724	9.62064
	-3.39086	11.8884
	13	3.60555
	-0.92724	9.77531
	22	4.69042
	11.5364	7.73165
	-2.85448	13.7882
	16	4
	11	3.31662
	0.0727601	9.82633
	1.07276	9.87708
	12	3.4641
	12.5364	7.79605
	11.5364	7.73165
	6.53638	7.40124
	8.53638	7.53514
	-0.92724	9.77531
	7.53638	7.46849
	1.60914	12.0969
	-17.8545	13.233
	-2.92724	9.67247
	9	3
	10.5364	7.66671
	13.5364	7.85992
	-7.39086	11.719
	10.5364	7.66671
	12	3.4641
	11.5364	7.73165
	-4.39086	11.8463
	-14.8545	13.3459
	-19.3181	14.896
	2.07276	9.92758
	-4.39086	11.8463
	6.53638	7.40124
	-3.92724	9.62064
	-6.39086	11.7616
	-5.39086	11.804
	18.5364	8.1718
	-20.3181	14.8624
	4.07276	10.0278
	4.60914	12.2203
	0.0727601	9.82633
	10.0728	10.3226
	5.53638	7.33337
	-2.39086	11.9304
	10.5364	7.66671
	-13.8545	13.3833
	-0.92724	9.77531
	-1.92724	9.72403
	-7.39086	11.719
	2.07276	9.92758
	-11.8545	13.4578
	-1.39086	11.9723
	22	4.69042
	16	4
	-0.92724	9.77531
	9.53638	7.60121
	6.07276	10.127
	15.5364	7.98614
	6.53638	7.40124
	7.53638	7.46849
	13.5364	7.85992
	2.07276	9.92758
	9.53638	7.60121
	0.0727601	9.82633
	-0.39086	12.014
	7.53638	7.46849
	15	3.87298
	-10.3909	11.5903
	-16.7817	16.5127
	1.53638	7.05538
	6.53638	7.40124
	10	3.16228
	-7.39086	11.719
	-0.39086	12.014
	-1.92724	9.72403
	-17.3181	14.963
	-2.92724	9.67247
	-12.8545	13.4206
	10.5364	7.66671
	-13.8545	13.3833
	11.5364	7.73165
	5.07276	10.0775
	-17.8545	13.233
	9.53638	7.60121
	14	3.74166
	-9.85448	13.5319
	9.53638	7.60121
	-10.8545	13.4949
	-28.2453	17.5912
	-8.39086	11.6763
	5.07276	10.0775
	-14.8545	13.3459
	9.07276	10.2741
	17	4.12311
	20	4.47214
	12.5364	7.79605
	-6.85448	13.6423
	-6.85448	13.6423
	10.5364	7.66671
	0.60914	12.0555
	0.60914	12.0555
	15	3.87298
	-11.8545	13.4578
	8.53638	7.53514
	5.53638	7.33337
	-13.8545	13.3833
	9.07276	10.2741
	5.53638	7.33337
	-17.3181	14.963
	-13.8545	13.3833
	5.53638	7.33337
	1.07276	9.87708
	-2.92724	9.67247
	-7.39086	11.719
	-1.39086	11.9723
	14.5364	7.92328
	5.53638	7.33337
	-8.85448	13.5688
	10.5364	7.66671
	15.5364	7.98614
	7.53638	7.46849
	12.5364	7.79605
	-8.85448	13.5688
	-8.85448	13.5688
	16	4
	-10.8545	13.4949
	5.07276	10.0775
	-8.85448	13.5688
	-7.85448	13.6056
	8.53638	7.53514
	6.53638	7.40124
	-23.7817	16.2994
	2.53638	7.1259
	3.53638	7.19572
	14.0728	10.5146
	3.07276	9.97781
	4.53638	7.26487
	-12.3181	15.1292
	1.53638	7.05538
	3.07276	9.97781
	10.5364	7.66671
	2.60914	12.1382
	-6.85448	13.6423
	-1.39086	11.9723
	6.07276	10.127
	-0.39086	12.014
	-6.39086	11.7616
	-23.7817	16.2994
	9.07276	10.2741
	-3.39086	11.8884
	7.53638	7.46849
	23	4.79583
	-5.85448	13.6789
	-0.39086	12.014
	-6.85448	13.6423
	-0.92724	9.77531
	12.5364	7.79605
	-2.92724	9.67247
	-9.39086	11.6334
	10.5364	7.66671
	3.07276	9.97781
	8.53638	7.53514
	3.53638	7.19572
	20	4.47214
	1.07276	9.87708
	0.0727601	9.82633
	2.07276	9.92758
	-1.92724	9.72403
	-10.3181	15.1951
	4.07276	10.0278
	0.0727601	9.82633
	-4.92724	9.56853
	14.5364	7.92328
	16	4
	20	4.47214
	1.60914	12.0969
	-4.39086	11.8463
	10.5364	7.66671
	-7.85448	13.6056
	-11.8545	13.4578
	0.0727601	9.82633
	13.5364	7.85992
	16	4
	2.53638	7.1259
	-1.39086	11.9723
	9.53638	7.60121
	11.5364	7.73165
	5.07276	10.0775
	-5.92724	9.51613
	4.07276	10.0278
	9.07276	10.2741
	4.07276	10.0278
	14.5364	7.92328
	18	4.24264
	4.07276	10.0278
	-8.39086	11.6763
	-7.85448	13.6056
	-2.92724	9.67247
	7.60914	12.3424
	11.5364	7.73165
	22	4.69042
	-9.39086	11.6334
	-8.3181	15.2608
	-13.8545	13.3833
	4.53638	7.26487
	18	4.24264
	-4.85448	13.7154
	15	3.87298
	-8.85448	13.5688
	13	3.60555
	5	2.23607
	-5.39086	11.804
	11.5364	7.73165
	7.07276	10.1763
	6.53638	7.40124
	13	3.60555
	9.07276	10.2741
	7.07276	10.1763
	18	4.24264
	14.0728	10.5146
	4.07276	10.0278
	-0.39086	12.014
	9.53638	7.60121
	-0.39086	12.014
	16	4
	-5.39086	11.804
	-22.2453	17.7609
	-0.92724	9.77531
	0.14552	13.8965
	-16.3181	14.9964
	-4.39086	11.8463
	-1.92724	9.72403
	2.07276	9.92758
	18	4.24264
	-22.3181	14.795
	4.53638	7.26487
	13	3.60555
	3.53638	7.19572
	-0.92724	9.77531
	-11.8545	13.4578
	5.53638	7.33337
	-1.92724	9.72403
	11.5364	7.73165
	1.07276	9.87708
	-3.92724	9.62064
	-0.92724	9.77531
	6.53638	7.40124
	3.07276	9.97781
	3.53638	7.19572
	1.53638	7.05538
	1.53638	7.05538
	7	2.64575
	-0.46362	6.91219
	-3.92724	9.62064
	10	3.16228
	2.53638	7.1259
	7.53638	7.46849
	9	3
	-4.39086	11.8463
	9	3
	-3.92724	9.62064
	-3.92724	9.62064
	2.07276	9.92758
	2.53638	7.1259
	-2.39086	11.9304
	2.07276	9.92758
	2.07276	9.92758
	-6.39086	11.7616
	-1.92724	9.72403
	10	3.16228
	15	3.87298
	-25.3181	14.6933
	-2.92724	9.67247
	10	3.16228
	6.53638	7.40124
	8	2.82843
	-12.3909	11.5037
	8.53638	7.53514
	-10.3909	11.5903
	-4.46362	6.61652
	-16.8545	13.2708
	-16.3909	11.3285
	9	3
	-10.3909	11.5903
	-1.92724	9.72403
	3.53638	7.19572
	3.53638	7.19572
	-30.3181	14.5221
	4.53638	7.26487
	5.53638	7.33337
	10	3.16228
	-6.39086	11.7616
	6	2.44949
	-1.92724	9.72403
	2.53638	7.1259
	13	3.60555
	8.53638	7.53514
	5.53638	7.33337
	-2.46362	6.76597
	9	3
	8	2.82843
	13	3.60555
	-2.92724	9.67247
	0.0727601	9.82633
	10	3.16228
	13	3.60555
	0.53638	6.98415
	-1.46362	6.83947
	7	2.64575
	16	4
	-16.3181	14.9964
	-0.46362	6.91219
	-1.46362	6.83947
	-3.92724	9.62064
	-11.3909	11.5471
	18	4.24264
	9	3
	10	3.16228
	-2.92724	9.67247
	3.53638	7.19572
	-2.92724	9.67247
	-7.39086	11.719
	8.53638	7.53514
	2.07276	9.92758
	-10.3909	11.5903
	0.53638	6.98415
	7.53638	7.46849
	-3.92724	9.62064
	3.53638	7.19572
	6	2.44949
	7	2.64575
	9	3
	-25.7817	16.2379
	-10.3909	11.5903
	-4.92724	9.56853
	-8.92724	9.35718
	2.53638	7.1259
	4.53638	7.26487
	8.53638	7.53514
	6.53638	7.40124
	9	3
	5	2.23607
	-5.92724	9.51613
	5	2.23607
	-14.3909	11.4164
	8.53638	7.53514
	0.53638	6.98415
	16	4
	-0.92724	9.77531
	-0.46362	6.91219
	-7.92724	9.41046
	-2.92724	9.67247
	-6.92724	9.46344
	-13.3909	11.4602
	-3.92724	9.62064
	-6.39086	11.7616
	-0.92724	9.77531
	-2.92724	9.67247
	12	3.4641
	5.53638	7.33337
	5.53638	7.33337
	7	2.64575
	5	2.23607
	-1.46362	6.83947
	11	3.31662
	-8.39086	11.6763
	-1.46362	6.83947
	-1.92724	9.72403
	0.53638	6.98415
	6	2.44949
	-10.3909	11.5903
	4	2
	7.53638	7.46849
	-1.92724	9.72403
	13	3.60555
	6	2.44949
	3.53638	7.19572
	-5.92724	9.51613
	-1.92724	9.72403
	1.53638	7.05538
	1.53638	7.05538
	4.53638	7.26487
	-3.46362	6.69167
	-24.3181	14.7273
	-4.92724	9.56853
	-2.46362	6.76597
	4	2
	0.0727601	9.82633
	-2.46362	6.76597
	3.53638	7.19572
	11.5364	7.73165
	-2.92724	9.67247
	-10.3909	11.5903
	-1.46362	6.83947
	2.53638	7.1259
	10	3.16228
	-3.92724	9.62064
	-0.46362	6.91219
	1.53638	7.05538
	7	2.64575
	10	3.16228
	-5.92724	9.51613
	-0.46362	6.91219
	7	2.64575
	6	2.44949
	4.53638	7.26487
	7.53638	7.46849
	-7.92724	9.41046
	-3.46362	6.69167
	1.53638	7.05538
	-6.92724	9.46344
	3.53638	7.19572
	-5.92724	9.51613
	0.0727601	9.82633
	8	2.82843
	12	3.4641
	2.53638	7.1259
	-3.46362	6.69167
	-8.92724	9.35718
	-8.39086	11.6763
	7	2.64575
	2.53638	7.1259
	3.53638	7.19572
	2.53638	7.1259
	11	3.31662
	2.53638	7.1259
	3.07276	9.97781
	-5.39086	11.804
	9.07276	10.2741
	-8.3181	15.2608
	5.14552	14.0753
	24.5364	8.53102
	-5.78172	16.8425
	20.1455	14.5984
	19.0728	10.7497
	9.60914	12.4232
	-12.3181	15.1292
	10.5364	7.66671
	-15.8545	13.3084
	6.53638	7.40124
	-4.92724	9.56853
	0.53638	6.98415
	7.53638	7.46849
	5.53638	7.33337
	-5.46362	6.54052
	7	2.64575
	8	2.82843
	6	2.44949
	-7.39086	11.719
	3.53638	7.19572
	0.53638	6.98415
	3	1.73205
	2.53638	7.1259
	7	2.64575
	1.53638	7.05538
	-0.46362	6.91219
	5	2.23607
	12	3.4641
	6	2.44949
	-5.92724	9.51613
	9	3
	-13.3909	11.4602
	5	2.23607
	-5.92724	9.51613
	1	1
	-8.92724	9.35718
	-6.92724	9.46344
	-1.46362	6.83947
	-11.3909	11.5471
	6	2.44949
	5	2.23607
	0.53638	6.98415
	10	3.16228
	-16.3909	11.3285
	8	2.82843
	6	2.44949
	0.53638	6.98415
	5.53638	7.33337
	-7.92724	9.41046
	-4.92724	9.56853
	6	2.44949
	-2.46362	6.76597
	-8.39086	11.6763
	-13.3909	11.4602
	0.53638	6.98415
	-1.46362	6.83947
	-8.92724	9.35718
	5.53638	7.33337
	6	2.44949
	-4.92724	9.56853
	3	1.73205
	-8.92724	9.35718
	-1.46362	6.83947
	3.53638	7.19572
	6.53638	7.40124
	7	2.64575
	6	2.44949
	7	2.64575
	-0.46362	6.91219
	5	2.23607
	6	2.44949
	0.53638	6.98415
	3.53638	7.19572
	4	2
	9	3
	1.53638	7.05538
	3	1.73205
	-5.92724	9.51613
	-2.92724	9.67247
	-3.46362	6.69167
	0.53638	6.98415
	-3.46362	6.69167
	7	2.64575
	6	2.44949
	4	2
	-6.92724	9.46344
	3	1.73205
	-0.46362	6.91219
	1.53638	7.05538
	0.53638	6.98415
	-7.92724	9.41046
	-8.92724	9.35718
	1.53638	7.05538
	-1.46362	6.83947
	-1.46362	6.83947
	4	2
	0.53638	6.98415
	8	2.82843
	-6.46362	6.46362
	-7.92724	9.41046
	-1.46362	6.83947
	-8.92724	9.35718
	-8.92724	9.35718
	-4.92724	9.56853
	-3.46362	6.69167
	-8.92724	9.35718
	2	1.41421
	8	2.82843
	2	1.41421
	-0.46362	6.91219
	5	2.23607
	-6.92724	9.46344
	4	2
	4	2
	3	1.73205
	6	2.44949
	7	2.64575
	-1.46362	6.83947
	-0.46362	6.91219
	-10.9272	9.24969
	5	2.23607
	3	1.73205
	0	0
	7	2.64575
	6	2.44949
	4	2
	3	1.73205
	5	2.23607
	1	1
	-0.46362	6.91219
	-2.46362	6.76597
	7	2.64575
	7	2.64575
	2	1.41421
	4	2
	-2.46362	6.76597
	-8.92724	9.35718
	-2.46362	6.76597
	-8.92724	9.35718
	2	1.41421
	1.53638	7.05538
	5	2.23607
	-6.92724	9.46344
	-11.9272	9.19548
	-17.3909	11.2843
	4	2
	6	2.44949
	6	2.44949
	0.53638	6.98415
	8	2.82843
	2	1.41421
	6	2.44949
	-4.46362	6.61652
	-1.46362	6.83947
	6	2.44949
	6	2.44949
	11	3.31662
	-11.9272	9.19548
	-0.46362	6.91219
	4	2
	-0.46362	6.91219
	4	2
	1	1
	-2.46362	6.76597
	1	1
	2	1.41421
	4	2
	3	1.73205
	6	2.44949
	2.53638	7.1259
	-4.46362	6.61652
	7	2.64575
	-4.46362	6.61652
	4	2
	6	2.44949
	-1.46362	6.83947
	-3.46362	6.69167
	-15.3909	11.3726
	0.53638	6.98415
	3	1.73205
	-0.46362	6.91219
	2	1.41421
	-0.46362	6.91219
	5	2.23607
	-18.3909	11.2399
	-1.46362	6.83947
	2.53638	7.1259
	3	1.73205
	-1.46362	6.83947
	-3.46362	6.69167
	6	2.44949
	4	2
	-0.46362	6.91219
	4	2
	2	1.41421
	4	2
	-6.46362	6.46362
	2	1.41421
	-2.46362	6.76597
	4	2
	3	1.73205
	-1.46362	6.83947
	-7.92724	9.41046
	-9.92724	9.30359
	2	1.41421
	1	1
	3	1.73205
	-3.46362	6.69167
	2.53638	7.1259
	-4.46362	6.61652
	-14.3909	11.4164
	0.53638	6.98415
	7	2.64575
	-10.9272	9.24969
	4	2
	3	1.73205
	4	2
	3	1.73205
	3	1.73205
	3	1.73205
	4	2
	3	1.73205
	-8.92724	9.35718
	5	2.23607
	2	1.41421
	2	1.41421
	-0.46362	6.91219
	4	2
	-8.92724	9.35718
	0.53638	6.98415
	0	0
	1	1
	6	2.44949
	3	1.73205
	9	3
	1	1
	6	2.44949
	0	0
	-6.46362	6.46362
	-9.92724	9.30359
	2	1.41421
	-2.46362	6.76597
	-0.46362	6.91219
	2	1.41421
	3	1.73205
	5	2.23607
	2	1.41421
	-4.46362	6.61652
	0	0
	2	1.41421
	1	1
	-2.46362	6.76597
	2	1.41421
	6	2.44949
	2	1.41421
	-3.46362	6.69167
	2	1.41421
	-4.46362	6.61652
	3	1.73205
	3	1.73205
	3	1.73205
	2	1.41421
	6	2.44949
	4	2
	4	2
	-4.46362	6.61652
	2	1.41421
	1	1
	1	1
	-5.46362	6.54052
	-3.46362	6.69167
	3	1.73205
	-11.9272	9.19548
	-3.46362	6.69167
	2	1.41421
	2	1.41421
	4	2
	4	2
	2	1.41421
	3	1.73205
	5	2.23607
	-2.46362	6.76597
	-4.46362	6.61652
	5	2.23607
	3	1.73205
	2	1.41421
	1	1
	-6.46362	6.46362
	-3.46362	6.69167
	3	1.73205
	2	1.41421
	2	1.41421
	1	1
	0	0
	0	0
	1	1
	2	1.41421
	3	1.73205
	2	1.41421
	7	2.64575
	4	2
	4	2
	2	1.41421
	-2.46362	6.76597
	4	2
	-1.46362	6.83947
	7	2.64575
	-5.46362	6.54052
	-3.46362	6.69167
	-6.46362	6.46362
	-5.46362	6.54052
	2	1.41421
	-5.46362	6.54052
	-6.46362	6.46362
	4	2
	1	1
	1	1
	4	2
	1	1
	5	2.23607
	2	1.41421
	-1.46362	6.83947
	-2.46362	6.76597
	3	1.73205
	-1.46362	6.83947
	1	1
	-4.46362	6.61652
	-3.46362	6.69167
	3	1.73205
	2	1.41421
	2	1.41421
	2	1.41421
	-4.46362	6.61652
	0	0
	-4.46362	6.61652
	2	1.41421
	1	1
	2	1.41421
	2	1.41421
	-4.46362	6.61652
	1	1
	1	1
	6	2.44949
	3	1.73205
	-4.46362	6.61652
	2	1.41421
	1	1
	1	1
	3	1.73205
	0	0
	3	1.73205
	6	2.44949
	-5.46362	6.54052
	2	1.41421
	2	1.41421
	4	2
	4	2
	2	1.41421
	-17.3909	11.2843
	1	1
	-4.46362	6.61652
	-12.9272	9.14094
	-5.46362	6.54052
	4	2
	-11.9272	9.19548
	1	1
	4	2
	1	1
	2	1.41421
	4	2
	2	1.41421
	2	1.41421
	-10.9272	9.24969
	2	1.41421
	1	1
	3	1.73205
	3	1.73205
	-4.46362	6.61652
	-5.46362	6.54052
	1	1
	0	0
	-4.46362	6.61652
	1	1
	2	1.41421
	-4.46362	6.61652
	1	1
	3	1.73205
	-7.92724	9.41046
	-2.46362	6.76597
	-12.9272	9.14094
	4	2
	1	1
	3	1.73205
	4	2
	2	1.41421
	5	2.23607
	-10.9272	9.24969
	5	2.23607
	3	1.73205
	-4.46362	6.61652
	3	1.73205
	1	1
	5	2.23607
	2	1.41421
	2	1.41421
	-4.46362	6.61652
	2	1.41421
	-5.46362	6.54052
	2	1.41421
	3	1.73205
	-4.46362	6.61652
	3	1.73205
	-1.46362	6.83947
	2	1.41421
	3	1.73205
	1	1
	1	1
	-6.46362	6.46362
	1	1
	-3.46362	6.69167
	2	1.41421
	2	1.41421
	-4.46362	6.61652
	0	0
	4	2
	5	2.23607
	-5.46362	6.54052
	3	1.73205
	1	1
	0	0
	2	1.41421
	-10.9272	9.24969
	2	1.41421
	-4.46362	6.61652
	1	1
	2	1.41421
	-11.9272	9.19548
	6	2.44949
	6	2.44949
	0	0
	3	1.73205
	-3.46362	6.69167
	-2.46362	6.76597
	2	1.41421
	5	2.23607
	2	1.41421
	1	1
	1	1
	1	1
	4	2
	2	1.41421
	6	2.44949
	2	1.41421
	1	1
	1	1
	2	1.41421
	1	1
	2	1.41421
	-14.3909	11.4164
	1	1
	3	1.73205
	3	1.73205
	-5.46362	6.54052
	3	1.73205
	2	1.41421
	0	0
	5	2.23607
	3	1.73205
	2	1.41421
	1	1
	1	1
	1	1
	-3.46362	6.69167
	1	1
	2	1.41421
	3	1.73205
	2	1.41421
	4	2
	2	1.41421
	3	1.73205
	4	2
	-1.46362	6.83947
	4	2
	4	2
	3	1.73205
	-5.46362	6.54052
	-2.46362	6.76597
	2	1.41421
	-9.92724	9.30359
	2	1.41421
	2	1.41421
	2	1.41421
	1	1
	1	1
	0	0
	2	1.41421
	-2.46362	6.76597
	6	2.44949
	4	2
	4	2
	5	2.23607
	-3.46362	6.69167
	-19.3909	11.1953
	-0.46362	6.91219
	7	2.64575
	11	3.31662
	0.0727601	9.82633
	19.0728	10.7497
	32.6091	13.3167
	18.9002	23.4427
	37.1912	30.8835
	143.582	30.2565
	165.728	33.6239
	155.701	41.8053
	-13.6717	55.442
	48.3554	50.0869
	34.8918	50.4329
	-153.381	57.6198
	-127.499	50.2574
	-68.6903	40.8414
	-98.3722	37.3782
	-17.0998	22.6619
	-55.0271	23.919
	-12.3181	15.1292
	-16.8545	13.2708
	-4.46362	6.61652
	-0.46362	6.91219
	-11.9272	9.19548
	3	1.73205
	-4.46362	6.61652
	2	1.41421
	-6.46362	6.46362
	4	2
	0	0
	3	1.73205
	0	0
	0	0
	2	1.41421
	1	1
	2	1.41421
	0	0
	3	1.73205
	2	1.41421
	-1.46362	6.83947
	6	2.44949
	3	1.73205
	1	1
	-0.46362	6.91219
	-4.46362	6.61652
	2	1.41421
	1	1
	0	0
	-6.46362	6.46362
	-3.46362	6.69167
	2	1.41421
	-3.46362	6.69167
	-5.46362	6.54052
	2	1.41421
	5	2.23607
	3	1.73205
	4	2
	5	2.23607
	3	1.73205
	1.53638	7.05538
	2	1.41421
	2	1.41421
	-4.46362	6.61652
	1	1
	0	0
	3	1.73205
	2	1.41421
	3	1.73205
	2	1.41421
	-4.46362	6.61652
	0	0
	2	1.41421
	4	2
	6	2.44949
	1	1
	-4.46362	6.61652
	2	1.41421
	1	1
	0	0
	4	2
	0	0
	4	2
	4	2
	2	1.41421
	-4.46362	6.61652
	-5.46362	6.54052
	-3.46362	6.69167
	3	1.73205
	3	1.73205
	1	1
	0	0
	3	1.73205
	5	2.23607
	2	1.41421
	-3.46362	6.69167
	1	1
	3	1.73205
	-4.46362	6.61652
	1	1
	1	1
	2	1.41421
	-5.46362	6.54052
	-5.46362	6.54052
	1	1
	5	2.23607
	-12.9272	9.14094
	3	1.73205
	1	1
	4	2
	2	1.41421
	-6.46362	6.46362
	-6.46362	6.46362
	-6.46362	6.46362
	1	1
	1	1
	-4.46362	6.61652
	-9.92724	9.30359
	7	2.64575
	3	1.73205
	2	1.41421
	1	1
	-5.46362	6.54052
	2	1.41421
	3	1.73205
	2	1.41421
	1	1
	-6.46362	6.46362
	1	1
	2	1.41421
	-5.46362	6.54052
	2	1.41421
	0	0
	3	1.73205
	-6.46362	6.46362
	1	1
	2	1.41421
	3	1.73205
	1	1
	0	0
	3	1.73205
	4	2
	-4.46362	6.61652
	1	1
	2	1.41421
	1	1
	3	1.73205
	-11.9272	9.19548
	1	1
	2	1.41421
	-10.9272	9.24969
	0	0
	2	1.41421
	5	2.23607
	2	1.41421
	-3.46362	6.69167
	1	1
	1	1
	-5.46362	6.54052
	0	0
	-5.46362	6.54052
	4	2
	0	0
	1	1
	1	1
	2	1.41421
	-6.46362	6.46362
	1	1
	-3.46362	6.69167
	2	1.41421
	0	0
	0	0
	1	1
	2	1.41421
	4	2
	1	1
	2	1.41421
	0	0
	0	0
	2	1.41421
	2	1.41421
	0	0
	0	0
	2	1.41421
	-6.46362	6.46362
	-5.46362	6.54052
	1	1
	1	1
	1	1
	1	1
	-4.46362	6.61652
	0	0
	-2.46362	6.76597
	-12.9272	9.14094
	3	1.73205
	0	0
	2	1.41421
	1	1
	0	0
	1	1
	3	1.73205
	1	1
	-3.46362	6.69167
	-6.46362	6.46362
	1	1
	0	0
	-4.46362	6.61652
	-3.46362	6.69167
	1	1
	-6.46362	6.46362
	0	0
	-5.46362	6.54052
	-6.92724	9.46344
	-180.553	61.0496
	45.1768	196.813
	1436.84	238.569
	1569.79	237.328
	1405.72	236.778
	1006.81	238.982
	1132.38	233.84
	1003.83	230.55
	313.764	235.999
	323.128	237.039
	810.317	228.658
