$SPEC_ID:
No sample description was entered.
$SPEC_REM:
DET# 1
DETDESC# DESKTOP-LO9J119 MCB 337
AP# Maestro Version 5.35.01
$DATE_MEA:
01/26/2026 15:38:36
$MEAS_TIM:
301	310
$DATA:
0 8191
	44.918	9.18578
	26.6782	8.084
	25.8094	8.08594
	16.5786	7.57806
	30.5108	8.26565
	20.9316	7.70337
	34.5244	8.443
	23.2348	7.76497
	24.9225	7.8275
	36.4655	8.50001
	47.9587	9.17979
	20.6827	7.49948
	31.0945	8.0741
	34.9587	8.44207
	19.0945	7.29323
	34.6601	8.31907
	23.7416	7.76378
	31.1669	8.07394
	22.1171	7.56482
	24.2031	7.62806
	30.1533	8.07621
	29.2393	7.94896
	31.3253	8.00916
	31.7869	7.87766
	24.6511	7.55876
	16.3117	7.08402
	16.1851	6.78551
	21.8457	7.2864
	20.7145	7.14564
	24.8955	7.41981
	35.8593	8.12742
	17.7733	7.00673
	30.1489	7.74883
	26.3525	7.55468
	20.3887	7.14646
	31.8503	7.74486
	26.1941	7.62333
	19.1625	6.92876
	23.0403	7.28343
	8.94528	6.16568
	21.1625	7.07161
	23.4023	7.28253
	26.8051	7.27407
	17.6919	6.85746
	14.4385	6.63581
	15.4657	6.55443
	23.6467	7.13821
	18.9363	6.77816
	17.0177	6.78328
	14.6557	6.63521
	17.4069	6.6277
	25.3933	7.27758
	14.8277	6.47668
	21.0222	6.84866
	20.9137	6.84895
	24.7191	7.20773
	24.3345	7.13646
	16.7689	6.55083
	18.5155	6.70243
	9.05845	5.90787
	36.8186	7.86609
	23.6376	6.99156
	12.0449	6.24016
	20.2168	6.69783
	13.6467	6.39953
	15.2621	6.47547
	15.3842	6.39461
	22.4114	6.76888
	18.7462	6.62405
	22.796	6.84397
	19.3842	6.70008
	10.9272	5.98928
	21.615	6.77101
	17.977	6.46788
	20.977	6.69578
	7.59242	5.55078
	19.0358	6.62325
	10.4838	5.81507
	23.6286	6.84177
	14.2168	6.23385
	19.2168	6.62276
	12.9544	5.98315
	20.4612	6.54062
	19.8186	6.69891
	24.8232	6.83861
	13.3752	6.06787
	29.149	7.12424
	11.425	5.81214
	26.615	7.13068
	23.787	6.7652
	15.4748	6.0616
	20.0992	6.54162
	18.4024	6.30441
	8.48382	5.64049
	15.968	6.14503
	22.4748	6.61385
	17.8594	6.30597
	18.7554	6.13681
	8.4748	5.45371
	18.1852	6.30504
	17.787	6.30618
	21.692	6.53721
	10.6196	5.63363
	10.2938	5.63467
	11.063	5.81327
	23.2848	6.5328
	14.778	5.89032
	13.6558	5.89376
	20.6558	6.46038
	15.14	5.8892
	14.1128	5.97964
	13.321	5.71631
	6.52459	5.16769
	26.959	6.83296
	19.9952	6.29984
	15.1762	5.88909
	9.53818	5.35428
	16.2712	6.05922
	10.0676	5.44843
	16.7418	6.05782
	12.6558	5.80831
	16.045	5.88642
	20.0902	6.38128
	18.502	6.13756
	26.5744	6.75774
	19.8142	6.30036
	21.5744	6.37707
	11.95	5.44217
	11.7916	5.53707
	-6.29441	3.70114
	6.44317	4.96342
	24.864	6.60731
	11.4432	5.44385
	24.769	6.52869
	17.5156	5.96933
	7.97258	5.16261
	16.502	5.97241
	14.9364	5.8012
	3.94997	4.64943
	12.8504	5.7178
	11.5518	5.44349
	20.5156	6.21554
	20.5156	6.21554
	13.407	5.62467
	12.2758	5.44109
	14.8912	5.61989
	10.7102	5.25259
	11.226	5.44458
	13.036	5.43856
	12.6378	5.43988
	6.13999	5.06781
	8.50198	5.26019
	6.08118	4.96474
	21.6966	6.29495
	16.9002	5.9712
	21.045	6.29682
	6.97258	5.06484
	18.6332	6.22102
	21.588	6.29526
	10.2622	5.35183
	8.06759	5.26169
	10.674	5.25271
	9.22598	5.2577
	15.1808	5.61895
	13.588	5.62408
	22.1174	6.37553
	18.8776	6.05143
	13.1898	5.62536
	13.9364	5.71436
	13.674	5.53091
	17.6604	5.96889
	18.1898	6.05349
	4.28479	4.86595
	8.22598	5.16173
	11.5156	5.44361
	22.045	6.37573
	22.9002	6.45408
	26.4794	6.68089
	21.4432	6.29568
	10.9002	5.44566
	15.502	5.88809
	14.3346	5.7131
	31.2984	7.04562
	21.778	6.45723
	22.054	6.53621
	15.7916	5.8872
	9.37078	5.2572
	17.588	5.96911
	23.2848	6.5328
	10.416	5.54156
	15.8504	5.97438
	16.7554	5.97164
	11.0902	5.63212
	22.1762	6.45611
	9.71918	5.35367
	16.5382	5.9723
	13.0314	5.71722
	16.683	5.97186
	9.88659	5.44903
	10.5156	5.35097
	20.8368	6.45987
	5.00878	4.86326
	23.5608	6.61088
	8.48839	5.35783
	13.2486	5.71654
	25.1762	6.68442
	17.3934	6.05587
	7.42959	5.16452
	29.6332	7.0499
	17.2576	6.22502
	18.2124	6.13841
	23.416	6.61127
	22.0676	6.45642
	12.1988	5.71986
	27.2712	6.90754
	17.1128	6.22544
	22.0042	6.61514
	12.7644	5.80797
	17.8594	6.30597
	13.5472	5.8941
	8.6558	5.45311
	23.2576	6.68961
	9.12183	5.72959
	13.149	5.89532
	19.5834	6.38272
	18.8096	6.46555
	21.1716	6.61741
	22.7146	6.69108
	24.882	6.9138
	20.4974	6.54052
	13.7146	5.98085
	13.1626	5.80673
	6.75081	5.36369
	11.6286	5.89999
	17.425	6.30722
	10.9906	5.8135
	15.1942	6.23102
	19.5924	6.54302
	2.77342	5.07982
	21.3164	6.61702
	12.7734	5.98369
	19.3164	6.46413
	11.4838	5.90043
	11.158	5.90143
	12.3526	5.89776
	7.00421	5.36284
	5.91822	5.3665
	15.4476	6.23028
	13.6286	6.06711
	10.615	5.90309
	11.8458	5.89932
	11.4974	5.81192
	18.4612	6.3859
	6.70102	5.4596
	27.5336	7.05529
	17.5788	6.46899
	11.167	6.07445
	2.52904	5.2807
	22.2394	6.92072
	7.57883	5.64339
	14.9906	6.1479
	16.796	6.39062
	14.0132	6.15078
	8.70102	5.63979
	7.97703	5.64211
	6.99964	5.64525
	13.9046	6.1511
	1.01323	4.98318
	15.4114	6.23039
	26.1082	7.13196
	11.8684	5.98643
	24.1082	6.99034
	11.615	5.9872
	8.03584	5.73302
	25.0358	7.06169
	18.072	6.54723
	18.0358	6.54733
	10.3616	5.90387
	11.2032	6.07434
	11.7327	6.15749
	17.0584	6.55003
	10.1897	6.07736
	14.9498	6.39584
	21.0358	6.77255
	12.8775	6.23774
	8.42044	5.82149
	21.8413	6.92176
	14.4566	6.31573
	19.2032	6.70057
	20.1308	6.77497
	23.3118	6.9924
	16.8639	6.62919
	8.68286	5.99605
	3.89104	5.37334
	15.52	6.23007
	27.4928	7.27236
	16.6738	6.47152
	8.08106	5.91086
	16.6874	6.39092
	21.7327	6.92204
	8.84125	5.90853
	33.0222	7.67491
	25.2756	7.13407
	14.1761	6.4785
	13.0946	6.23711
	3.07204	5.27884
	1.17607	5.38247
	9.53806	6.0793
	7.34805	5.73519
	11.7191	6.2411
	16.6376	6.47162
	8.80505	5.90864
	19.1761	6.85354
	15.4793	6.47486
	13.2621	6.31915
	18.7236	6.54543
	9.82766	6.07844
	13.0358	6.15366
	15.6241	6.47446
	18.8277	6.77845
	10.5652	5.99037
	14.7055	6.55653
	7.51545	5.82431
	16.8639	6.62919
	10.4295	6.16132
	14.7462	6.3149
	23.1173	7.06661
	22.072	6.84589
	4.60144	5.46655
	24.2032	7.06383
	14.7779	6.55633
	4.40686	5.56116
	14.6241	6.39676
	10.8865	6.24352
	16.0358	6.39277
	12.7191	6.32071
	14.6014	6.31532
	19.5652	6.69959
	12.8413	6.23785
	15.6965	6.47426
	5.66025	5.64954
	19.4069	6.77691
	0.420445	5.0882
	23.0584	6.99306
	14.2123	6.4784
	7.68286	5.91208
	19.6376	6.6994
	17.6105	6.70487
	13.8051	6.3176
	7.15346	5.82543
	12.8639	6.32029
	7.65123	5.64316
	0.311846	5.08859
	13.7824	6.23512
	25.7462	7.13288
	13.1173	6.31957
	9.42044	5.90676
	16.3254	6.39195
	5.66025	5.64954
	10.253	5.9042
	18.891	6.62365
	12.4114	5.98479
	2.60144	5.28046
	16.9046	6.39031
	-1.28996	4.88664
	9.22586	5.99442
	8.42946	5.99682
	8.71906	5.99595
	8.85484	5.82014
	2.18064	5.18288
	18.5155	6.70243
	12.2032	6.15611
	10.9408	5.9021
	17.1942	6.38949
	13.3616	6.1527
	25.3616	7.06086
	14.6965	6.39656
	8.44305	5.90975
	15.0358	6.31407
	22.7462	6.91939
	3.87745	5.46895
	13.6376	6.23554
	5.70102	5.36724
	12.3978	6.07078
	12.6738	6.15472
	18.8322	6.54513
	25.2892	7.06104
	10.891	5.98939
	24.0946	7.0641
	8.30283	5.64107
	12.796	6.06959
	15.8684	6.31168
	13.891	6.2348
	22.9272	6.91892
	13.2168	6.15312
	15.2168	6.31355
	17.8051	6.62662
	5.50643	5.46356
	11.9182	5.8991
	14.3888	6.06484
	9.02682	5.63874
	8.33903	5.64095
	7.67384	5.73416
	24.5562	6.91466
	19.0494	6.54452
	19.9498	6.77546
	10.4612	5.72536
	11.3752	5.90076
	14.1806	6.23396
	12.4702	6.07057
	11.6286	5.89999
	22.2304	6.76936
	13.873	5.8931
	17.7236	6.46859
	12.4838	5.98457
	19.0268	6.46494
	19.0992	6.46474
	13.6874	6.15174
	20.3662	6.46119
	16.6512	6.39103
	23.701	6.84158
	20.4476	6.61939
	18.6648	6.46595
	10.063	5.72661
	12.4476	5.98468
	15.701	6.22954
	17.0132	6.39
	22.6558	6.61335
	7.44762	5.55125
	13.968	5.98008
	34.9816	7.4649
	17.968	6.30566
	8.23945	5.82205
	9.33001	5.54511
	19.5698	6.46342
	12.4612	5.89743
	10.7282	5.63328
	18.339	6.46686
	7.56981	5.45672
	5.66482	5.36736
	13.149	5.89532
	6.93181	5.36308
	23.0902	6.61217
	8.91822	5.63909
	1.89561	4.87483
	15.692	6.06095
	18.7282	6.30348
	17.4522	6.14065
	31.3436	7.19107
	15.1128	6.06268
	12.3798	5.71929
	10.2938	5.63467
	10.3436	5.5418
	7.9092	5.35978
	11.2576	5.72284
	13.1988	5.80662
	10.5834	5.63374
	11.511	5.72204
	10.3526	5.7257
	2.36621	4.87308
	11.235	5.63165
	22.244	6.69235
	16.0268	6.2286
	17.5608	6.14033
	19.6558	6.38251
	9.25761	5.54535
	6.93638	5.06497
	15.2124	5.88898
	16.2712	6.05922
	13.0314	5.71722
	11.9228	5.62944
	22.1038	6.45632
	17.33	6.22481
	19.959	6.29994
	21.149	6.53872
	12.416	5.71917
	18.8142	6.22049
	12.2124	5.62851
	14.14	5.80368
	14.6468	5.8021
	6.46578	5.06665
	15.5246	5.97537
	21.9364	6.37604
	3.52459	4.86878
	15.502	5.88809
	11.778	5.6299
	19.1038	6.21965
	16.3572	5.97284
	12.0314	5.62909
	23.7192	6.5316
	16.9002	5.9712
	10.3572	5.44746
	14.5744	5.80233
	6.39339	5.06691
	10.2758	5.25409
	17.9816	6.22291
	19.9952	6.29984
	20.1174	6.2167
	7.82778	5.16312
	8.93638	5.2587
	10.131	5.25458
	6.29838	4.96395
	25.0676	6.68471
	20.4794	6.21564
	7.76897	5.06199
	-3.24462	3.95733
	7.02237	4.96131
	14.226	5.71344
	19.502	6.21849
	2.99519	4.76319
	8.44317	5.16096
	14.2396	5.62199
	8.76897	5.15982
	-1.02742	4.2015
	27.036	6.60136
	13.2758	5.53222
	7.00878	5.06471
	8.05857	5.06096
	22.2396	6.29339
	15.864	5.88698
	9.55177	5.25658
	16.9138	5.88375
	10.6966	5.35036
	7.61058	5.16388
	12.6106	5.62723
	13.1038	5.717
	8.75538	5.25932
	11.2034	5.34865
	17.3346	5.96988
	14.5156	5.71252
	11.941	5.24835
	10.7962	5.15271
	5.39796	4.64379
	16.493	5.79634
	12.036	5.34583
	9.89116	5.15588
	11.1219	5.15156
	15.3256	5.61849
	8.28936	4.95668
	7.25316	4.8549
	13.3165	5.2436
	20.1219	5.96142
	14.2532	5.52902
	6.68755	4.74914
	7.21696	4.85503
	8.78256	5.05837
	10.0722	5.15525
	7.99074	4.74417
	10.3029	5.05292
	9.54275	5.05565
	7.03596	4.85571
	11.9907	5.14851
	9.85496	5.15601
	13.3029	5.34154
	14.0133	5.4353
	2.15815	4.18775
	18.3256	5.87941
	9.21696	5.05681
	12.0133	5.2481
	13.7011	5.34019
	16.2079	5.52261
	9.61515	5.05539
	21.5066	6.12869
	3.33915	4.30473
	10.4251	4.94888
	13.4477	5.34105
	16.4613	5.52178
	0.244137	3.80762
	16.0857	5.61604
	8.71473	4.74141
	15.5925	5.52463
	10.6876	5.15309
	22.036	6.21111
	19.8821	5.87461
	8.08575	4.85179
	16.7735	5.61382
	9.97715	5.05409
	7.84594	4.74472
	15.0631	5.43181
	9.64233	4.84598
	16.4251	5.5219
	25.0269	6.28537
	11.2079	5.04968
	15.9545	5.52344
	13.6061	5.2426
	10.3663	4.84328
	11.1355	5.04994
	20.2667	5.96098
	16.5699	5.52143
	22.0767	5.95549
	3.41155	4.30443
	12.2441	5.14762
	20.0993	5.87394
	6.23055	4.64054
	13.7283	5.1424
	5.73734	4.52949
	10.8595	4.94729
	12.5563	5.24622
	16.8233	5.5206
	21.9907	6.04211
	19.6061	5.78661
	6.99074	4.63758
	23.1717	6.12377
	25.7147	6.28338
	14.7147	5.33675
	17.2803	5.61219
	1.16272	3.66449
	13.9681	5.24135
	19.0405	5.69817
	6.56993	4.52616
	23.9681	6.12142
	19.4025	5.69702
	13.6785	5.24235
	18.6559	5.60775
	17.4387	5.51858
	21.8957	5.95604
	20.4387	5.784
	21.8007	5.8687
	13.8595	5.24172
	17.4025	5.5187
	11.0405	4.94663
	14.5111	5.23947
	13.3301	5.1438
	13.0903	5.04293
	10.3301	4.84341
	27.4749	6.3603
	26.8369	6.28015
	14.8007	5.23847
	21.4749	5.8697
	18.7283	5.60752
	17.0767	5.51977
	15.1627	5.23722
	17.3799	5.42408
	15.6197	5.33368
	19.1265	5.60623
	28.1627	6.35834
	16.6921	5.42637
	15.8731	5.33282
	16.1491	5.42819
	25.0315	6.033
	16.9817	5.42541
	23.0903	5.95241
	11.7509	5.04773
	19.9591	5.60354
	8.54732	4.6315
	8.63331	4.51791
	16.7057	5.33
	16.8143	5.32963
	14.0541	5.14125
	21.5383	5.69023
	15.2849	5.13691
	14.9591	5.13806
	18.8867	5.51383
	20.7057	5.69288
	19.1627	5.60611
	11.3437	4.83962
	16.1627	5.33184
	14.7057	5.13895
	10.4885	4.73463
	13.1989	5.04254
	16.2849	5.23334
	19.9591	5.60354
	15.9229	5.2346
	13.1627	5.04267
	17.5247	5.4236
	12.2125	4.83637
	19.0677	5.51323
	8.01792	4.52037
	13.5745	4.93735
	18.6107	5.41997
	16.8143	5.32963
	12.9591	4.9396
	7.7555	4.28612
	12.6107	4.83488
	24.9365	5.94679
	12.9003	4.8338
	16.1175	5.13398
	15.4659	5.13628
	14.6333	5.13921
	10.9591	4.73283
	20.7781	5.69265
	13.4523	5.04163
	16.8279	5.23147
	7.11293	4.52399
	19.7283	5.69598
	9.20337	5.1583
	16.3572	5.97284
	9.66939	5.44975
	10.5382	5.44686
	24.4704	6.36884
	5.23512	4.17443
	25.2125	6.03245
	17.3799	5.42408
	16.6831	5.23197
	9.59711	4.62739
	15.8505	5.23485
	11.1491	4.94623
	12.5609	4.94106
	7.92291	4.40466
	17.3211	5.32791
	15.8279	5.135
	7.76909	4.16343
	14.5881	4.93363
	12.8279	4.83407
	14.8053	4.93283
	13.1311	4.72452
	16.0949	5.03213
	4.4071	3.78778
	15.7691	5.0333
	12.9863	4.72507
	14.8415	4.9327
	13.7103	4.7223
	16.2623	5.13347
	17.0225	5.13079
	16.0723	4.92818
	19.6107	5.51145
	19.2533	5.22307
	13.3121	4.72382
	16.5293	5.03057
	10.3845	4.39453
	8.3709	4.28352
	16.0587	5.03226
	10.4207	4.39438
	9.42069	4.27908
	17.6741	5.12849
	13.7329	4.83068
	9.87769	4.39662
	16.2985	5.13334
	16.9139	5.13117
	11.2533	4.39095
	13.3845	4.72355
	8.31209	4.16107
	9.34829	4.27939
	19.4795	5.41707
	14.4931	4.82783
	14.4569	4.82797
	9.45689	4.27893
	14.1809	4.72049
	8.63788	4.15965
	7.91389	4.1628
	21.0723	5.41174
	6.67408	3.9117
	6.71028	3.91153
	18.7103	5.22495
	10.9999	4.39199
	7.20349	4.03961
	11.5655	4.50614
	16.3619	4.92712
	10.8189	4.39274
	8.85508	4.15871
	7.96368	4.0362
	10.6017	4.39363
	10.1447	4.27602
	6.07228	3.77981
	12.4705	4.50251
	11.5655	4.50614
	11.1085	4.39155
	6.52928	3.91237
	15.4343	4.8243
	11.6741	4.50571
	10.9999	4.39199
	10.6741	4.39334
	18.7465	5.22482
	7.32568	3.90868
	13.0361	4.61392
	13.3619	4.61265
	17.7601	5.02614
	7.36188	3.90852
	16.0723	4.92818
	18.2533	5.12644
	12.9049	4.50076
	10.7239	4.27357
	5.04967	3.50023
	6.03608	3.77999
	2.72387	3.20365
	12.8687	4.50091
	12.7239	4.50149
	6.76007	3.77652
	17.0723	5.02862
	5.71028	3.78155
	15.8687	4.82267
	12.1673	4.61733
	5.60168	3.78207
	15.1447	4.82539
	6.49308	3.91254
	7.45689	4.03847
	11.8415	4.61861
	11.8325	4.38856
	11.6017	4.506
	6.83247	3.77617
	9.01347	4.03149
	10.2533	4.27556
	14.3393	4.60881
	14.1221	4.60966
	13.3619	4.61265
	8.08587	3.90516
	5.15827	3.49967
	17.5927	4.9226
	10.3031	4.1524
	-3.16753	2.06385
	15.7963	4.82294
	10.6515	4.27388
	9.37547	4.02986
	15.3619	4.82457
	7.10848	3.90969
	18.4343	5.1258
	8.65147	4.03311
	3.90487	3.35512
	14.4705	4.71938
	11.8461	4.26881
	12.5067	4.50236
	12.3619	4.50294
	4.86867	3.50116
	10.8461	4.15003
	14.4479	4.60838
	11.9049	4.38826
	13.7963	4.61094
	13.6515	4.61151
	16.6379	5.03018
	10.4479	4.15177
	11.5791	4.38961
	16.8325	4.92539
	9.77366	4.02808
	5.37547	3.49854
	12.1945	4.38707
	7.70126	3.772
	9.52026	4.02921
	10.4117	4.15193
	8.59266	3.90281
	8.23067	3.90449
	8.94107	4.03181
	7.26687	3.77409
	5.97727	3.64063
	12.4117	4.38617
	7.12207	3.77478
	11.3031	4.27112
	13.2669	4.4993
	10.2307	4.15272
	7.09946	3.63505
	4.90487	3.50098
	12.2669	4.38677
	8.26687	3.90432
	18.6289	5.02301
	9.19447	4.03068
	14.5339	4.4942
	22.3031	5.40763
	13.8823	4.49683
	10.9411	4.27265
	19.2669	5.12286
	10.2443	4.02596
	4.91846	3.34965
	10.4615	4.02498
	12.4479	4.38602
	17.3031	4.92366
	8.13566	3.76992
	-0.190138	2.49481
	8.59266	3.90281
	6.92748	3.91053
	10.8053	4.5092
	3.2985	3.65393
	-2.96849	2.89777
	10.4071	4.51079
	2.8279	3.65626
	14.5067	4.71924
	16.2307	4.82131
	10.5067	4.27449
	11.4117	4.27066
	8.09946	3.77009
	12.7013	4.38498
	10.0271	4.02694
	3.55646	3.19895
	9.02706	3.9008
	7.12207	3.77478
	8.73746	3.90214
	8.19447	3.90466
	2.50667	3.20488
	5.26687	3.49911
	11.3031	4.27112
	10.1583	4.15303
	15.2443	4.60525
	9.42526	3.89895
	7.95466	3.77079
	7.30307	3.77391
	3.67865	3.03194
	12.9185	4.38408
	25.2081	5.58656
	12.0633	4.26789
	15.5339	4.60411
	1.99086	2.86662
	7.88226	3.77114
	7.57005	3.63271
	2.88226	3.03669
	13.1492	4.26328
	9.64245	3.89794
	9.31666	3.89945
	7.54744	3.48729
	5.80986	3.4963
	8.02706	3.77044
	7.31666	3.63397
	19.6651	5.12146
	7.19447	3.77443
	13.0271	4.38363
	9.85965	3.89693
	8.20806	3.76957
	14.9185	4.60653
	11.9321	4.14529
	12.2669	4.38677
	14.6425	4.49377
	8.42526	3.76853
	9.42526	3.89895
	20.9683	5.11685
	9.20806	3.89996
	15.6787	4.60355
	5.60625	3.34593
	6.52026	3.63793
	6.64245	3.49198
	14.0995	4.49595
	5.31666	3.3475
	7.82345	3.63144
	17.0044	4.70965
	6.71485	3.49161
	10.6063	4.02433
	16.5112	4.60027
	7.71485	3.63199
	8.30307	3.90416
	10.5701	4.0245
	14.7511	4.49333
	17.9321	4.81492
	9.06326	3.90063
	6.46146	3.49292
	11.1719	4.14861
	3.75105	3.0315
	10.4253	4.02515
	8.53385	3.76801
	11.7511	4.14608
	7.22165	3.48898
	14.837	4.37615
	12.5701	4.26574
	7.31666	3.63397
	10.9683	4.0227
	16.1357	4.71299
	3.31666	3.0341
	8.53385	3.76801
	2.57005	2.86296
	9.54744	3.76313
	12.0768	4.14466
	6.43885	3.34142
	10.5701	4.0245
	13.8235	4.38034
	10.7149	4.02384
	10.4026	3.89441
	7.54744	3.48729
	11.1492	4.02189
	10.2216	3.89525
	9.51124	3.76331
	12.8959	4.26436
	10.2578	3.89508
	18.1854	4.81397
	12.0044	4.14498
	1.17186	2.68533
	6.53385	3.49255
	18.2805	4.92007
	8.46146	3.76835
	13.0768	4.26359
	7.00445	3.49011
	11.0044	4.02254
	12.8959	4.26436
	12.1854	4.14419
	12.2805	4.26697
	13.113	4.26344
	17.7149	4.81574
	7.33025	3.48842
	6.67865	3.49179
	14.3529	4.49493
	13.475	4.2619
	11.7873	4.14593
	1.65604	2.48138
	1.93205	2.6802
	8.93205	3.76609
	8.11305	3.63
	9.65604	3.76261
	16.475	4.60041
	10.1492	3.89559
	11.5112	4.02026
	6.98184	3.33848
	7.53385	3.63289
	11.6198	4.01977
	14.1266	4.25913
	7.58364	3.4871
	9.22165	3.7647
	16.1357	4.71299
	8.84606	3.90164
	9.54287	4.15571
	9.66506	4.02856
	5.73746	3.49667
	11.3167	4.14798
	22.8732	5.21051
	8.42526	3.76853
	13.0768	4.26359
	9.35286	3.89929
	7.51124	3.48748
	6.47505	3.34123
	6.25785	3.3424
	9.72844	3.76226
	5.29405	3.1891
	9.76464	3.76209
	5.14925	3.18992
	9.90944	3.76139
	10.2216	3.89525
	5.87324	3.18581
	5.33025	3.18889
	9.87324	3.76157
	5.61984	3.18725
	9.22165	3.7647
	6.47505	3.34123
	10.7646	3.89273
	9.58364	3.76296
	14.7284	4.3766
	9.65604	3.76261
	10.2216	3.89525
	8.54744	3.62783
	9.18545	3.76488
	12.8008	4.1415
	6.90944	3.33887
	14.9094	4.37585
	7.04065	3.48992
	9.29405	3.76435
	4.83704	3.02501
	6.43885	3.34142
	9.01804	3.62549
	6.25785	3.3424
	1.26687	2.87119
	8.10848	4.03555
	7.6831	4.28643
	5.09032	4.17506
	9.54732	4.73823
	5.6831	4.04641
	11.0723	4.39169
	31.3891	6.09944
	17.9683	4.81478
	12.8008	4.1415
	13.2714	4.13944
	8.23524	3.48372
	18.2352	4.70492
	17.4162	4.59671
	6.87324	3.33907
	12.4886	4.01586
	7.74203	3.33436
	6.76464	3.33966
	2.01804	2.47874
	8.41624	3.48278
	10.8008	3.89256
	11.5972	3.88885
	4.52483	2.85058
	14.2352	4.25867
	10.5248	3.75843
	16.2352	4.48735
	8.19904	3.4839
	4.63343	2.84989
	5.40265	3.18848
	13.2714	4.13944
	10.5474	3.89374
	15.0542	4.37525
	12.6922	4.14197
	5.48863	3.02111
	9.59723	3.62259
	13.0904	4.14023
	7.01804	3.33828
	6.19904	3.18396
	10.8144	3.75704
	5.88683	3.01872
	5.23524	3.02263
	8.19904	3.4839
	3.63343	2.66868
	13.4524	4.13865
	15.2714	4.37435
	12.4162	4.01618
	13.4162	4.13881
	16.4886	4.48632
	8.34384	3.48315
	15.5248	4.37331
	8.43885	3.62838
	2.05424	2.47847
	11.6696	3.88852
	10.38	3.75913
	10.3438	3.7593
	9.09044	3.62512
	10.1628	3.76017
	12.4162	4.01618
	17.4886	4.59642
	13.3076	4.13928
	14.1628	4.25898
	6.27144	3.18355
	9.69224	3.76244
	7.59723	3.33514
	6.81443	3.18046
	6.12664	3.18437
	11.8732	4.01863
	5.94564	3.1854
	12.0542	4.01781
	13.6334	4.13786
	12.9592	4.01374
	9.45244	3.62332
	5.23524	3.02263
	8.90944	3.62603
	2.19904	2.47742
	7.90944	3.48541
	7.16284	3.3375
	6.94564	3.33868
	8.27144	3.48353
	9.81443	3.62151
	6.94564	3.33868
	8.88683	3.48033
	13.2352	4.1396
	9.54744	3.76313
	2.27144	2.47689
	9.11305	3.76522
	13.5972	4.13802
	6.59723	3.18169
	10.3438	3.7593
	4.74203	2.8492
	13.0316	4.01341
	17.4162	4.59671
	2.19904	2.47742
	10.8506	3.75686
	0.95923	2.02733
	9.30764	3.62404
	5.59723	3.02046
	10.199	3.76
	6.85063	3.18025
	10.1266	3.76035
	4.30764	2.85196
	12.38	4.01635
	14.199	4.25883
	13.561	4.13817
	13.104	4.01308
	10.199	3.76
	0.669633	2.02992
	8.34384	3.48315
	10.199	3.76
	11.9592	3.88717
	11.0542	3.89138
	9.66963	3.62223
	10.0316	3.62042
	7.92303	3.33337
	12.5972	4.01537
	9.41624	3.6235
	10.6696	3.75773
	12.7782	4.01455
	5.41624	3.02154
	4.92303	2.84805
	5.12664	3.02328
	6.66963	3.18128
	9.85063	3.62133
	5.10403	2.8469
	11.285	3.75477
	11.1764	3.75529
	13.8144	4.13707
	0.452435	2.03185
	12.6334	4.0152
	9.50222	3.47713
	10.2488	3.61934
	6.34384	3.18314
	6.88683	3.18005
	4.74203	2.8492
	8.38004	3.48296
	11.2352	3.89054
	9.85063	3.62133
	5.77823	3.01938
	4.83704	3.02501
	5.92303	3.01851
	8.17643	3.332
	8.17643	3.332
	10.199	3.76
	13.9592	4.13643
	9.88683	3.62115
	10.3076	3.75948
	8.74203	3.48108
	11.8506	3.88767
	12.923	4.0139
	10.7782	3.75721
	9.95923	3.62078
	11.2126	3.75512
	7.59723	3.33514
	4.34384	2.85173
	9.03163	3.47958
	5.06783	2.84713
	11.2126	3.75512
	9.74203	3.62187
	6.45244	3.18252
	8.23524	3.48372
	9.59723	3.62259
	10.2126	3.61952
	11.9592	3.88717
	8.63343	3.48165
	12.5972	4.01537
	9.10403	3.4792
	8.81443	3.48071
	14.3574	4.13469
	4.05424	2.85357
	14.561	4.25729
	7.42983	3.17695
	11.8144	3.88784
	9.71942	3.476
	6.85063	3.18025
	14.2488	4.13517
	2.46603	2.25649
	9.21263	3.47864
	12.104	3.88649
	10.8868	3.75669
	5.52483	3.02089
	4.85063	2.84851
	11.9818	4.01814
	6.64702	3.01416
	13.2714	4.13944
	9.92303	3.62096
	15.4298	4.25359
	13.7058	4.13754
	13.104	4.01308
	5.23524	3.02263
	5.66963	3.02003
	7.32123	3.17757
	6.85063	3.18025
	14.8506	4.25606
	11.1402	3.75547
	7.66963	3.33475
	11.3936	3.75424
	7.46603	3.17675
	5.53842	2.84414
	11.742	3.88818
	10.104	3.62006
	6.88683	3.18005
	14.7194	4.1331
	3.28503	2.46947
	11.7782	3.88801
	8.74203	3.48108
	7.10403	3.17881
	9.59723	3.62259
	9.28503	3.47826
	8.88683	3.48033
	10.8868	3.75669
	8.46603	3.33042
	7.88683	3.33357
	2.99543	2.47159
	10.2488	3.61934
	6.86422	3.01286
	8.99543	3.47976
	10.8868	3.75669
	11.8144	3.88784
	5.10403	2.8469
	5.85063	3.01894
	3.92303	2.66672
	7.88683	3.33357
	9.17643	3.47882
	8.53842	3.33003
	14.0316	4.13612
	9.24883	3.47845
	10.4298	3.61843
	3.03163	2.47133
	8.66963	3.48146
	10.2126	3.61952
	9.64702	3.47637
	12.6334	4.0152
	7.03163	3.17922
	6.39363	3.01568
	6.66963	3.18128
	5.06783	2.84713
	12.0316	3.88683
	7.21263	3.17819
	6.70583	3.18108
	3.53842	2.46761
	11.9954	3.887
	11.8506	3.88767
	7.52483	3.33554
	4.17643	2.665
	10.2126	3.61952
	6.24883	3.01655
	7.06783	3.17902
	12.5384	3.88447
	10.1402	3.61988
	9.99543	3.6206
	8.61082	3.32964
	9.24883	3.47845
	5.57462	2.84391
	12.7782	4.01455
	7.28503	3.17778
	5.71942	2.84298
	9.57462	3.47675
	13.6832	4.01047
	6.64702	3.01416
	3.17643	2.47027
	11.1402	3.75547
	8.21263	3.3318
	8.35743	3.33101
	8.35743	3.33101
	13.5746	4.01096
	12.5746	3.8843
	12.3936	3.88514
	8.46603	3.33042
	15.923	4.37166
	10.0316	3.62042
	9.24883	3.47845
	5.42983	2.84483
	9.21263	3.47864
	5.35743	2.84529
	12.3936	3.88514
	7.61082	3.17592
	5.32123	2.84552
	11.5384	3.75355
	9.39363	3.47769
	8.35743	3.33101
	3.64702	2.46682
	11.647	3.75302
	6.57462	3.0146
	5.42983	2.84483
	7.03163	3.17922
	7.32123	3.17757
	10.3936	3.61861
	8.61082	3.32964
	6.79182	3.01329
	8.61082	3.32964
	11.5384	3.75355
	12.3574	3.88531
	10.1538	3.47373
	6.82802	3.01308
	4.79182	2.66081
	11.3574	3.75442
	6.14023	3.0172
	4.50222	2.66278
	10.3212	3.61897
	7.50222	3.17654
	7.32123	3.17757
	8.97282	3.32767
	8.57462	3.32983
	11.5022	3.75372
	8.86422	3.32826
	11.5384	3.75355
	8.57462	3.32983
	7.93662	3.17407
	8.71942	3.32905
	7.82802	3.17468
	16.6832	4.36851
	1.42983	2.02313
	10.6108	3.61753
	6.46603	3.01525
	7.35743	3.17737
	4.57462	2.66229
	6.64702	3.01416
	6.71942	3.01373
	8.10403	3.33239
	9.64702	3.47637
	12.104	3.88649
	8.82802	3.32846
	6.17643	3.01699
	12.9004	3.88278
	10.9366	3.61589
	8.86422	3.32826
	7.93662	3.17407
	9.90042	3.47505
	7.57462	3.17613
	8.64702	3.32944
	8.57462	3.32983
	5.90042	2.84183
	8.42983	3.33062
	12.466	3.88481
	10.0678	3.62024
	1.14023	2.02572
	6.46603	3.01525
	13.2126	4.01259
	10.3936	3.61861
	11.647	3.75302
	7.64702	3.17572
	14.5384	4.1339
	3.21263	2.47
	-0.294167	1.76614
	8.17643	3.332
	6.52483	3.18211
	14.2488	4.13517
	7.42983	3.17695
	9.61082	3.47656
	6.61082	3.01438
	3.46603	2.46814
	9.61082	3.47656
	12.2986	3.74988
	8.53842	3.33003
	7.68322	3.17551
	8.79182	3.32865
	7.75562	3.1751
	9.68322	3.47619
	8.04522	3.17345
	10.5384	3.61789
	10.3936	3.61861
	11.0452	3.61535
	8.00902	3.17365
	13.647	4.01063
	19.2126	4.70116
	4.21263	2.66475
	10.2624	3.47317
	13.1764	4.01276
	9.75562	3.47581
	7.71942	3.1753
	9.61082	3.47656
	6.29862	2.83929
	10.0452	3.4743
	5.75562	2.84275
	10.19	3.47355
	10.7918	3.61662
	7.10403	3.17881
	7.53842	3.17634
	9.82802	3.47543
	6.86422	3.01286
	15.647	4.25267
	5.08142	2.65884
	11.8642	3.75197
	7.15382	3.01112
	9.71942	3.476
	4.46603	2.66303
	9.82802	3.47543
	8.90042	3.32806
	6.93662	3.01242
	8.35743	3.33101
	7.75562	3.1751
	7.79182	3.17489
	8.04522	3.17345
	12.3936	3.88514
	10.6108	3.61753
	7.71942	3.1753
	10.3212	3.61897
	11.647	3.75302
	4.46603	2.66303
	8.97282	3.32767
	4.19002	2.46283
	5.50222	2.84437
	11.1176	3.61499
	10.4434	3.47223
	7.97282	3.17386
	8.79182	3.32865
	3.79182	2.46575
	7.11762	3.01134
	4.93662	2.65983
	5.79182	2.84252
	7.82802	3.17468
	6.90042	3.01264
	5.26242	2.65761
	7.86422	3.17448
	4.00902	2.46416
	2.68322	2.25474
	11.552	3.61281
	3.11762	2.25125
	5.64702	2.84344
	8.61082	3.32964
	8.53842	3.33003
	11.828	3.75215
	10.647	3.61734
	8.61082	3.32964
	9.15382	3.32668
	9.04522	3.32728
	8.79182	3.32865
	3.53842	2.46761
	10.6108	3.61753
	4.82802	2.66057
	11.9592	3.88717
	5.61082	2.84367
	4.08142	2.46363
	5.71942	2.84298
	6.53842	3.01481
	6.71942	3.01373
	5.97282	2.84137
	5.90042	2.84183
	11.828	3.75215
	8.00902	3.17365
	8.22622	3.17241
	9.61082	3.47656
	8.04522	3.17345
	5.79182	2.84252
	6.04522	2.84091
	9.90042	3.47505
	5.86422	2.84206
	5.93662	2.8416
	13.9954	4.13627
	13.647	4.01063
	9.86422	3.47524
	7.19002	3.0109
	9.86422	3.47524
	12.1176	3.75075
	12.828	3.88312
	5.68322	2.84321
	4.37102	2.4615
	3.11762	2.25125
	6.86422	3.01286
	6.08142	2.84068
	8.04522	3.17345
	9.46603	3.47732
	7.86422	3.17448
	9.11762	3.32688
	14.1538	4.00835
	5.11762	2.6586
	9.29862	3.3259
	12.9004	3.88278
	12.3212	3.88548
	12.3936	3.88514
	10.1176	3.47392
	4.08142	2.46363
	5.97282	2.84137
	10.9004	3.61608
	11.8642	3.75197
	11.6832	3.75285
	5.86422	2.84206
	7.00902	3.01199
	5.50222	2.84437
	8.08142	3.17324
	4.79182	2.66081
	10.1176	3.47392
	9.64702	3.47637
	9.93662	3.47487
	4.90042	2.66008
	4.90042	2.66008
	6.99543	3.17943
	6.27144	3.18355
	1.90944	2.47953
	12.8008	4.1415
	5.18545	3.18972
	9.98184	3.76104
	4.23524	2.85242
	5.45244	3.02133
	22.1628	5.11262
	12.561	4.01553
	7.61082	3.17592
	7.82802	3.17468
	15.8642	4.25174
	8.14023	3.33219
	10.2624	3.47317
	9.04522	3.32728
	5.86422	2.84206
	13.2262	3.88126
	5.15382	2.65835
	7.93662	3.17407
	4.93662	2.65983
	12.2262	3.75023
	7.47962	3.00916
	13.19	3.88143
	16.009	4.25113
	7.15382	3.01112
	12.9728	3.88245
	9.93662	3.47487
	9.69681	3.32373
	12.8642	3.88295
	5.93662	2.8416
	9.86422	3.47524
	3.11762	2.25125
	8.04522	3.17345
	6.97282	3.01221
	9.97282	3.47468
	6.79182	3.01329
	14.2986	4.00769
	5.82802	2.84229
	11.5022	3.75372
	7.15382	3.01112
	11.1176	3.61499
	14.4072	4.0072
	11.552	3.61281
	7.26242	3.01047
	11.552	3.61281
	9.62441	3.32412
	12.1538	3.75058
	10.4072	3.47241
	12.371	3.74953
	11.2624	3.61426
	10.19	3.47355
	5.82802	2.84229
	8.33482	3.17179
	8.22622	3.17241
	4.00902	2.46416
	7.97282	3.17386
	5.19002	2.6581
	11.2624	3.61426
	9.15382	3.32668
	8.11762	3.17303
	14.4072	4.0072
	4.15382	2.46309
	3.11762	2.25125
	7.29862	3.01025
	8.40722	3.17138
	7.33482	3.01003
	9.68322	3.47619
	10.5158	3.47185
	12.0452	3.7511
	0.828022	1.7546
	14.009	4.009
	4.33482	2.46176
	7.33482	3.01003
	7.40722	3.00959
	7.08142	3.01155
	7.44342	3.00938
	5.04522	2.65909
	3.22622	2.25038
	7.84161	3.00698
	11.2262	3.61444
	3.33482	2.24951
	11.0452	3.61535
	10.828	3.61644
	10.0814	3.47411
	8.47962	3.17097
	12.19	3.7504
	1.15382	1.75124
	3.04522	2.25184
	11.0814	3.61517
	7.51581	3.00894
	9.00902	3.32747
	4.15382	2.46309
	1.82802	2.01956
	2.55201	2.01306
	5.97282	2.84137
	7.51581	3.00894
	6.75562	3.01351
	14.733	4.00573
	5.73301	2.6544
	8.44342	3.17117
	5.80541	2.65391
	4.51581	2.46043
	7.40722	3.00959
	13.1176	3.88177
	5.22622	2.65786
	6.62441	2.83722
	10.2986	3.47298
	8.19002	3.17262
	5.15382	2.65835
	3.22622	2.25038
	9.22622	3.32629
	11.2262	3.61444
	7.80541	3.0072
	9.29862	3.3259
	6.26242	2.83952
	12.1176	3.75075
	3.68322	2.46655
	6.93662	3.01242
	12.4072	3.74935
	15.5882	4.1293
	6.22622	2.83976
	7.40722	3.00959
	0.515815	1.43308
	9.15382	3.32668
	7.75562	3.1751
	8.22622	3.17241
	6.11762	2.84045
	10.009	3.47449
	13.19	3.88143
	9.19002	3.32649
	10.0814	3.47411
	4.71942	2.66131
	10.6244	3.47128
	8.11762	3.17303
	12.552	3.74866
	5.33482	2.65712
	9.40722	3.32531
	9.04522	3.32728
	7.29862	3.01025
	7.37102	3.00981
	11.371	3.61372
	10.4072	3.47241
	2.98641	2.00915
	7.47962	3.00916
	10.4434	3.47223
	9.08142	3.32708
	13.5158	3.87991
	3.55201	2.24776
	4.19002	2.46283
	9.11762	3.32688
	3.97282	2.46442
	9.29862	3.3259
	9.08142	3.32708
	13.371	3.88059
	8.40722	3.17138
	9.26242	3.32609
	6.51581	2.83791
	11.5158	3.61299
	11.0814	3.61517
	13.0452	3.88211
	14.4072	4.0072
	14.371	4.00736
	10.9728	3.61571
	10.7194	3.61698
	10.5882	3.47147
	3.71942	2.46628
	9.33482	3.3257
	5.40722	2.65663
	5.62441	2.65515
	16.1176	4.25066
	6.51581	2.83791
	6.29862	2.83929
	5.29862	2.65737
	10.9004	3.61608
	9.22622	3.32629
	8.97282	3.32767
	7.51581	3.00894
	5.51581	2.65589
	2.82802	2.25358
	8.93662	3.32787
	4.66061	2.45937
	4.93662	2.65983
	6.51581	2.83791
	5.37102	2.65687
	7.44342	3.00938
	9.19002	3.32649
	9.37102	3.3255
	8.37102	3.17159
	12.2986	3.74988
	8.33482	3.17179
	9.47962	3.32491
	8.55201	3.17055
	9.93662	3.47487
	11.2624	3.61426
	7.19002	3.0109
	4.37102	2.4615
	5.58821	2.65539
	6.29862	2.83929
	7.08142	3.01155
	8.22622	3.17241
	4.15382	2.46309
	2.58821	2.01274
	11.2262	3.61444
	5.40722	2.65663
	14.9366	4.13215
	6.97282	3.01221
	6.98641	2.83491
	8.29862	3.172
	8.22622	3.17241
	7.80541	3.0072
	11.2624	3.61426
	5.55201	2.65564
	10.2624	3.47317
	9.40722	3.32531
	11.009	3.61553
	8.26242	3.17221
	10.0814	3.47411
	11.1538	3.61481
	11.6606	3.61227
	12.371	3.74953
	10.5882	3.47147
	7.29862	3.01025
	11.3574	3.75442
	7.99543	3.33298
	2.48863	2.4753
	13.4026	4.26221
	5.62886	3.49723
	6.13566	3.49461
	5.64245	3.34573
	12.8732	4.14118
	12.647	3.88396
	8.79182	3.32865
	10.8642	3.61626
	12.5158	3.74883
	13.5158	3.87991
	6.69681	2.83675
	10.1538	3.47373
	9.37102	3.3255
	5.69681	2.65465
	13.1176	3.88177
	5.55201	2.65564
	5.40722	2.65663
	7.22622	3.01068
	11.2262	3.61444
	4.19002	2.46283
	11.6606	3.61227
	9.76921	3.32333
	5.29862	2.65737
	16.6968	4.2482
	14.4434	4.00704
	6.51581	2.83791
	3.40722	2.24892
	3.40722	2.24892
	4.62441	2.45963
	7.40722	3.00959
	8.37102	3.17159
	8.55201	3.17055
	4.62441	2.45963
	8.55201	3.17055
	9.22622	3.32629
	3.51581	2.24805
	-0.484185	1.02651
	9.51581	3.32471
	8.58821	3.17035
	4.44342	2.46096
	4.15382	2.46309
	9.44342	3.32511
	5.73301	2.6544
	10.4072	3.47241
	7.69681	3.00785
	7.80541	3.0072
	8.80541	3.16911
	6.76921	2.83629
	3.55201	2.24776
	4.80541	2.4583
	8.69681	3.16973
	10.5158	3.47185
	10.6244	3.47128
	1.58821	1.74674
	7.73301	3.00763
	5.08142	2.65884
	3.29862	2.2498
	6.76921	2.83629
	7.58821	3.00851
	8.84161	3.1689
	13.5882	3.87958
	10.2624	3.47317
	5.47962	2.65613
	8.55201	3.17055
	1.80541	1.74449
	17.552	4.36491
	7.76921	3.00742
	8.58821	3.17035
	6.47962	2.83814
	5.76921	2.65416
	7.69681	3.00785
	8.44342	3.17117
	9.51581	3.32471
	9.44342	3.32511
	6.02261	2.65243
	13.371	3.88059
	9.15382	3.32668
	4.75562	2.66106
	3.01804	2.67285
	3.89585	3.03064
	0.144678	2.87826
	3.71028	3.50715
	2.66049	3.51256
	1.09489	3.21284
	11.4388	4.02059
	10.5248	3.75843
	11.828	3.75215
	17.6244	4.36461
	18.4434	4.47843
	7.11762	3.01134
	12.2624	3.75005
	11.0814	3.61517
	9.98641	3.32215
	9.73301	3.32353
	12.4072	3.74935
	6.73301	2.83652
	12.19	3.7504
	14.7692	4.00557
	9.98641	3.32215
	8.33482	3.17179
	3.73301	2.2463
	9.87781	3.32274
	7.66061	3.00807
	5.22622	2.65786
	7.62441	3.00829
	0.095009	1.01625
	10.6606	3.47109
	9.58821	3.32432
	7.91401	3.00654
	9.19002	3.32649
	9.84161	3.32294
	8.22622	3.17241
	3.84161	2.24542
	10.6606	3.47109
	5.80541	2.65391
	7.69681	3.00785
	5.98641	2.65268
	3.47962	2.24834
	3.76921	2.24601
	8.69681	3.16973
	14.6606	4.00606
	13.3348	3.88076
	8.58821	3.17035
	7.33482	3.01003
	15.1674	4.00377
	10.8416	3.47015
	10.4072	3.47241
	3.55201	2.24776
	5.80541	2.65391
	7.58821	3.00851
	5.69681	2.65465
	4.91401	2.4575
	6.37102	2.83883
	8.40722	3.17138
	6.55201	2.83768
	3.55201	2.24776
	15.9502	4.12771
	4.80541	2.4583
	8.87781	3.16869
	6.73301	2.83652
	3.13121	2.00785
	9.55201	3.32452
	2.69681	2.01176
	4.91401	2.4575
	10.2986	3.47298
	9.73301	3.32353
	11.9864	3.61064
	4.66061	2.45937
	7.84161	3.00698
	8.69681	3.16973
	12.8778	3.74708
	14.5882	4.00638
	12.552	3.74866
	6.73301	2.83652
	10.6244	3.47128
	5.05881	2.45643
	13.9864	3.87772
	8.69681	3.16973
	6.91401	2.83537
	4.55201	2.46017
	8.73301	3.16952
	14.8054	4.0054
	7.87781	3.00676
	14.0226	3.87755
	8.37102	3.17159
	7.73301	3.00763
	12.4434	3.74918
	9.33482	3.3257
	9.58821	3.32432
	13.6244	3.87941
	5.73301	2.6544
	15.2398	4.00344
	8.40722	3.17138
	3.62441	2.24718
	13.0226	3.74638
	4.95021	2.45723
	11.7692	3.61172
	7.66061	3.00807
	4.69681	2.4591
	9.37102	3.3255
	7.84161	3.00698
	5.55201	2.65564
	12.8778	3.74708
	12.6606	3.74813
	5.98641	2.65268
	4.87781	2.45777
	5.91401	2.65317
	7.84161	3.00698
	9.05881	3.16766
	8.91401	3.16849
	7.80541	3.0072
	7.66061	3.00807
	9.84161	3.32294
	13.7692	3.87873
	3.73301	2.2463
	6.40722	2.8386
	6.91401	2.83537
	6.69681	2.83675
	6.62441	2.83722
	10.8416	3.47015
	13.8778	3.87822
	9.44342	3.32511
	7.09501	2.83421
	4.37102	2.4615
	4.58821	2.4599
	12.8054	3.74743
	12.733	3.74778
	12.8054	3.74743
	7.66061	3.00807
	10.6606	3.47109
	11.914	3.611
	6.98641	2.83491
	15.6968	4.12882
	7.58821	3.00851
	6.87781	2.8356
	5.02261	2.4567
	7.58821	3.00851
	9.80541	3.32314
	7.09501	2.83421
	6.76921	2.83629
	5.44342	2.65638
	5.91401	2.65317
	9.47962	3.32491
	10.733	3.47072
	3.84161	2.24542
	2.84161	2.01046
	6.84161	2.83583
	10.9502	3.46958
	9.87781	3.32274
	10.8416	3.47015
	9.87781	3.32274
	8.29862	3.172
	3.98641	2.24426
	7.66061	3.00807
	14.2398	3.87653
	5.91401	2.65317
	11.9502	3.61082
	10.733	3.47072
	9.66061	3.32393
	11.7692	3.61172
	10.6968	3.4709
	5.84161	2.65366
	10.9502	3.46958
	7.76921	3.00742
	6.69681	2.83675
	5.98641	2.65268
	10.9864	3.46939
	6.76921	2.83629
	3.91401	2.24484
	11.0226	3.4692
	8.76921	3.16931
	8.37102	3.17159
	6.62441	2.83722
	5.58821	2.65539
	10.733	3.47072
	10.2624	3.47317
	14.552	4.00655
	7.62441	3.00829
	6.91401	2.83537
	11.6244	3.61245
	13.914	3.87806
	7.05881	2.83444
	8.98641	3.16807
	3.55201	2.24776
	13.4072	3.88042
	8.62441	3.17014
	6.69681	2.83675
	10.6968	3.4709
	8.76921	3.16931
	9.13121	3.16725
	10.5882	3.47147
	4.55201	2.46017
	12.914	3.74691
	12.4796	3.749
	9.02261	3.16787
	4.84161	2.45803
	6.95021	2.83514
	4.98641	2.45697
	7.95021	3.00633
	8.80541	3.16911
	11.8778	3.61118
	10.3122	3.32038
	5.51581	2.65589
	2.66061	2.01208
	7.87781	3.00676
	5.98641	2.65268
	6.73301	2.83652
	6.69681	2.83675
	8.91401	3.16849
	6.05881	2.65218
	7.80541	3.0072
	7.95021	3.00633
	5.87781	2.65342
	6.44342	2.83837
	7.95021	3.00633
	9.47962	3.32491
	7.69681	3.00785
	3.84161	2.24542
	11.8054	3.61154
	7.76921	3.00742
	11.552	3.61281
	9.91401	3.32255
	6.95021	2.83514
	3.58821	2.24747
	10.9864	3.46939
	10.7692	3.47053
	8.87781	3.16869
	8.16741	3.00502
	5.80541	2.65391
	5.80541	2.65391
	17.0226	4.24681
	8.05881	3.00567
	12.6606	3.74813
	12.8416	3.74726
	6.91401	2.83537
	7.62441	3.00829
	15.0588	4.00426
	10.0226	3.32195
	9.16741	3.16704
	6.95021	2.83514
	5.76921	2.65416
	11.8778	3.61118
	3.84161	2.24542
	8.98641	3.16807
	9.98641	3.32215
	4.91401	2.4575
	12.8054	3.74743
	5.02261	2.4567
	8.84161	3.1689
	10.914	3.46977
	9.91401	3.32255
	10.914	3.46977
	9.73301	3.32353
	1.76921	1.74487
	10.095	3.32156
	6.40722	2.8386
	5.58821	2.65539
	5.91401	2.65317
	6.80541	2.83606
	6.76921	2.83629
	7.66061	3.00807
	6.66061	2.83699
	10.9502	3.46958
	4.66061	2.45937
	11.7692	3.61172
	13.9864	3.87772
	7.58821	3.00851
	6.62441	2.83722
	14.1674	3.87687
	10.9864	3.46939
	8.87781	3.16869
	8.91401	3.16849
	7.69681	3.00785
	8.95021	3.16828
	11.2036	3.46826
	8.13121	3.00524
	11.0226	3.4692
	11.733	3.61191
	6.66061	2.83699
	10.0226	3.32195
	14.7692	4.00557
	10.8054	3.47034
	6.09501	2.65194
	8.73301	3.16952
	8.91401	3.16849
	5.20361	2.45537
	12.095	3.61009
	4.95021	2.45723
	8.76921	3.16931
	4.95021	2.45723
	13.8054	3.87856
	10.9864	3.46939
	9.13121	3.16725
	7.95021	3.00633
	11.0226	3.4692
	9.09501	3.16745
	4.87781	2.45777
	6.02261	2.65243
	9.05881	3.16766
	6.76921	2.83629
	9.66061	3.32393
	8.02261	3.00589
	15.6244	4.12914
	7.73301	3.00763
	11.6606	3.61227
	3.95021	2.24455
	9.91401	3.32255
	6.73301	2.83652
	8.80541	3.16911
	8.87781	3.16869
	5.05881	2.45643
	4.80541	2.4583
	2.87781	2.01013
	12.1674	3.60973
	6.66061	2.83699
	9.09501	3.16745
	7.91401	3.00654
	8.87781	3.16869
	16.914	4.24727
	7.95021	3.00633
	8.80541	3.16911
	7.62441	3.00829
	9.09501	3.16745
	6.51581	2.83791
	10.095	3.32156
	10.1674	3.32117
	5.80541	2.65391
	13.2036	3.74551
	9.02261	3.16787
	10.8778	3.46996
	8.02261	3.00589
	9.09501	3.16745
	8.62441	3.17014
	9.23981	3.16663
	12.733	3.74778
	4.69681	2.4591
	12.3122	3.609
	14.6606	4.00606
	7.76921	3.00742
	12.914	3.74691
	11.8778	3.61118
	6.09501	2.65194
	11.9864	3.61064
	3.80541	2.24572
	8.20361	3.0048
	8.87781	3.16869
	4.31221	2.24163
	13.8778	3.87822
	10.733	3.47072
	11.9864	3.61064
	5.76921	2.65416
	5.02261	2.4567
	8.55201	3.17055
	8.13121	3.00524
	7.58821	3.00851
	7.84161	3.00698
	4.91401	2.4575
	8.69681	3.16973
	9.20361	3.16683
	4.66061	2.45937
	7.87781	3.00676
	16.8416	4.24758
	8.73301	3.16952
	11.8642	3.75197
	8.40722	3.17138
	5.08142	2.65884
	5.66061	2.6549
	5.84161	2.65366
	8.44342	3.17117
	18.0226	4.36296
	9.55201	3.32452
	8.16741	3.00502
	7.98641	3.00611
	9.91401	3.32255
	8.98641	3.16807
	11.8054	3.61154
	11.1312	3.46864
	7.05881	2.83444
	9.05881	3.16766
	7.16741	2.83375
	6.98641	2.83491
	11.2036	3.46826
	14.0588	3.87738
	13.095	3.74603
	9.05881	3.16766
	8.76921	3.16931
	11.7692	3.61172
	10.3122	3.32038
	8.84161	3.1689
	7.23981	2.83329
	8.34841	3.00393
	13.6606	3.87924
	10.9864	3.46939
	9.84161	3.32294
	8.05881	3.00567
	11.9502	3.61082
	5.09501	2.45617
	5.05881	2.45643
	9.87781	3.32274
	6.87781	2.8356
	14.3846	3.87586
	4.23981	2.24221
	18.0588	4.36281
	8.02261	3.00589
	13.095	3.74603
	8.05881	3.00567
	7.91401	3.00654
	1.73301	1.74524
	11.1312	3.46864
	8.02261	3.00589
	7.98641	3.00611
	5.69681	2.65465
	6.05881	2.65218
	12.6968	3.74796
	3.95021	2.24455
	6.27601	2.6507
	7.02261	2.83467
	13.7692	3.87873
	8.02261	3.00589
	10.914	3.46977
	7.95021	3.00633
	9.95021	3.32235
	11.0588	3.46902
	17.095	4.2465
	10.1674	3.32117
	9.80541	3.32314
	5.23981	2.4551
	10.1312	3.32136
	2.84161	2.01046
	7.98641	3.00611
	8.58821	3.17035
	8.95021	3.16828
	10.3846	3.31998
	8.84161	3.1689
	11.095	3.46883
	5.02261	2.4567
	12.0226	3.61045
	13.7692	3.87873
	8.84161	3.1689
	5.91401	2.65317
	13.0226	3.74638
	11.8778	3.61118
	11.0226	3.4692
	8.91401	3.16849
	10.914	3.46977
	8.16741	3.00502
	6.91401	2.83537
	4.73301	2.45883
	6.95021	2.83514
	7.31221	2.83283
	4.73301	2.45883
	13.0226	3.74638
	9.09501	3.16745
	9.02261	3.16787
	11.914	3.611
	8.16741	3.00502
	4.51581	2.46043
	10.2036	3.32097
	10.1312	3.32136
	8.31221	3.00415
	13.9502	3.87789
	13.8778	3.87822
	6.09501	2.65194
	12.0588	3.61027
	11.0588	3.46902
	11.3122	3.46769
	10.2398	3.32077
	3.76921	2.24601
	10.9502	3.46958
	10.276	3.32057
	6.84161	2.83583
	8.13121	3.00524
	6.02261	2.65243
	5.31221	2.45457
	9.76921	3.32333
	13.0226	3.74638
	13.4434	3.88025
	12.8416	3.74726
	13.095	3.74603
	13.095	3.74603
	5.02261	2.4567
	13.0226	3.74638
	15.3122	4.00311
	8.84161	3.1689
	11.8778	3.61118
	7.23981	2.83329
	3.80541	2.24572
	7.95021	3.00633
	10.371	3.4726
	7.91401	3.00654
	11.371	3.61372
	12.5158	3.74883
	8.62441	3.17014
	14.733	4.00573
	12.733	3.74778
	9.95021	3.32235
	10.9502	3.46958
	4.80541	2.4583
	7.09501	2.83421
	12.9502	3.74673
	11.095	3.46883
	13.9502	3.87789
	7.87781	3.00676
	11.8054	3.61154
	10.8054	3.47034
	7.69681	3.00785
	9.16741	3.16704
	12.1312	3.60991
	6.20361	2.65119
	8.05881	3.00567
	11.3846	3.46732
	13.095	3.74603
	13.1312	3.74586
	11.4208	3.46713
	7.27601	2.83306
	10.8778	3.46996
	14.0588	3.87738
	10.0588	3.32176
	11.1312	3.46864
	8.27601	3.00436
	12.0226	3.61045
	6.42081	2.64971
	10.276	3.32057
	9.20361	3.16683
	8.80541	3.16911
	12.0226	3.61045
	6.76921	2.83629
	6.98641	2.83491
	12.0588	3.61027
	9.84161	3.32294
	16.2036	4.1266
	15.276	4.00327
	10.1312	3.32136
	9.87781	3.32274
	5.31221	2.45457
	12.0588	3.61027
	10.0226	3.32195
	10.0226	3.32195
	7.05881	2.83444
	7.87781	3.00676
	9.98641	3.32215
	14.1312	3.87704
	13.0226	3.74638
	10.8416	3.47015
	7.80541	3.0072
	6.87781	2.8356
	7.40722	3.00959
	4.09501	2.24338
	11.095	3.46883
	4.20361	2.24251
	9.27601	3.16642
	13.0226	3.74638
	8.95021	3.16828
	13.2398	3.74533
	9.95021	3.32235
	6.13121	2.65169
	13.4208	3.74446
	9.05881	3.16766
	11.1674	3.46845
	10.3846	3.31998
	14.1312	3.87704
	7.87781	3.00676
	7.16741	2.83375
	8.20361	3.0048
	10.4932	3.31939
	8.16741	3.00502
	10.3484	3.32018
	9.20361	3.16683
	4.02261	2.24397
	7.84161	3.00698
	3.33482	2.24951
	5.58821	2.65539
	8.58821	3.17035
	8.69681	3.16973
	12.8416	3.74726
	8.20361	3.0048
	4.95021	2.45723
	7.27601	2.83306
	11.2036	3.46826
	11.3122	3.46769
	9.23981	3.16663
	8.13121	3.00524
	8.05881	3.00567
	12.0588	3.61027
	6.91401	2.83537
	8.40722	3.17138
	9.95021	3.32235
	10.1312	3.32136
	5.05881	2.45643
	8.20361	3.0048
	12.1312	3.60991
	9.02261	3.16787
	9.95021	3.32235
	8.27601	3.00436
	6.95021	2.83514
	17.0226	4.24681
	14.8416	4.00524
	15.9864	4.12755
	12.1312	3.60991
	7.42081	2.83213
	12.3122	3.609
	12.1674	3.60973
	10.2398	3.32077
	6.98641	2.83491
	7.02261	2.83467
	10.8416	3.47015
	13.0226	3.74638
	10.8778	3.46996
	12.9864	3.74656
	7.02261	2.83467
	6.27601	2.6507
	9.05881	3.16766
	8.13121	3.00524
	13.1674	3.74568
	14.1674	3.87687
	5.02261	2.4567
	8.20361	3.0048
	13.1312	3.74586
	7.91401	3.00654
	10.0588	3.32176
	8.13121	3.00524
	7.05881	2.83444
	10.914	3.46977
	13.7692	3.87873
	10.3846	3.31998
	6.23981	2.65095
	10.1674	3.32117
	9.98641	3.32215
	13.276	3.74516
	8.27601	3.00436
	10.457	3.31959
	8.27601	3.00436
	10.3122	3.32038
	8.05881	3.00567
	8.27601	3.00436
	9.05881	3.16766
	13.914	3.87806
	14.1312	3.87704
	16.0226	4.12739
	13.2398	3.74533
	14.1312	3.87704
	12.8778	3.74708
	12.457	3.60828
	6.84161	2.83583
	14.3846	3.87586
	8.09501	3.00546
	9.38461	3.1658
	9.05881	3.16766
	7.5656	2.83121
	7.02261	2.83467
	13.3484	3.74481
	10.276	3.32057
	9.42081	3.16559
	11.095	3.46883
	17.2036	4.24604
	13.4932	3.74411
	14.276	3.87637
	11.3484	3.4675
	15.1674	4.00377
	7.09501	2.83421
	12.3484	3.60882
	7.02261	2.83467
	10.8778	3.46996
	12.3484	3.60882
	19.9864	4.58658
	12.276	3.60918
	5.31221	2.45457
	12.095	3.61009
	9.02261	3.16787
	14.095	3.87721
	12.2036	3.60955
	9.91401	3.32255
	11.5294	3.46656
	11.9502	3.61082
	14.2036	3.8767
	10.2398	3.32077
	13.0588	3.74621
	14.095	3.87721
	14.0588	3.87738
	13.276	3.74516
	10.3122	3.32038
	7.42081	2.83213
	6.76921	2.83629
	7.02261	2.83467
	9.20361	3.16683
	5.09501	2.45617
	7.20361	2.83352
	9.09501	3.16745
	11.3484	3.4675
	2.16741	1.74073
	13.1674	3.74568
	7.95021	3.00633
	8.27601	3.00436
	13.3484	3.74481
	9.95021	3.32235
	4.27601	2.24192
	9.05881	3.16766
	8.95021	3.16828
	11.276	3.46788
	7.05881	2.83444
	8.20361	3.0048
	7.31221	2.83283
	15.3122	4.00311
	11.2398	3.46807
	12.4208	3.60846
	6.09501	2.65194
	8.87781	3.16869
	12.1674	3.60973
	7.09501	2.83421
	4.91401	2.4575
	17.3122	4.24557
	10.0226	3.32195
	14.2398	3.87653
	6.91401	2.83537
	11.1312	3.46864
	8.95021	3.16828
	14.457	3.87552
	17.1674	4.24619
	12.1674	3.60973
	9.02261	3.16787
	8.02261	3.00589
	8.09501	3.00546
	13.0588	3.74621
	10.276	3.32057
	6.45701	2.64946
	12.3122	3.609
	13.3846	3.74463
	12.276	3.60918
	14.2398	3.87653
	15.4208	4.00262
	13.457	3.74428
	3.31221	2.00621
	15.3846	4.00278
	19.1674	4.4755
	11.3484	3.4675
	6.13121	2.65169
	8.05881	3.00567
	6.42081	2.64971
	10.0226	3.32195
	12.2398	3.60937
	12.4208	3.60846
	7.20361	2.83352
	10.3484	3.32018
	7.23981	2.83329
	9.95021	3.32235
	12.3122	3.609
	6.31221	2.65045
	8.31221	3.00415
	12.3846	3.60864
	9.42081	3.16559
	8.31221	3.00415
	12.5656	3.60773
	9.5656	3.16476
	14.3122	3.8762
	16.3122	4.12612
	7.20361	2.83352
	10.2036	3.32097
	15.4932	4.00229
	12.4208	3.60846
	6.87781	2.8356
	8.13121	3.00524
	10.1674	3.32117
	12.3484	3.60882
	11.4932	3.46675
	7.27601	2.83306
	15.1312	4.00393
	11.3484	3.4675
	11.3484	3.4675
	10.0588	3.32176
	14.1312	3.87704
	7.98641	3.00611
	8.76921	3.16931
	7.87781	3.00676
	9.19002	3.32649
	9.40722	3.32531
	11.8778	3.61118
	23.1674	4.90205
	14.1674	3.87687
	10.1674	3.32117
	8.31221	3.00415
	9.16741	3.16704
	7.13121	2.83398
	15.2398	4.00344
	14.0588	3.87738
	15.3846	4.00278
	10.6018	3.3188
	6.34841	2.65021
	11.095	3.46883
	5.95021	2.65292
	7.09501	2.83421
	14.1312	3.87704
	9.20361	3.16683
	17.3484	4.24542
	11.1674	3.46845
	14.3846	3.87586
	9.23981	3.16663
	10.2036	3.32097
	7.27601	2.83306
	12.1312	3.60991
	12.9864	3.74656
	6.27601	2.6507
	15.0588	4.00426
	17.5294	4.24465
	13.1674	3.74568
	11.276	3.46788
	11.5656	3.46637
	6.16741	2.65144
	12.3484	3.60882
	12.095	3.61009
	17.3484	4.24542
	15.3484	4.00295
	10.2398	3.32077
	14.3122	3.8762
	10.0226	3.32195
	8.34841	3.00393
	12.3484	3.60882
	8.34841	3.00393
	6.20361	2.65119
	10.2036	3.32097
	10.276	3.32057
	10.2398	3.32077
	10.0588	3.32176
	11.0588	3.46902
	18.457	4.36115
	10.4208	3.31978
	11.276	3.46788
	12.3122	3.609
	16.4932	4.12533
	12.3846	3.60864
	7.45701	2.8319
	10.0588	3.32176
	8.45701	3.00327
	11.3846	3.46732
	15.4208	4.00262
	17.457	4.24496
	5.5294	2.45296
	5.38461	2.45403
	11.3122	3.46769
	9.20361	3.16683
	16.457	4.12549
	16.8054	4.24773
	15.2398	4.00344
	12.1312	3.60991
	13.1674	3.74568
	13.3846	3.74463
	16.3484	4.12597
	7.13121	2.83398
	14.3846	3.87586
	9.5294	3.16497
	6.23981	2.65095
	4.42081	2.24075
	8.13121	3.00524
	10.1312	3.32136
	12.4208	3.60846
	9.98641	3.32215
	7.38461	2.83236
	6.16741	2.65144
	14.1674	3.87687
	14.5294	3.87518
	18.3122	4.36175
	6.20361	2.65119
	6.23981	2.65095
	8.09501	3.00546
	13.457	3.74428
	17.3846	4.24527
	10.0226	3.32195
	7.09501	2.83421
	17.5656	4.24449
	14.2398	3.87653
	10.2036	3.32097
	11.2398	3.46807
	15.3122	4.00311
	7.27601	2.83306
	7.20361	2.83352
	15.2398	4.00344
	12.1674	3.60973
	16.2036	4.1266
	6.20361	2.65119
	8.16741	3.00502
	6.45701	2.64946
	14.1312	3.87704
	12.3484	3.60882
	10.3122	3.32038
	15.5656	4.00197
	13.3846	3.74463
	15.1312	4.00393
	18.0226	4.36296
	5.45701	2.4535
	9.09501	3.16745
	9.34841	3.166
	9.13121	3.16725
	10.1674	3.32117
	8.31221	3.00415
	9.38461	3.1658
	12.3122	3.609
	8.95021	3.16828
	12.276	3.60918
	12.095	3.61009
	14.2398	3.87653
	11.1312	3.46864
	12.0588	3.61027
	6.02261	2.65243
	13.4208	3.74446
	12.3484	3.60882
	15.8778	4.12803
	8.16741	3.00502
	6.42081	2.64971
	14.3122	3.8762
	12.1674	3.60973
	9.09501	3.16745
	17.276	4.24573
	10.276	3.32057
	10.2398	3.32077
	12.3122	3.609
	10.5656	3.31899
	8.38461	3.00371
	12.3846	3.60864
	13.3122	3.74498
	9.16741	3.16704
	7.20361	2.83352
	14.6018	3.87484
	12.3122	3.609
	7.23981	2.83329
	13.2036	3.74551
	11.8416	3.61136
	11.5882	3.61263
	10.6108	3.61753
	9.39363	3.47769
	15.8732	4.48881
	7.38004	3.33632
	7.95923	3.33318
	9.50222	3.47713
	12.0452	3.7511
	12.9864	3.74656
	8.27601	3.00436
	15.8416	4.12819
	13.095	3.74603
	21.1674	4.69363
	14.3122	3.8762
	15.3122	4.00311
	11.914	3.611
	20.0588	4.58629
	9.42081	3.16559
	12.2036	3.60955
	17.4932	4.2448
	14.4932	3.87535
	9.45701	3.16538
	13.3484	3.74481
	12.2036	3.60955
	11.3122	3.46769
	19.276	4.47507
	18.3122	4.36175
	15.457	4.00246
	16.4932	4.12533
	16.276	4.12628
	12.3846	3.60864
	16.1674	4.12676
	11.2036	3.46826
	13.276	3.74516
	15.3846	4.00278
	16.4932	4.12533
	16.2398	4.12644
	13.3484	3.74481
	14.1312	3.87704
	10.5294	3.31919
	13.1674	3.74568
	17.5294	4.24465
	15.457	4.00246
	10.2036	3.32097
	19.1312	4.47565
	16.457	4.12549
	9.42081	3.16559
	11.3846	3.46732
	16.4208	4.12565
	10.2036	3.32097
	12.5656	3.60773
	12.5294	3.60791
	16.2036	4.1266
	11.5294	3.46656
	11.457	3.46694
	10.8778	3.46996
	11.3484	3.4675
	15.095	4.00409
	20.2036	4.58572
	15.457	4.00246
	8.31221	3.00415
	12.3484	3.60882
	4.42081	2.24075
	8.6018	3.0024
	11.6018	3.46618
	18.3122	4.36175
	18.3484	4.3616
	10.4208	3.31978
	14.1674	3.87687
	13.914	3.87806
	15.0226	4.00442
	13.2036	3.74551
	15.095	4.00409
	8.69681	3.16973
	20.9864	4.69433
	7.84161	3.00698
	9.95021	3.32235
	13.1312	3.74586
	13.3484	3.74481
	20.2398	4.58558
	15.457	4.00246
	15.3846	4.00278
	13.5294	3.74393
	8.20361	3.0048
	17.3846	4.24527
	17.3122	4.24557
	16.3846	4.12581
	9.16741	3.16704
	14.3846	3.87586
	8.42081	3.00349
	13.2398	3.74533
	17.3484	4.24542
	14.3846	3.87586
	17.457	4.24496
	16.2036	4.1266
	10.4932	3.31939
	14.3846	3.87586
	14.2036	3.8767
	19.276	4.47507
	10.3846	3.31998
	19.276	4.47507
	18.4932	4.361
	14.1312	3.87704
	7.31221	2.83283
	18.0588	4.36281
	18.3122	4.36175
	11.2036	3.46826
	17.2398	4.24588
	16.6742	4.12454
	12.6742	3.60719
	12.6018	3.60755
	8.27601	3.00436
	11.0226	3.4692
	19.3122	4.47492
	14.5294	3.87518
	16.276	4.12628
	12.3484	3.60882
	22.3122	4.79843
	9.31221	3.16621
	12.1312	3.60991
	12.0226	3.61045
	12.3484	3.60882
	12.095	3.61009
	13.4208	3.74446
	16.095	4.12708
	11.276	3.46788
	18.276	4.3619
	13.2398	3.74533
	20.8778	4.69474
	15.3846	4.00278
	14.3484	3.87603
	13.3122	3.74498
	11.3484	3.4675
	13.2398	3.74533
	14.1674	3.87687
	12.4932	3.60809
	10.3846	3.31998
	13.276	3.74516
	19.1674	4.4755
	10.3846	3.31998
	13.3484	3.74481
	11.5294	3.46656
	10.3846	3.31998
	16.5656	4.12501
	13.2036	3.74551
	11.7466	3.46543
	14.3846	3.87586
	16.3122	4.12612
	10.457	3.31959
	25.3846	5.1012
	19.2398	4.47521
	12.457	3.60828
	21.3122	4.69307
	15.276	4.00327
	12.4208	3.60846
	14.6742	3.87451
	13.4208	3.74446
	12.1674	3.60973
	14.3484	3.87603
	14.1312	3.87704
	9.20361	3.16683
	14.3122	3.8762
	12.3846	3.60864
	9.23981	3.16663
	12.3484	3.60882
	10.9502	3.46958
	8.87781	3.16869
	10.9864	3.46939
	9.87781	3.32274
	16.8416	4.24758
	7.29862	3.01025
	13.276	3.74516
	14.2036	3.8767
	12.2398	3.60937
	16.457	4.12549
	13.1312	3.74586
	10.2398	3.32077
	9.09501	3.16745
	13.9864	3.87772
	15.7918	4.25205
	2.53842	2.25591
	5.68322	2.84321
	12.009	3.75128
	8.90042	3.32806
	14.371	4.00736
	8.87781	3.16869
	8.27601	3.00436
	15.095	4.00409
	7.34841	2.83259
	12.095	3.61009
	17.0588	4.24665
	6.34841	2.65021
	16.4208	4.12565
	12.3846	3.60864
	14.5656	3.87501
	13.4932	3.74411
	21.457	4.69251
	10.4932	3.31939
	14.2398	3.87653
	10.3846	3.31998
	8.49321	3.00306
	13.457	3.74428
	11.4932	3.46675
	10.4208	3.31978
	10.3122	3.32038
	15.4932	4.00229
	8.38461	3.00371
	12.3122	3.609
	14.6742	3.87451
	13.276	3.74516
	15.3122	4.00311
	11.3846	3.46732
	10.4932	3.31939
	12.3122	3.609
	9.23981	3.16663
	13.2398	3.74533
	12.3484	3.60882
	10.4208	3.31978
	9.13121	3.16725
	13.3122	3.74498
	6.49321	2.64922
	12.3484	3.60882
	8.38461	3.00371
	13.5656	3.74376
	12.3846	3.60864
	6.34841	2.65021
	6.5656	2.64872
	8.42081	3.00349
	11.4932	3.46675
	9.42081	3.16559
	7.13121	2.83398
	8.23981	3.00458
	14.6018	3.87484
	13.0588	3.74621
	11.3846	3.46732
	7.38461	2.83236
	10.5294	3.31919
	8.27601	3.00436
	10.5656	3.31899
	7.34841	2.83259
	9.49321	3.16518
	10.3484	3.32018
	3.31221	2.00621
	8.6018	3.0024
	16.4208	4.12565
	12.5294	3.60791
	9.6018	3.16456
	7.31221	2.83283
	10.3122	3.32038
	10.5656	3.31899
	7.31221	2.83283
	12.638	3.60737
	7.6742	2.83051
	8.34841	3.00393
	11.457	3.46694
	10.2036	3.32097
	3.45701	2.00491
	11.5294	3.46656
	9.42081	3.16559
	8.49321	3.00306
	7.49321	2.83167
	8.638	3.00218
	11.1312	3.46864
	14.457	3.87552
	13.3122	3.74498
	11.3846	3.46732
	9.5294	3.16497
	17.5656	4.24449
	8.6018	3.0024
	7.34841	2.83259
	17.2398	4.24588
	10.4208	3.31978
	7.34841	2.83259
	8.5294	3.00284
	9.49321	3.16518
	5.34841	2.4543
	9.34841	3.166
	4.5656	2.23958
	8.98641	3.16807
	4.6018	2.23929
	12.3846	3.60864
	11.0226	3.4692
	15.1312	4.00393
	6.34841	2.65021
	4.27601	2.24192
	12.457	3.60828
	10.3846	3.31998
	12.3122	3.609
	10.6018	3.3188
	11.9864	3.61064
	21.2036	4.69349
	11.4932	3.46675
	3.20361	2.00719
	8.49321	3.00306
	11.6742	3.4658
	7.49321	2.83167
	4.45701	2.24046
	8.6018	3.0024
	8.42081	3.00349
	15.3846	4.00278
	13.638	3.74341
	7.49321	2.83167
	10.3122	3.32038
	8.34841	3.00393
	7.38461	2.83236
	12.457	3.60828
	7.5294	2.83144
	8.02261	3.00589
	13.2036	3.74551
	5.5294	2.45296
	11.6018	3.46618
	12.2036	3.60955
	7.7466	2.83005
	8.5294	3.00284
	8.38461	3.00371
	13.276	3.74516
	11.2398	3.46807
	12.457	3.60828
	8.5294	3.00284
	7.45701	2.8319
	11.3484	3.4675
	3.20361	2.00719
	8.05881	3.00567
	14.6018	3.87484
	4.23981	2.24221
	8.31221	3.00415
	11.4932	3.46675
	4.7466	2.23812
	4.638	2.239
	11.2398	3.46807
	8.98641	3.16807
	8.09501	3.00546
	11.4208	3.46713
	7.6018	2.83097
	8.42081	3.00349
	11.6018	3.46618
	9.34841	3.166
	10.4208	3.31978
	9.38461	3.1658
	11.3122	3.46769
	8.5656	3.00262
	6.45701	2.64946
	8.42081	3.00349
	6.5656	2.64872
	11.2036	3.46826
	10.4932	3.31939
	13.638	3.74341
	5.42081	2.45377
	6.42081	2.64971
	8.638	3.00218
	13.457	3.74428
	10.0588	3.32176
	6.42081	2.64971
	6.20361	2.65119
	3.38461	2.00556
	10.1674	3.32117
	14.4932	3.87535
	13.3484	3.74481
	6.27601	2.6507
	14.4208	3.87569
	11.457	3.46694
	13.5656	3.74376
	11.6018	3.46618
	7.31221	2.83283
	11.4932	3.46675
	5.49321	2.45323
	8.34841	3.00393
	15.3846	4.00278
	8.5294	3.00284
	17.4932	4.2448
	10.3846	3.31998
	9.638	3.16435
	9.42081	3.16559
	10.6018	3.3188
	10.4208	3.31978
	8.38461	3.00371
	4.34841	2.24134
	13.5294	3.74393
	6.34841	2.65021
	5.45701	2.4535
	7.23981	2.83329
	13.4208	3.74446
	5.13121	2.4559
	5.49321	2.45323
	7.31221	2.83283
	10.3484	3.32018
	3.38461	2.00556
	5.38461	2.45403
	15.5656	4.00197
	8.42081	3.00349
	12.7104	3.607
	6.16741	2.65144
	8.42081	3.00349
	11.6742	3.4658
	11.2036	3.46826
	6.16741	2.65144
	11.3484	3.4675
	13.1674	3.74568
	6.42081	2.64971
	16.3484	4.12597
	9.49321	3.16518
	5.638	2.45216
	7.13121	2.83398
	15.457	4.00246
	14.4932	3.87535
	5.6018	2.45243
	13.3846	3.74463
	5.42081	2.45377
	9.31221	3.16621
	7.38461	2.83236
	13.457	3.74428
	5.45701	2.4535
	11.3846	3.46732
	9.45701	3.16538
	13.276	3.74516
	11.457	3.46694
	12.3846	3.60864
	5.13121	2.4559
	15.5294	4.00213
	3.49321	2.00458
	11.4932	3.46675
	4.42081	2.24075
	10.5294	3.31919
	8.45701	3.00327
	10.5294	3.31919
	9.6742	3.16414
	13.3846	3.74463
	4.49321	2.24017
	6.45701	2.64946
	10.276	3.32057
	5.49321	2.45323
	6.49321	2.64922
	9.34841	3.166
	8.638	3.00218
	11.5294	3.46656
	6.16741	2.65144
	10.3484	3.32018
	11.276	3.46788
	12.4932	3.60809
	6.27601	2.6507
	9.38461	3.1658
	10.4208	3.31978
	7.31221	2.83283
	7.42081	2.83213
	10.3846	3.31998
	8.7104	3.00175
	14.457	3.87552
	7.638	2.83074
	7.45701	2.8319
	13.457	3.74428
	13.6018	3.74358
	9.45701	3.16538
	12.7828	3.60664
	7.49321	2.83167
	9.42081	3.16559
	11.457	3.46694
	8.5294	3.00284
	7.16741	2.83375
	10.3484	3.32018
	9.23981	3.16663
	13.638	3.74341
	4.95021	2.45723
	14.3484	3.87603
	13.4208	3.74446
	6.5294	2.64897
	13.4932	3.74411
	12.638	3.60737
	8.42081	3.00349
	11.4208	3.46713
	14.6018	3.87484
	9.45701	3.16538
	11.4932	3.46675
	8.38461	3.00371
	11.5656	3.46637
	6.5294	2.64897
	8.45701	3.00327
	10.4932	3.31939
	8.5656	3.00262
	6.5294	2.64897
	9.5294	3.16497
	5.20361	2.45537
	9.38461	3.1658
	5.38461	2.45403
	9.5294	3.16497
	6.23981	2.65095
	11.5656	3.46637
	7.31221	2.83283
	6.34841	2.65021
	6.20361	2.65119
	9.34841	3.166
	9.5656	3.16476
	13.3122	3.74498
	9.7828	3.16352
	11.3122	3.46769
	8.5294	3.00284
	17.3484	4.24542
	8.34841	3.00393
	15.457	4.00246
	5.5294	2.45296
	7.09501	2.83421
	15.457	4.00246
	6.42081	2.64971
	10.457	3.31959
	13.3846	3.74463
	10.6742	3.3184
	7.38461	2.83236
	4.38461	2.24104
	6.45701	2.64946
	8.5656	3.00262
	11.3484	3.4675
	17.276	4.24573
	9.45701	3.16538
	10.276	3.32057
	7.5294	2.83144
	7.31221	2.83283
	3.38461	2.00556
	7.42081	2.83213
	18.5294	4.36085
	10.5656	3.31899
	11.5294	3.46656
	7.5294	2.83144
	11.4208	3.46713
	5.5656	2.4527
	15.3484	4.00295
	8.16741	3.00502
	17.5656	4.24449
	5.7466	2.45136
	6.49321	2.64922
	12.3122	3.609
	8.34841	3.00393
	9.45701	3.16538
	10.4932	3.31939
	6.49321	2.64922
	11.5656	3.46637
	7.38461	2.83236
	7.7466	2.83005
	7.6742	2.83051
	11.6742	3.4658
	14.638	3.87467
	8.31221	3.00415
	7.5294	2.83144
	10.4208	3.31978
	10.4932	3.31939
	6.638	2.64823
	9.23981	3.16663
	9.42081	3.16559
	10.5656	3.31899
	2.45701	1.73772
	9.42081	3.16559
	6.45701	2.64946
	6.6018	2.64847
	6.16741	2.65144
	6.5656	2.64872
	5.38461	2.45403
	8.5294	3.00284
	13.5294	3.74393
	11.5294	3.46656
	17.3122	4.24557
	4.638	2.239
	5.38461	2.45403
	8.49321	3.00306
	9.638	3.16435
	13.3484	3.74481
	8.42081	3.00349
	9.31221	3.16621
	11.5656	3.46637
	11.6018	3.46618
	11.6018	3.46618
	14.4208	3.87569
	9.45701	3.16538
	8.34841	3.00393
	6.45701	2.64946
	5.20361	2.45537
	8.5294	3.00284
	11.3846	3.46732
	8.49321	3.00306
	15.5294	4.00213
	9.31221	3.16621
	5.5294	2.45296
	13.4932	3.74411
	11.4208	3.46713
	6.42081	2.64971
	7.7466	2.83005
	8.34841	3.00393
	13.5656	3.74376
	9.7104	3.16393
	12.3122	3.609
	9.20361	3.16683
	12.5294	3.60791
	10.3484	3.32018
	2.42081	1.73809
	10.276	3.32057
	12.4932	3.60809
	11.5656	3.46637
	8.5656	3.00262
	10.4208	3.31978
	5.31221	2.45457
	10.4208	3.31978
	9.638	3.16435
	8.20361	3.0048
	13.638	3.74341
	9.6742	3.16414
	6.49321	2.64922
	10.6742	3.3184
	7.5294	2.83144
	5.45701	2.4535
	12.4932	3.60809
	17.7466	4.24372
	10.3122	3.32038
	8.45701	3.00327
	13.4932	3.74411
	10.5656	3.31899
	12.4208	3.60846
	9.49321	3.16518
	4.34841	2.24134
	11.1674	3.46845
	6.42081	2.64971
	7.31221	2.83283
	5.49321	2.45323
	10.6018	3.3188
	11.5294	3.46656
	14.6018	3.87484
	6.23981	2.65095
	7.16741	2.83375
	10.6018	3.3188
	8.6018	3.0024
	9.42081	3.16559
	13.3846	3.74463
	14.5294	3.87518
	8.23981	3.00458
	10.3846	3.31998
	9.45701	3.16538
	5.23981	2.4551
	10.3484	3.32018
	5.38461	2.45403
	9.6742	3.16414
	13.4932	3.74411
	12.4208	3.60846
	8.5294	3.00284
	9.638	3.16435
	10.5656	3.31899
	7.80541	3.0072
	11.276	3.46788
	2.93662	2.25271
	4.86422	2.66032
	3.10403	2.4708
	6.61082	3.01438
	9.46603	3.47732
	5.22622	2.65786
	7.02261	2.83467
	7.02261	2.83467
	11.5294	3.46656
	10.3122	3.32038
	8.42081	3.00349
	11.5294	3.46656
	6.7104	2.64773
	10.6018	3.3188
	9.34841	3.166
	8.42081	3.00349
	7.6018	2.83097
	3.98641	2.24426
	6.42081	2.64971
	2.6018	1.73621
	3.42081	2.00523
	1.45701	1.42115
	7.27601	2.83306
	9.6018	3.16456
	1.38461	1.42207
	5.638	2.45216
	1.42081	1.42161
	3.5656	2.00393
	3.638	2.00327
	2.6742	1.73545
	5.49321	2.45323
	6.49321	2.64922
	2.5294	1.73696
	4.5294	2.23987
	3.42081	2.00523
	7.38461	2.83236
	5.31221	2.45457
	9.638	3.16435
	4.638	2.239
	4.49321	2.24017
	5.5294	2.45296
	3.20361	2.00719
	7.6018	2.83097
	3.38461	2.00556
	3.31221	2.00621
	4.45701	2.24046
	6.638	2.64823
	2.6018	1.73621
	3.45701	2.00491
	5.6742	2.4519
	5.49321	2.45323
	4.23981	2.24221
	3.27601	2.00654
	9.6018	3.16456
	3.5294	2.00425
	6.5294	2.64897
	6.5656	2.64872
	7.42081	2.83213
	4.5294	2.23987
	8.7828	3.00131
	4.23981	2.24221
	6.49321	2.64922
	6.6742	2.64798
	1.34841	1.42253
	4.6742	2.2387
	6.5294	2.64897
	5.42081	2.45377
	1.42081	1.42161
	8.6018	3.0024
	8.49321	3.00306
	3.38461	2.00556
	6.23981	2.65095
	5.38461	2.45403
	4.5656	2.23958
	2.6742	1.73545
	5.42081	2.45377
	4.34841	2.24134
	1.5294	1.42022
	6.38461	2.64996
	3.45701	2.00491
	-0.434396	0.125399
	8.27601	3.00436
	1.16741	1.42483
	1.5294	1.42022
	4.45701	2.24046
	4.42081	2.24075
	5.27601	2.45483
	3.6742	2.00295
	4.42081	2.24075
	5.49321	2.45323
	10.3122	3.32038
	3.6018	2.0036
	5.02261	2.4567
	7.5294	2.83144
	3.6018	2.0036
	8.34841	3.00393
	4.16741	2.2428
	4.45701	2.24046
	1.31221	1.42299
	8.42081	3.00349
	3.45701	2.00491
	6.38461	2.64996
	4.42081	2.24075
	5.27601	2.45483
	3.16741	2.00752
	2.6018	1.73621
	5.31221	2.45457
	6.31221	2.65045
	5.27601	2.45483
	6.45701	2.64946
	4.16741	2.2428
	6.638	2.64823
	1.27601	1.42345
	5.49321	2.45323
	2.27601	1.7396
	5.42081	2.45377
	6.34841	2.65021
	2.6742	1.73545
	4.45701	2.24046
	1.45701	1.42115
	5.45701	2.4535
	4.27601	2.24192
	2.34841	1.73885
	4.5294	2.23987
	3.5656	2.00393
	2.5294	1.73696
	4.23981	2.24221
	5.31221	2.45457
	2.38461	1.73847
	2.23981	1.73998
	5.27601	2.45483
	4.6018	2.23929
	2.6742	1.73545
	4.31221	2.24163
	2.42081	1.73809
	4.7466	2.23812
	7.5294	2.83144
	4.5656	2.23958
	10.276	3.32057
	3.38461	2.00556
	5.38461	2.45403
	4.27601	2.24192
	4.638	2.239
	2.27601	1.7396
	4.31221	2.24163
	6.34841	2.65021
	2.49321	1.73734
	1.38461	1.42207
	7.6018	2.83097
	1.31221	1.42299
	5.638	2.45216
	4.34841	2.24134
	3.6018	2.0036
	5.6742	2.4519
	2.7104	1.73507
	2.49321	1.73734
	2.45701	1.73772
	3.45701	2.00491
	4.6742	2.2387
	3.49321	2.00458
	4.6018	2.23929
	2.38461	1.73847
	1.5294	1.42022
	7.6018	2.83097
	4.34841	2.24134
	5.45701	2.4535
	5.49321	2.45323
	8.5656	3.00262
	11.3846	3.46732
	31.4932	5.65848
	73.457	8.60347
	102.421	10.1499
	199.638	14.1426
	239.457	15.4926
	310.312	17.6359
	373.421	19.3396
	333.529	18.2761
	248.421	15.7804
	181.312	13.4917
	95.3846	9.7991
	55.2398	7.48515
	24.3122	5.00249
	8.6742	3.00196
	8.27601	3.00436
	7.31221	2.83283
	4.45701	2.24046
	4.6742	2.2387
	3.42081	2.00523
	5.42081	2.45377
	4.6018	2.23929
	4.34841	2.24134
	8.20361	3.0048
	6.31221	2.65045
	6.5656	2.64872
	1.34841	1.42253
	3.5656	2.00393
	4.6018	2.23929
	4.42081	2.24075
	1.23981	1.42391
	1.45701	1.42115
	2.7104	1.73507
	1.638	1.41884
	1.5294	1.42022
	1.5656	1.41976
	5.5656	2.4527
	2.20361	1.74035
	2.23981	1.73998
	3.5294	2.00425
	4.31221	2.24163
	3.5656	2.00393
	4.6018	2.23929
	0.710403	1.00523
	5.23981	2.4551
	4.27601	2.24192
	2.34841	1.73885
	4.49321	2.24017
	5.27601	2.45483
	2.45701	1.73772
	0.457005	1.00978
	2.34841	1.73885
	2.638	1.73583
	1.5656	1.41976
	2.49321	1.73734
	1.38461	1.42207
	2.42081	1.73809
	3.6018	2.0036
	1.5656	1.41976
	4.38461	2.24104
	3.49321	2.00458
	4.638	2.239
	4.5656	2.23958
	2.5656	1.73658
	4.23981	2.24221
	3.45701	2.00491
	3.23981	2.00687
	1.49321	1.42068
	4.31221	2.24163
	2.49321	1.73734
	1.23981	1.42391
	2.38461	1.73847
	0.276007	1.01302
	8.6018	3.0024
	2.27601	1.7396
	0.420806	1.01043
	0.493205	1.00913
	4.42081	2.24075
	3.42081	2.00523
	4.6742	2.2387
	0.312207	1.01237
	-0.542995	0.140201
	1.45701	1.42115
	1.16741	1.42483
	2.49321	1.73734
	2.7104	1.73507
	3.27601	2.00654
	0.565604	1.00783
	0.276007	1.01302
	2.27601	1.7396
	0.565604	1.00783
	-0.615394	0.149255
	-0.361996	0.114473
	7.38461	2.83236
	2.5294	1.73696
	-0.542995	0.140201
	2.31221	1.73922
	1.42081	1.42161
	5.45701	2.4535
	1.5294	1.42022
	1.5656	1.41976
	1.38461	1.42207
	3.38461	2.00556
	5.5656	2.4527
	1.638	1.41884
	1.49321	1.42068
	2.49321	1.73734
	7.638	2.83074
	1.49321	1.42068
	3.5656	2.00393
	2.49321	1.73734
	3.23981	2.00687
	3.45701	2.00491
	2.7104	1.73507
	2.49321	1.73734
	2.38461	1.73847
	6.34841	2.65021
	2.42081	1.73809
	4.5656	2.23958
	-0.579194	0.144799
	5.31221	2.45457
	1.27601	1.42345
	-0.723993	0.16189
	0.638004	1.00653
	1.31221	1.42299
	3.38461	2.00556
	4.5656	2.23958
	1.45701	1.42115
	0.565604	1.00783
	1.38461	1.42207
	2.31221	1.73922
	-0.615394	0.149255
	1.6742	1.41838
	2.23981	1.73998
	3.38461	2.00556
	2.6742	1.73545
	3.6018	2.0036
	-0.579194	0.144799
	1.5656	1.41976
	0.493205	1.00913
	2.42081	1.73809
	2.42081	1.73809
	1.6742	1.41838
	-0.579194	0.144799
	1.6018	1.4193
	0.674203	1.00588
	2.42081	1.73809
	1.45701	1.42115
	0.420806	1.01043
	2.20361	1.74035
	0.457005	1.00978
	1.27601	1.42345
	-0.579194	0.144799
	2.49321	1.73734
	0.420806	1.01043
	5.5656	2.4527
	1.34841	1.42253
	0.457005	1.00978
	2.38461	1.73847
	0.529405	1.00848
	1.6018	1.4193
	0.493205	1.00913
	2.31221	1.73922
	2.49321	1.73734
	0.348406	1.01172
	2.23981	1.73998
	0.457005	1.00978
	0.239808	1.01367
	1.31221	1.42299
	-0.615394	0.149255
	1.5656	1.41976
	2.5294	1.73696
	1.638	1.41884
	-0.579194	0.144799
	2.34841	1.73885
	2.27601	1.7396
	3.34841	2.00589
	3.38461	2.00556
	3.6742	2.00295
	-0.579194	0.144799
	3.20361	2.00719
	2.38461	1.73847
	1.45701	1.42115
	2.31221	1.73922
	-0.796392	0.169791
	-0.615394	0.149255
	0.348406	1.01172
	1.31221	1.42299
	2.34841	1.73885
	0.529405	1.00848
	0.457005	1.00978
	1.45701	1.42115
	3.31221	2.00621
	0.384606	1.01108
	0.0226097	1.01754
	-0.832592	0.173607
	-1.33939	0.220194
	-0.230788	1.02203
	0.696813	1.4308
	-0.158388	1.02075
	1.38461	1.42207
	1.34841	1.42253
	1.38461	1.42207
	1.16741	1.42483
	-0.506795	0.135447
	-0.651594	0.153582
	2.49321	1.73734
	0.638004	1.00653
	1.638	1.41884
	3.42081	2.00523
	2.7466	1.7347
	2.42081	1.73809
	0.420806	1.01043
	0.746603	1.00458
	2.38461	1.73847
	0.420806	1.01043
	2.6018	1.73621
	2.819	1.73394
	-0.289597	0.102388
	1.638	1.41884
	0.601804	1.00718
	-0.542995	0.140201
	1.34841	1.42253
	4.5294	2.23987
	2.5294	1.73696
	-0.796392	0.169791
	0.493205	1.00913
	2.5656	1.73658
	0.601804	1.00718
	1.7828	1.41699
	1.7104	1.41792
	0.601804	1.00718
	-0.325797	0.108599
	0.819002	1.00327
	0.565604	1.00783
	1.5294	1.42022
	1.7828	1.41699
	1.31221	1.42299
	0.601804	1.00718
	1.638	1.41884
	0.674203	1.00588
	0.529405	1.00848
	2.49321	1.73734
	1.5656	1.41976
	0.493205	1.00913
	0.384606	1.01108
	0.565604	1.00783
	0.782802	1.00392
	1.6018	1.4193
	0.493205	1.00913
	0.674203	1.00588
	0.674203	1.00588
	-0.361996	0.114473
	0.529405	1.00848
	2.31221	1.73922
	5.49321	2.45323
	0.457005	1.00978
	-0.398196	0.120061
	-0.434396	0.125399
	0.601804	1.00718
	2.5656	1.73658
	0.601804	1.00718
	-0.398196	0.120061
	2.45701	1.73772
	1.49321	1.42068
	1.5656	1.41976
	1.5656	1.41976
	2.6018	1.73621
	2.34841	1.73885
	0.457005	1.00978
	1.7828	1.41699
	5.6018	2.45243
	-0.434396	0.125399
	-0.361996	0.114473
	1.638	1.41884
	1.8552	1.41607
	0.819002	1.00327
	1.7828	1.41699
	1.49321	1.42068
	0.710403	1.00523
	1.5656	1.41976
	2.5656	1.73658
	-0.434396	0.125399
	0.565604	1.00783
	2.7466	1.7347
	1.7466	1.41745
	0.529405	1.00848
	1.49321	1.42068
	2.49321	1.73734
	3.7104	2.00262
	-0.325797	0.108599
	2.5656	1.73658
	2.7104	1.73507
	-0.434396	0.125399
	0.638004	1.00653
	0.782802	1.00392
	-0.180998	0.0809449
	1.5294	1.42022
	-0.253397	0.0957752
	1.7466	1.41745
	1.638	1.41884
	0.493205	1.00913
	0.529405	1.00848
	-0.434396	0.125399
	2.6018	1.73621
	1.5656	1.41976
	-0.434396	0.125399
	0.746603	1.00458
	1.7828	1.41699
	-0.542995	0.140201
	0.529405	1.00848
	1.7104	1.41792
	2.49321	1.73734
	0.601804	1.00718
	1.7466	1.41745
	0.565604	1.00783
	1.6018	1.4193
	2.5656	1.73658
	2.42081	1.73809
	-0.579194	0.144799
	0.493205	1.00913
	1.7828	1.41699
	2.31221	1.73922
	0.710403	1.00523
	-0.289597	0.102388
	0.167408	1.01496
	2.45701	1.73772
	1.6742	1.41838
	0.420806	1.01043
	2.23981	1.73998
	0.420806	1.01043
	0.384606	1.01108
	0.710403	1.00523
	1.7104	1.41792
	0.565604	1.00783
	0.529405	1.00848
	-0.398196	0.120061
	0.710403	1.00523
	-0.325797	0.108599
	-0.253397	0.0957752
	3.6742	2.00295
	-0.470595	0.13052
	-0.434396	0.125399
	0.782802	1.00392
	1.7828	1.41699
	0.601804	1.00718
	-0.289597	0.102388
	-0.253397	0.0957752
	-0.361996	0.114473
	0.746603	1.00458
	3.5656	2.00393
	2.5656	1.73658
	-0.398196	0.120061
	0.674203	1.00588
	-0.398196	0.120061
	0.565604	1.00783
	0.746603	1.00458
	-0.361996	0.114473
	-0.434396	0.125399
	1.6018	1.4193
	-0.506795	0.135447
	0.710403	1.00523
	-0.253397	0.0957752
	1.49321	1.42068
	-0.325797	0.108599
	1.6018	1.4193
	-0.434396	0.125399
	3.819	2.00164
	0.674203	1.00588
	0.638004	1.00653
	1.6018	1.4193
	0.710403	1.00523
	1.5656	1.41976
	2.7104	1.73507
	-0.144799	0.0723993
	-0.361996	0.114473
	0.710403	1.00523
	-0.325797	0.108599
	0.565604	1.00783
	0.819002	1.00327
	0.710403	1.00523
	1.42081	1.42161
	1.638	1.41884
	0.638004	1.00653
	0.601804	1.00718
	0.529405	1.00848
	2.7828	1.73432
	-0.289597	0.102388
	-0.361996	0.114473
	0.819002	1.00327
	-0.470595	0.13052
	0.601804	1.00718
	1.5656	1.41976
	1.6742	1.41838
	0.601804	1.00718
	0.674203	1.00588
	0.819002	1.00327
	-0.217198	0.0886706
	0.819002	1.00327
	0.276007	1.01302
	1.819	1.41653
	0.746603	1.00458
	0.927601	1.00131
	0.565604	1.00783
	-0.253397	0.0957752
	0.529405	1.00848
	3.42081	2.00523
	-0.325797	0.108599
	0.565604	1.00783
	-0.325797	0.108599
	0.746603	1.00458
	2.7466	1.7347
	0.782802	1.00392
	0.674203	1.00588
	1.6742	1.41838
	-0.434396	0.125399
	0.457005	1.00978
	1.49321	1.42068
	-0.361996	0.114473
	0.746603	1.00458
	-0.470595	0.13052
	0.782802	1.00392
	-0.361996	0.114473
	0.746603	1.00458
	-0.217198	0.0886706
	-0.615394	0.149255
	1.7104	1.41792
	1.6742	1.41838
	0.746603	1.00458
	1.5656	1.41976
	-0.470595	0.13052
	-0.289597	0.102388
	1.7466	1.41745
	0.674203	1.00588
	1.7466	1.41745
	-0.289597	0.102388
	-0.506795	0.135447
	-0.398196	0.120061
	1.5656	1.41976
	1.6018	1.4193
	2.8552	1.73356
	-0.398196	0.120061
	1.7466	1.41745
	0.674203	1.00588
	2.5294	1.73696
	-0.470595	0.13052
	-0.434396	0.125399
	0.746603	1.00458
	1.9276	1.41514
	2.5656	1.73658
	0.746603	1.00458
	-0.434396	0.125399
	0.710403	1.00523
	-0.217198	0.0886706
	1.7828	1.41699
	2.7104	1.73507
	0.601804	1.00718
	0.710403	1.00523
	1.8552	1.41607
	-0.325797	0.108599
	2.6018	1.73621
	0.927601	1.00131
	1.7466	1.41745
	3.5656	2.00393
	-0.289597	0.102388
	1.638	1.41884
	2.6018	1.73621
	3.6742	2.00295
	-0.542995	0.140201
	0.601804	1.00718
	1.638	1.41884
	0.674203	1.00588
	0.565604	1.00783
	0.565604	1.00783
	0.782802	1.00392
	3.7828	2.00196
	0.638004	1.00653
	0.746603	1.00458
	3.7466	2.00229
	0.855201	1.00262
	1.8552	1.41607
	1.6742	1.41838
	1.5656	1.41976
	-0.361996	0.114473
	2.7104	1.73507
	-0.144799	0.0723993
	0.746603	1.00458
	2.7828	1.73432
	1.6742	1.41838
	9.7466	3.16373
	13.5294	3.74393
	21.638	4.69181
	36.7828	6.08341
	67.638	8.24701
	150.783	12.2885
	222.529	14.9338
	257.71	16.0627
	299.638	17.3209
	275.71	16.6136
	236.855	15.395
	160.566	12.6892
	106.674	10.3447
	66.7828	8.18583
	20.819	4.58329
	18.8914	4.35935
	9.638	3.16435
	3.7104	2.00262
	2.8552	1.73356
	1.819	1.41653
	1.819	1.41653
	2.7104	1.73507
	-0.253397	0.0957752
	-0.325797	0.108599
	1.7104	1.41792
	1.638	1.41884
	2.7828	1.73432
	0.782802	1.00392
	1.7828	1.41699
	0.891401	1.00196
	0.746603	1.00458
	-0.361996	0.114473
	1.5294	1.42022
	0.746603	1.00458
	1.638	1.41884
	-0.289597	0.102388
	1.638	1.41884
	-0.398196	0.120061
	-0.361996	0.114473
	-0.253397	0.0957752
	0.782802	1.00392
	0.782802	1.00392
	0.746603	1.00458
	2.7828	1.73432
	0.891401	1.00196
	-0.361996	0.114473
	2.7828	1.73432
	0.782802	1.00392
	0.674203	1.00588
	0.710403	1.00523
	-0.144799	0.0723993
	-0.325797	0.108599
	0.746603	1.00458
	2.7466	1.7347
	1.6742	1.41838
	1.6742	1.41838
	-0.325797	0.108599
	-0.289597	0.102388
	0.891401	1.00196
	0.638004	1.00653
	1.638	1.41884
	0.819002	1.00327
	1.7828	1.41699
	0.746603	1.00458
	-0.398196	0.120061
	-0.325797	0.108599
	-0.253397	0.0957752
	-0.470595	0.13052
	-0.253397	0.0957752
	0.819002	1.00327
	-0.289597	0.102388
	-0.289597	0.102388
	0.493205	1.00913
	-0.217198	0.0886706
	-0.289597	0.102388
	0.782802	1.00392
	0.710403	1.00523
	-0.180998	0.0809449
	-0.253397	0.0957752
	2.7828	1.73432
	0.782802	1.00392
	-0.217198	0.0886706
	0.710403	1.00523
	0.601804	1.00718
	-0.289597	0.102388
	-0.470595	0.13052
	-0.144799	0.0723993
	1.7828	1.41699
	-0.217198	0.0886706
	0.674203	1.00588
	-0.253397	0.0957752
	0.782802	1.00392
	0.819002	1.00327
	0.782802	1.00392
	0.674203	1.00588
	0.782802	1.00392
	1.7828	1.41699
	0.855201	1.00262
	-0.217198	0.0886706
	1.7104	1.41792
	0.855201	1.00262
	-0.289597	0.102388
	0.710403	1.00523
	-0.180998	0.0809449
	-0.325797	0.108599
	0.710403	1.00523
	0.710403	1.00523
	-0.144799	0.0723993
	-0.144799	0.0723993
	-0.289597	0.102388
	-0.144799	0.0723993
	1.6742	1.41838
	-0.108599	0.0626996
	0.746603	1.00458
	-0.108599	0.0626996
	0.746603	1.00458
	-0.180998	0.0809449
	-0.144799	0.0723993
	-0.361996	0.114473
	0.638004	1.00653
	-0.253397	0.0957752
	-0.325797	0.108599
	-0.217198	0.0886706
	-0.361996	0.114473
	-0.253397	0.0957752
	0.819002	1.00327
	0.710403	1.00523
	-0.0723993	0.051194
	-0.289597	0.102388
	1.7828	1.41699
	-0.144799	0.0723993
	0.601804	1.00718
	-0.398196	0.120061
	-0.470595	0.13052
	-0.325797	0.108599
	1.45701	1.42115
	-0.868791	0.177341
	0.203608	1.01431
	-0.470595	0.13052
	-0.579194	0.144799
	1.42081	1.42161
	-0.325797	0.108599
	0.746603	1.00458
	0.746603	1.00458
	-0.361996	0.114473
	0.855201	1.00262
	0.674203	1.00588
	-0.180998	0.0809449
	0.638004	1.00653
	1.7828	1.41699
	-0.325797	0.108599
	-0.0723993	0.051194
	-0.217198	0.0886706
	-0.217198	0.0886706
	0.746603	1.00458
	-0.253397	0.0957752
	-0.180998	0.0809449
	0.746603	1.00458
	-0.398196	0.120061
	-0.470595	0.13052
	0.638004	1.00653
	0.710403	1.00523
	-0.506795	0.135447
	-0.180998	0.0809449
	0.746603	1.00458
	0.819002	1.00327
	0.710403	1.00523
	0.782802	1.00392
	-0.144799	0.0723993
	-0.289597	0.102388
	0.819002	1.00327
	-0.144799	0.0723993
	0.746603	1.00458
	-0.253397	0.0957752
	-0.253397	0.0957752
	-0.180998	0.0809449
	-0.289597	0.102388
	-0.361996	0.114473
	-0.289597	0.102388
	-0.289597	0.102388
	0.674203	1.00588
	2.8552	1.73356
	-0.144799	0.0723993
	-0.253397	0.0957752
	0.819002	1.00327
	-0.361996	0.114473
	-0.180998	0.0809449
	-0.180998	0.0809449
	0.710403	1.00523
	1.7104	1.41792
	0.782802	1.00392
	-0.217198	0.0886706
	-0.289597	0.102388
	-0.180998	0.0809449
	-0.289597	0.102388
	-0.253397	0.0957752
	-0.217198	0.0886706
	0.674203	1.00588
	-0.325797	0.108599
	-0.253397	0.0957752
	-0.434396	0.125399
	-0.180998	0.0809449
	0.710403	1.00523
	-0.180998	0.0809449
	-0.253397	0.0957752
	0.565604	1.00783
	1.6742	1.41838
	-0.398196	0.120061
	-0.325797	0.108599
	-0.506795	0.135447
	0.601804	1.00718
	-0.434396	0.125399
	0.601804	1.00718
	1.638	1.41884
	0.710403	1.00523
	-0.361996	0.114473
	0.782802	1.00392
	0.819002	1.00327
	-0.217198	0.0886706
	0.746603	1.00458
	1.7104	1.41792
	-0.180998	0.0809449
	-0.217198	0.0886706
	0.529405	1.00848
	-0.361996	0.114473
	2.7828	1.73432
	0.746603	1.00458
	0.638004	1.00653
	-0.542995	0.140201
	-0.832592	0.173607
	0.565604	1.00783
	-0.470595	0.13052
	-0.434396	0.125399
	0.782802	1.00392
	-0.144799	0.0723993
	-0.470595	0.13052
	-0.0723993	0.051194
	-0.253397	0.0957752
	0.819002	1.00327
	-0.470595	0.13052
	0.710403	1.00523
	0.710403	1.00523
	-0.253397	0.0957752
	-0.325797	0.108599
	1.7466	1.41745
	-0.217198	0.0886706
	-0.108599	0.0626996
	-0.0723993	0.051194
	-0.289597	0.102388
	0.891401	1.00196
	-0.253397	0.0957752
	0.638004	1.00653
	-0.398196	0.120061
	-0.325797	0.108599
	-0.289597	0.102388
	0.782802	1.00392
	-0.0723993	0.051194
	-0.434396	0.125399
	-0.253397	0.0957752
	0.782802	1.00392
	0.601804	1.00718
	0.782802	1.00392
	-0.144799	0.0723993
	0.782802	1.00392
	1.7104	1.41792
	-0.108599	0.0626996
	0.782802	1.00392
	-0.144799	0.0723993
	-0.253397	0.0957752
	-0.325797	0.108599
	-0.217198	0.0886706
	-0.144799	0.0723993
	-0.144799	0.0723993
	0.782802	1.00392
	0.855201	1.00262
	-0.253397	0.0957752
	-0.144799	0.0723993
	0.891401	1.00196
	-0.144799	0.0723993
	0.384606	1.01108
	0.9638	1.00065
	-0.217198	0.0886706
	0.855201	1.00262
	-0.289597	0.102388
	0.638004	1.00653
	1.7828	1.41699
	-0.217198	0.0886706
	-0.398196	0.120061
	0.782802	1.00392
	-0.361996	0.114473
	-0.0723993	0.051194
	0.855201	1.00262
	-0.217198	0.0886706
	0.9638	1.00065
	-0.180998	0.0809449
	0.710403	1.00523
	0.855201	1.00262
	-0.289597	0.102388
	-0.180998	0.0809449
	-0.180998	0.0809449
	-0.217198	0.0886706
	1.638	1.41884
	-0.180998	0.0809449
	1.7104	1.41792
	-0.253397	0.0957752
	-0.217198	0.0886706
	2.8552	1.73356
	-0.217198	0.0886706
	-0.253397	0.0957752
	-0.434396	0.125399
	-0.253397	0.0957752
	-0.253397	0.0957752
	0.746603	1.00458
	-0.180998	0.0809449
	-0.0361996	0.0361996
	-0.253397	0.0957752
	-0.325797	0.108599
	-0.0723993	0.051194
	-0.108599	0.0626996
	0.746603	1.00458
	-0.253397	0.0957752
	-0.217198	0.0886706
	0.891401	1.00196
	-0.144799	0.0723993
	-0.108599	0.0626996
	-0.144799	0.0723993
	-0.253397	0.0957752
	-0.217198	0.0886706
	0.891401	1.00196
	-0.217198	0.0886706
	1.9638	1.41468
	1.8914	1.4156
	-0.144799	0.0723993
	-0.289597	0.102388
	1.7104	1.41792
	-0.325797	0.108599
	0.819002	1.00327
	0.819002	1.00327
	0.746603	1.00458
	0.782802	1.00392
	-0.253397	0.0957752
	-0.361996	0.114473
	0.782802	1.00392
	0.891401	1.00196
	-0.0723993	0.051194
	-0.434396	0.125399
	-0.253397	0.0957752
	0.819002	1.00327
	0.782802	1.00392
	-0.108599	0.0626996
	-0.289597	0.102388
	-0.253397	0.0957752
	-0.180998	0.0809449
	1.8914	1.4156
	0.891401	1.00196
	-0.217198	0.0886706
	-0.217198	0.0886706
	-0.289597	0.102388
	-0.144799	0.0723993
	0.710403	1.00523
	-0.289597	0.102388
	-0.253397	0.0957752
	1.819	1.41653
	0.746603	1.00458
	0.710403	1.00523
	0.674203	1.00588
	0.891401	1.00196
	-0.108599	0.0626996
	-0.289597	0.102388
	-0.289597	0.102388
	-0.144799	0.0723993
	-0.180998	0.0809449
	-0.180998	0.0809449
	-0.253397	0.0957752
	-0.180998	0.0809449
	-0.217198	0.0886706
	-0.144799	0.0723993
	-0.180998	0.0809449
	-0.108599	0.0626996
	-0.434396	0.125399
	-0.108599	0.0626996
	0.746603	1.00458
	-0.325797	0.108599
	-0.398196	0.120061
	-0.579194	0.144799
	-0.723993	0.16189
	-0.773782	1.03161
	-3.72856	0.367386
	-5.39375	0.441873
	-8.68791	0.560802
	-8.94131	0.568922
	-11.0047	0.631162
	-9.0997	1.16859
	-8.19471	1.15449
	-6.76933	0.495023
	-3.98196	0.379665
	-1.09958	1.03731
	-0.194588	1.02139
	1.38461	1.42207
	0.819002	1.00327
	7.819	2.82959
	4.6742	2.2387
	8.8914	3.00066
	9.9638	3.16248
	7.8914	2.82912
	9.8552	3.16311
	6.7104	2.64773
	4.819	2.23753
	3.7828	2.00196
	2.8552	1.73356
	-0.180998	0.0809449
	2.8552	1.73356
	0.891401	1.00196
	-0.180998	0.0809449
	-0.180998	0.0809449
	-0.0723993	0.051194
	-0.144799	0.0723993
	0.855201	1.00262
	-0.253397	0.0957752
	0.891401	1.00196
	-0.253397	0.0957752
	-0.180998	0.0809449
	2.819	1.73394
	-0.0723993	0.051194
	0.891401	1.00196
	-0.108599	0.0626996
	0.782802	1.00392
	-0.180998	0.0809449
	-0.144799	0.0723993
	-0.217198	0.0886706
	0.782802	1.00392
	-0.0361996	0.0361996
	-0.108599	0.0626996
	-0.108599	0.0626996
	-0.144799	0.0723993
	-0.180998	0.0809449
	1.7828	1.41699
	-0.0723993	0.051194
	-0.0361996	0.0361996
	1.7466	1.41745
	0.855201	1.00262
	-0.0723993	0.051194
	-0.180998	0.0809449
	-0.325797	0.108599
	-0.108599	0.0626996
	-0.0723993	0.051194
	-0.144799	0.0723993
	-0.217198	0.0886706
	-0.0723993	0.051194
	-0.108599	0.0626996
	0.891401	1.00196
	-0.144799	0.0723993
	0.746603	1.00458
	1.8552	1.41607
	-0.325797	0.108599
	-0.253397	0.0957752
	-0.289597	0.102388
	-0.289597	0.102388
	-0.217198	0.0886706
	-0.217198	0.0886706
	-0.108599	0.0626996
	-0.217198	0.0886706
	-0.253397	0.0957752
	-0.108599	0.0626996
	0.782802	1.00392
	-0.144799	0.0723993
	0.782802	1.00392
	0.746603	1.00458
	0.891401	1.00196
	-0.144799	0.0723993
	-0.108599	0.0626996
	-0.144799	0.0723993
	-0.180998	0.0809449
	-0.217198	0.0886706
	0.746603	1.00458
	0.891401	1.00196
	-0.0361996	0.0361996
	1.9276	1.41514
	-0.253397	0.0957752
	-0.108599	0.0626996
	0.819002	1.00327
	-0.253397	0.0957752
	-0.217198	0.0886706
	0.746603	1.00458
	-0.108599	0.0626996
	-0.0723993	0.051194
	-0.253397	0.0957752
	0	0
	0.819002	1.00327
	1	1
	-0.108599	0.0626996
	-0.0723993	0.051194
	-0.180998	0.0809449
	0.891401	1.00196
	0.9638	1.00065
	-0.108599	0.0626996
	-0.144799	0.0723993
	-0.108599	0.0626996
	-0.325797	0.108599
	-0.144799	0.0723993
	0.674203	1.00588
	-0.217198	0.0886706
	-0.108599	0.0626996
	-0.253397	0.0957752
	-0.180998	0.0809449
	-0.289597	0.102388
	-0.144799	0.0723993
	-0.180998	0.0809449
	-0.144799	0.0723993
	1.819	1.41653
	0.891401	1.00196
	0.855201	1.00262
	0.746603	1.00458
	0.746603	1.00458
	-0.180998	0.0809449
	-0.144799	0.0723993
	0.819002	1.00327
	-0.108599	0.0626996
	-0.144799	0.0723993
	-0.217198	0.0886706
	-0.0723993	0.051194
	-0.217198	0.0886706
	-0.253397	0.0957752
	-0.217198	0.0886706
	-0.217198	0.0886706
	-0.289597	0.102388
	-0.144799	0.0723993
	1.819	1.41653
	1.8552	1.41607
	-0.180998	0.0809449
	-0.289597	0.102388
	-0.180998	0.0809449
	0.782802	1.00392
	0.855201	1.00262
	-0.180998	0.0809449
	-0.253397	0.0957752
	-0.361996	0.114473
	-0.470595	0.13052
	-0.470595	0.13052
	-0.361996	0.114473
	-0.361996	0.114473
	1.42081	1.42161
	-0.434396	0.125399
	-0.0723993	0.051194
	-0.398196	0.120061
	-0.144799	0.0723993
	-0.108599	0.0626996
	0.782802	1.00392
	-0.253397	0.0957752
	0.782802	1.00392
	-0.108599	0.0626996
	-0.217198	0.0886706
	-0.108599	0.0626996
	-0.0723993	0.051194
	0.891401	1.00196
	-0.0723993	0.051194
	0.782802	1.00392
	-0.253397	0.0957752
	0.855201	1.00262
	1.9276	1.41514
	0.927601	1.00131
	0.819002	1.00327
	-0.0723993	0.051194
	-0.0361996	0.0361996
	-0.180998	0.0809449
	-0.253397	0.0957752
	-0.180998	0.0809449
	-0.108599	0.0626996
	-0.144799	0.0723993
	-0.325797	0.108599
	-0.180998	0.0809449
	-0.0723993	0.051194
	0.927601	1.00131
	0.782802	1.00392
	-0.180998	0.0809449
	0.638004	1.00653
	0.891401	1.00196
	-0.108599	0.0626996
	-0.144799	0.0723993
	-0.180998	0.0809449
	0.9638	1.00065
	0.9638	1.00065
	0.855201	1.00262
	-0.144799	0.0723993
	-0.108599	0.0626996
	0.855201	1.00262
	0	0
	-0.108599	0.0626996
	-0.217198	0.0886706
	-0.144799	0.0723993
	-0.217198	0.0886706
	0.891401	1.00196
	-0.180998	0.0809449
	-0.108599	0.0626996
	0.782802	1.00392
	-0.144799	0.0723993
	-0.144799	0.0723993
	-0.108599	0.0626996
	0.746603	1.00458
	0.927601	1.00131
	0.746603	1.00458
	-0.217198	0.0886706
	-0.144799	0.0723993
	-0.180998	0.0809449
	-0.0361996	0.0361996
	-0.108599	0.0626996
	-0.0723993	0.051194
	1.8914	1.4156
	0.855201	1.00262
	-0.180998	0.0809449
	0.891401	1.00196
	-0.144799	0.0723993
	0.927601	1.00131
	1.9276	1.41514
	-0.180998	0.0809449
	-0.108599	0.0626996
	0.855201	1.00262
	-0.180998	0.0809449
	-0.180998	0.0809449
	-0.253397	0.0957752
	-0.180998	0.0809449
	-0.180998	0.0809449
	-0.253397	0.0957752
	-0.253397	0.0957752
	-0.108599	0.0626996
	-0.0361996	0.0361996
	0.891401	1.00196
	-0.108599	0.0626996
	0.819002	1.00327
	0.891401	1.00196
	0.782802	1.00392
	0.819002	1.00327
	-0.144799	0.0723993
	-0.180998	0.0809449
	0.819002	1.00327
	-0.0723993	0.051194
	-0.217198	0.0886706
	-0.144799	0.0723993
	0.710403	1.00523
	-0.0723993	0.051194
	1.8914	1.4156
	-0.0361996	0.0361996
	1.8914	1.4156
	-0.144799	0.0723993
	-0.108599	0.0626996
	1.8552	1.41607
	-0.180998	0.0809449
	-0.217198	0.0886706
	-0.253397	0.0957752
	-0.0361996	0.0361996
	0.927601	1.00131
	-0.144799	0.0723993
	-0.0723993	0.051194
	-0.108599	0.0626996
	0.891401	1.00196
	-0.217198	0.0886706
	-0.108599	0.0626996
	-0.180998	0.0809449
	-0.108599	0.0626996
	-0.325797	0.108599
	-0.217198	0.0886706
	-0.0723993	0.051194
	-0.217198	0.0886706
	-0.0723993	0.051194
	-0.144799	0.0723993
	-0.0361996	0.0361996
	-0.108599	0.0626996
	-0.180998	0.0809449
	0.927601	1.00131
	-0.144799	0.0723993
	-0.144799	0.0723993
	-0.253397	0.0957752
	-0.0723993	0.051194
	0.855201	1.00262
	1.7466	1.41745
	-0.108599	0.0626996
	-0.144799	0.0723993
	-0.0723993	0.051194
	0.927601	1.00131
	-0.0723993	0.051194
	1.8552	1.41607
	-0.253397	0.0957752
	-0.144799	0.0723993
	-0.108599	0.0626996
	-0.108599	0.0626996
	-0.144799	0.0723993
	-0.108599	0.0626996
	-0.144799	0.0723993
	0.891401	1.00196
	-0.144799	0.0723993
	0.638004	1.00653
	0.9638	1.00065
	-0.108599	0.0626996
	-0.108599	0.0626996
	-0.0723993	0.051194
	-0.217198	0.0886706
	-0.0723993	0.051194
	-0.0723993	0.051194
	2.8552	1.73356
	-0.108599	0.0626996
	-0.0723993	0.051194
	-0.180998	0.0809449
	1.9276	1.41514
	0.819002	1.00327
	-0.0361996	0.0361996
	0.855201	1.00262
	-0.108599	0.0626996
	-0.0723993	0.051194
	-0.108599	0.0626996
	-0.0723993	0.051194
	-0.0723993	0.051194
	-0.0723993	0.051194
	-0.180998	0.0809449
	-0.108599	0.0626996
	-0.217198	0.0886706
	0.927601	1.00131
	0.782802	1.00392
	-0.144799	0.0723993
	-0.0723993	0.051194
	0.891401	1.00196
	-0.108599	0.0626996
	-0.0723993	0.051194
	-0.0723993	0.051194
	-0.0361996	0.0361996
	-0.0723993	0.051194
	-0.108599	0.0626996
	-0.108599	0.0626996
	-0.180998	0.0809449
	-0.0723993	0.051194
	-0.0723993	0.051194
	0.855201	1.00262
	1.8914	1.4156
	0.927601	1.00131
	0.782802	1.00392
	-0.180998	0.0809449
	-0.144799	0.0723993
	-0.0723993	0.051194
	-0.144799	0.0723993
	-0.144799	0.0723993
	-0.217198	0.0886706
	-0.108599	0.0626996
	-0.0723993	0.051194
	-0.217198	0.0886706
	-0.180998	0.0809449
	0.819002	1.00327
	-0.0723993	0.051194
	0.891401	1.00196
	-0.0723993	0.051194
	-0.144799	0.0723993
	0.891401	1.00196
	-0.144799	0.0723993
	-0.217198	0.0886706
	-0.0361996	0.0361996
	-0.325797	0.108599
	1	1
	0.710403	1.00523
	-0.289597	0.102388
	-0.144799	0.0723993
	-0.180998	0.0809449
	0.819002	1.00327
	0.782802	1.00392
	-0.0723993	0.051194
	-0.0723993	0.051194
	-0.108599	0.0626996
	-0.144799	0.0723993
	-0.180998	0.0809449
	-0.144799	0.0723993
	0.601804	1.00718
	0.891401	1.00196
	-0.180998	0.0809449
	0.782802	1.00392
	0.710403	1.00523
	-0.289597	0.102388
	-0.0723993	0.051194
	-0.144799	0.0723993
	-0.0723993	0.051194
	-0.180998	0.0809449
	1.8914	1.4156
	0.782802	1.00392
	-0.0723993	0.051194
	1.6742	1.41838
	-0.470595	0.13052
	0.529405	1.00848
	0.601804	1.00718
	0.782802	1.00392
	0.782802	1.00392
	-0.253397	0.0957752
	-0.217198	0.0886706
	0.746603	1.00458
	-0.108599	0.0626996
	-0.180998	0.0809449
	-0.217198	0.0886706
	-0.579194	0.144799
	1.638	1.41884
	-0.398196	0.120061
	-0.97739	0.188099
	0.493205	1.00913
	-0.0497895	1.01882
	-0.796392	0.169791
	0.601804	1.00718
	0.601804	1.00718
	-0.398196	0.120061
	-0.144799	0.0723993
	-0.217198	0.0886706
	-0.144799	0.0723993
	0.891401	1.00196
	-0.217198	0.0886706
	-0.144799	0.0723993
	0.927601	1.00131
	-0.253397	0.0957752
	-0.253397	0.0957752
	-0.108599	0.0626996
	-0.108599	0.0626996
	0.746603	1.00458
	0.855201	1.00262
	-0.180998	0.0809449
	0.819002	1.00327
	-0.144799	0.0723993
	-0.108599	0.0626996
	-0.108599	0.0626996
	-0.180998	0.0809449
	-0.144799	0.0723993
	-0.144799	0.0723993
	-0.289597	0.102388
	0.9638	1.00065
	0.819002	1.00327
	-0.108599	0.0626996
	0.927601	1.00131
	0.891401	1.00196
	-0.108599	0.0626996
	-0.180998	0.0809449
	0.819002	1.00327
	-0.144799	0.0723993
	-0.144799	0.0723993
	-0.144799	0.0723993
	-0.180998	0.0809449
	-0.0361996	0.0361996
	-0.0723993	0.051194
	-0.0361996	0.0361996
	-0.180998	0.0809449
	0.782802	1.00392
	-0.108599	0.0626996
	-0.180998	0.0809449
	-0.0723993	0.051194
	-0.0361996	0.0361996
	-0.0361996	0.0361996
	0.855201	1.00262
	-0.180998	0.0809449
	-0.108599	0.0626996
	0.855201	1.00262
	0.9638	1.00065
	-0.144799	0.0723993
	-0.180998	0.0809449
	-0.0361996	0.0361996
	-0.144799	0.0723993
	-0.108599	0.0626996
	-0.217198	0.0886706
	-0.108599	0.0626996
	0	0
	-0.180998	0.0809449
	-0.0361996	0.0361996
	-0.144799	0.0723993
	-0.108599	0.0626996
	-0.108599	0.0626996
	0.819002	1.00327
	-0.0723993	0.051194
	-0.180998	0.0809449
	-0.0361996	0.0361996
	0.891401	1.00196
	-0.0723993	0.051194
	1.819	1.41653
	0.927601	1.00131
	-0.144799	0.0723993
	-0.144799	0.0723993
	-0.0361996	0.0361996
	-0.325797	0.108599
	-0.0723993	0.051194
	-0.0361996	0.0361996
	-0.253397	0.0957752
	-0.217198	0.0886706
	-0.108599	0.0626996
	-0.253397	0.0957752
	1.6018	1.4193
	-0.253397	0.0957752
	1.5656	1.41976
	-0.217198	0.0886706
	-0.180998	0.0809449
	-0.0723993	0.051194
	-0.289597	0.102388
	-0.108599	0.0626996
	1.9638	1.41468
	0.782802	1.00392
	0.782802	1.00392
	-0.108599	0.0626996
	1	1
	-0.0361996	0.0361996
	0.855201	1.00262
	-0.0723993	0.051194
	-0.180998	0.0809449
	-0.108599	0.0626996
	0.891401	1.00196
	-0.180998	0.0809449
	-0.180998	0.0809449
	-0.108599	0.0626996
	-0.108599	0.0626996
	-0.108599	0.0626996
	0.819002	1.00327
	-0.0361996	0.0361996
	-0.180998	0.0809449
	-0.180998	0.0809449
	-0.180998	0.0809449
	-0.144799	0.0723993
	-0.289597	0.102388
	-0.217198	0.0886706
	-0.180998	0.0809449
	-0.217198	0.0886706
	-0.144799	0.0723993
	0.819002	1.00327
	0.819002	1.00327
	-0.0723993	0.051194
	0.855201	1.00262
	-0.0723993	0.051194
	-0.180998	0.0809449
	-0.144799	0.0723993
	-0.108599	0.0626996
	-0.144799	0.0723993
	-0.217198	0.0886706
	-0.108599	0.0626996
	0.891401	1.00196
	0.855201	1.00262
	-0.180998	0.0809449
	-0.144799	0.0723993
	1	1
	0.746603	1.00458
	-0.144799	0.0723993
	-0.0361996	0.0361996
	-0.144799	0.0723993
	-0.180998	0.0809449
	-0.144799	0.0723993
	-0.180998	0.0809449
	-0.0361996	0.0361996
	0.891401	1.00196
	0	0
	-0.0361996	0.0361996
	1.9276	1.41514
	0.855201	1.00262
	0.855201	1.00262
	-0.108599	0.0626996
	-0.0723993	0.051194
	0.782802	1.00392
	-0.108599	0.0626996
	-0.144799	0.0723993
	-0.0361996	0.0361996
	-0.108599	0.0626996
	0.891401	1.00196
	-0.108599	0.0626996
	-0.108599	0.0626996
	0.819002	1.00327
	0.891401	1.00196
	0.855201	1.00262
	0.855201	1.00262
	0.855201	1.00262
	-0.108599	0.0626996
	-0.108599	0.0626996
	-0.0723993	0.051194
	0.927601	1.00131
	-0.0723993	0.051194
	-0.0361996	0.0361996
	-0.108599	0.0626996
	-0.0723993	0.051194
	0.927601	1.00131
	-0.0723993	0.051194
	0.9638	1.00065
	0	0
	-0.0723993	0.051194
	0	0
	-0.144799	0.0723993
	-0.217198	0.0886706
	-0.0361996	0.0361996
	-0.0723993	0.051194
	-0.217198	0.0886706
	-0.0361996	0.0361996
	1.9276	1.41514
	-0.108599	0.0626996
	0.927601	1.00131
	-0.108599	0.0626996
	0.819002	1.00327
	-0.144799	0.0723993
	-0.0723993	0.051194
	-0.0361996	0.0361996
	-0.0723993	0.051194
	-0.289597	0.102388
	-0.180998	0.0809449
	0.855201	1.00262
	-0.180998	0.0809449
	0.891401	1.00196
	-0.0723993	0.051194
	-0.217198	0.0886706
	-0.0723993	0.051194
	-0.0723993	0.051194
	0.855201	1.00262
	-0.144799	0.0723993
	0.927601	1.00131
	-0.144799	0.0723993
	-0.144799	0.0723993
	0.746603	1.00458
	-0.361996	0.114473
	0.819002	1.00327
	-0.180998	0.0809449
	-0.0723993	0.051194
	-0.108599	0.0626996
	0.855201	1.00262
	1.9638	1.41468
	2.8552	1.73356
	1.819	1.41653
	-0.108599	0.0626996
	1.8914	1.4156
	0.891401	1.00196
	0.746603	1.00458
	0	0
	-0.108599	0.0626996
	-0.0361996	0.0361996
	0.855201	1.00262
	-0.180998	0.0809449
	0.927601	1.00131
	0.891401	1.00196
	-0.180998	0.0809449
	-0.0361996	0.0361996
	-0.144799	0.0723993
	-0.217198	0.0886706
	0.819002	1.00327
	0	0
	-0.0723993	0.051194
	0.819002	1.00327
	-0.144799	0.0723993
	-0.0361996	0.0361996
	0.855201	1.00262
	-0.180998	0.0809449
	-0.108599	0.0626996
	-0.108599	0.0626996
	-0.0723993	0.051194
	0.891401	1.00196
	-0.108599	0.0626996
	-0.0723993	0.051194
	-0.217198	0.0886706
	-0.144799	0.0723993
	-0.144799	0.0723993
	-0.144799	0.0723993
	-0.108599	0.0626996
	0.782802	1.00392
	-0.0361996	0.0361996
	-0.108599	0.0626996
	0.891401	1.00196
	-0.0361996	0.0361996
	0.9638	1.00065
	-0.0361996	0.0361996
	-0.0723993	0.051194
	0.819002	1.00327
	0.927601	1.00131
	-0.108599	0.0626996
	1.8552	1.41607
	-0.0723993	0.051194
	0	0
	-0.144799	0.0723993
	-0.0723993	0.051194
	-0.0723993	0.051194
	-0.0723993	0.051194
	-0.0723993	0.051194
	-0.108599	0.0626996
	-0.0361996	0.0361996
	-0.217198	0.0886706
	-0.108599	0.0626996
	-0.0361996	0.0361996
	-0.180998	0.0809449
	-0.108599	0.0626996
	-0.108599	0.0626996
	-0.108599	0.0626996
	-0.253397	0.0957752
	-0.108599	0.0626996
	-0.108599	0.0626996
	-0.0723993	0.051194
	0.927601	1.00131
	-0.144799	0.0723993
	-0.0361996	0.0361996
	-0.0723993	0.051194
	-0.144799	0.0723993
	0.855201	1.00262
	-0.180998	0.0809449
	-0.108599	0.0626996
	0.927601	1.00131
	0	0
	-0.180998	0.0809449
	-0.0723993	0.051194
	-0.0361996	0.0361996
	0.927601	1.00131
	-0.217198	0.0886706
	-0.144799	0.0723993
	-0.0723993	0.051194
	0.927601	1.00131
	-0.0723993	0.051194
	0.819002	1.00327
	-0.108599	0.0626996
	-0.180998	0.0809449
	-0.180998	0.0809449
	-0.108599	0.0626996
	-0.0723993	0.051194
	0.927601	1.00131
	-0.180998	0.0809449
	-0.180998	0.0809449
	-0.108599	0.0626996
	-0.217198	0.0886706
	1.9276	1.41514
	0.927601	1.00131
	-0.180998	0.0809449
	0.9638	1.00065
	0.891401	1.00196
	0	0
	0.782802	1.00392
	-0.0361996	0.0361996
	0	0
	-0.217198	0.0886706
	-0.0723993	0.051194
	-0.108599	0.0626996
	-0.144799	0.0723993
	-0.0723993	0.051194
	0.9638	1.00065
	1	1
	-0.180998	0.0809449
	-0.180998	0.0809449
	-0.108599	0.0626996
	-0.0361996	0.0361996
	0.9638	1.00065
	-0.108599	0.0626996
	-0.108599	0.0626996
	0.891401	1.00196
	0.927601	1.00131
	-0.0361996	0.0361996
	0.891401	1.00196
	-0.108599	0.0626996
	-0.144799	0.0723993
	-0.0723993	0.051194
	0.9638	1.00065
	0.855201	1.00262
	-0.108599	0.0626996
	0	0
	0.9638	1.00065
	-0.144799	0.0723993
	-0.0361996	0.0361996
	0.927601	1.00131
	-0.108599	0.0626996
	0.891401	1.00196
	-0.108599	0.0626996
	-0.108599	0.0626996
	-0.0723993	0.051194
	-0.144799	0.0723993
	0.891401	1.00196
	-0.180998	0.0809449
	-0.0723993	0.051194
	-0.108599	0.0626996
	0.9638	1.00065
	-0.144799	0.0723993
	0.891401	1.00196
	1.9638	1.41468
	-0.0361996	0.0361996
	0.891401	1.00196
	0	0
	-0.108599	0.0626996
	-0.0723993	0.051194
	-0.108599	0.0626996
	-0.0361996	0.0361996
	-0.0361996	0.0361996
	-0.144799	0.0723993
	-0.180998	0.0809449
	-0.144799	0.0723993
	-0.253397	0.0957752
	-0.0723993	0.051194
	0.855201	1.00262
	0	0
	-0.108599	0.0626996
	-0.108599	0.0626996
	0.819002	1.00327
	-0.0361996	0.0361996
	-0.144799	0.0723993
	-0.0723993	0.051194
	0.891401	1.00196
	-0.144799	0.0723993
	0.927601	1.00131
	-0.0723993	0.051194
	-0.108599	0.0626996
	-0.0723993	0.051194
	-0.144799	0.0723993
	-0.0361996	0.0361996
	-0.325797	0.108599
	-0.0723993	0.051194
	1.9638	1.41468
	-0.144799	0.0723993
	-0.108599	0.0626996
	0.9638	1.00065
	0	0
	-0.0723993	0.051194
	-0.144799	0.0723993
	0.855201	1.00262
	-0.108599	0.0626996
	0.855201	1.00262
	-0.108599	0.0626996
	0.927601	1.00131
	-0.0723993	0.051194
	-0.108599	0.0626996
	0.927601	1.00131
	-0.0723993	0.051194
	0.855201	1.00262
	-0.144799	0.0723993
	-0.180998	0.0809449
	0.782802	1.00392
	-0.434396	0.125399
	-0.361996	0.114473
	-0.289597	0.102388
	-0.506795	0.135447
	-0.579194	0.144799
	-0.253397	0.0957752
	-0.253397	0.0957752
	1.8552	1.41607
	-0.180998	0.0809449
	-0.108599	0.0626996
	-0.144799	0.0723993
	-0.144799	0.0723993
	-0.108599	0.0626996
	0	0
	-0.144799	0.0723993
	0.9638	1.00065
	2.9276	1.73281
	-0.0361996	0.0361996
	-0.0723993	0.051194
	-0.0723993	0.051194
	1	1
	0	0
	0.9638	1.00065
	1.9638	1.41468
	0	0
	-0.0723993	0.051194
	-0.0361996	0.0361996
	-0.0723993	0.051194
	-0.0361996	0.0361996
	0.891401	1.00196
	-0.0361996	0.0361996
	-0.0361996	0.0361996
	-0.144799	0.0723993
	1	1
	-0.0361996	0.0361996
	-0.108599	0.0626996
	0.819002	1.00327
	1.7828	1.41699
	0.9638	1.00065
	-0.0723993	0.051194
	-0.0361996	0.0361996
	0.819002	1.00327
	-0.0723993	0.051194
	0.855201	1.00262
	-0.0361996	0.0361996
	-0.0361996	0.0361996
	0	0
	0	0
	-0.180998	0.0809449
	-0.0361996	0.0361996
	0.891401	1.00196
	-0.108599	0.0626996
	-0.0361996	0.0361996
	-0.144799	0.0723993
	0	0
	-0.108599	0.0626996
	-0.0361996	0.0361996
	-0.0361996	0.0361996
	-0.144799	0.0723993
	-0.0361996	0.0361996
	0.891401	1.00196
	0.819002	1.00327
	-0.108599	0.0626996
	-0.108599	0.0626996
	-0.108599	0.0626996
	-0.0723993	0.051194
	-0.108599	0.0626996
	0.9638	1.00065
	-0.0723993	0.051194
	0.9638	1.00065
	-0.180998	0.0809449
	-0.180998	0.0809449
	-0.0723993	0.051194
	1.8552	1.41607
	-0.108599	0.0626996
	-0.144799	0.0723993
	-0.144799	0.0723993
	-0.108599	0.0626996
	0	0
	-0.0723993	0.051194
	0.855201	1.00262
	-0.0361996	0.0361996
	0.927601	1.00131
	-0.0723993	0.051194
	-0.0361996	0.0361996
	0	0
	0.819002	1.00327
	-0.253397	0.0957752
	-0.0723993	0.051194
	0.891401	1.00196
	-0.0361996	0.0361996
	-0.0723993	0.051194
	-0.144799	0.0723993
	0.819002	1.00327
	-0.144799	0.0723993
	-0.0723993	0.051194
	0.891401	1.00196
	-0.108599	0.0626996
	-0.180998	0.0809449
	-0.0723993	0.051194
	-0.0723993	0.051194
	-0.108599	0.0626996
	-0.144799	0.0723993
	0.927601	1.00131
	-0.180998	0.0809449
	-0.398196	0.120061
	0.239808	1.01367
	-0.0497895	1.01882
	-1.80998	0.25597
	-0.954781	1.03478
	-1.77378	0.253397
	-1.84618	0.258517
	-1.37559	0.22315
	-0.796392	0.169791
	-0.361996	0.114473
	-0.434396	0.125399
	-0.289597	0.102388
	0.782802	1.00392
	-0.144799	0.0723993
	0.927601	1.00131
	0.891401	1.00196
	0.927601	1.00131
	-0.144799	0.0723993
	-0.0723993	0.051194
	0.927601	1.00131
	1.9638	1.41468
	-0.0361996	0.0361996
	-0.108599	0.0626996
	1.8914	1.4156
	0.855201	1.00262
	1.9638	1.41468
	-0.180998	0.0809449
	0.927601	1.00131
	-0.0361996	0.0361996
	-0.0723993	0.051194
	-0.0723993	0.051194
	-0.0361996	0.0361996
	-0.0723993	0.051194
	-0.0361996	0.0361996
	-0.108599	0.0626996
	-0.180998	0.0809449
	-0.0723993	0.051194
	-0.108599	0.0626996
	-0.144799	0.0723993
	-0.0361996	0.0361996
	-0.144799	0.0723993
	-0.0361996	0.0361996
	-0.0723993	0.051194
	-0.0723993	0.051194
	-0.108599	0.0626996
	-0.0723993	0.051194
	-0.0723993	0.051194
	0	0
	0	0
	-0.0723993	0.051194
	0.9638	1.00065
	-0.108599	0.0626996
	-0.0723993	0.051194
	-0.0723993	0.051194
	-0.0723993	0.051194
	-0.0361996	0.0361996
	-0.0723993	0.051194
	-0.144799	0.0723993
	-0.108599	0.0626996
	-0.144799	0.0723993
	0	0
	-0.144799	0.0723993
	0.9638	1.00065
	-0.180998	0.0809449
	-0.144799	0.0723993
	-0.0361996	0.0361996
	-0.0723993	0.051194
	-0.0361996	0.0361996
	-0.0723993	0.051194
	-0.108599	0.0626996
	0.855201	1.00262
	-0.0361996	0.0361996
	-0.108599	0.0626996
	-0.0723993	0.051194
	-0.108599	0.0626996
	-0.217198	0.0886706
	-0.180998	0.0809449
	-0.144799	0.0723993
	-0.0723993	0.051194
	-0.144799	0.0723993
	-0.0361996	0.0361996
	-0.108599	0.0626996
	-0.0723993	0.051194
	-0.0723993	0.051194
	-0.0723993	0.051194
	-0.108599	0.0626996
	-0.108599	0.0626996
	-0.0723993	0.051194
	-0.180998	0.0809449
	-0.108599	0.0626996
	-0.0361996	0.0361996
	-0.0361996	0.0361996
	-0.0361996	0.0361996
	-0.0361996	0.0361996
	0.855201	1.00262
	0	0
	-0.0723993	0.051194
	-0.0723993	0.051194
	0.9638	1.00065
	-0.0361996	0.0361996
	-0.0361996	0.0361996
	-0.0723993	0.051194
	1.9276	1.41514
	0	0
	0.891401	1.00196
	-0.0723993	0.051194
	-0.0723993	0.051194
	0.855201	1.00262
	1.9638	1.41468
	0.9638	1.00065
	-0.108599	0.0626996
	-0.108599	0.0626996
	0.927601	1.00131
	-0.0361996	0.0361996
	0	0
	0	0
	-0.144799	0.0723993
	-0.108599	0.0626996
	-0.0361996	0.0361996
	-0.144799	0.0723993
	1.9276	1.41514
	-0.0723993	0.051194
	-0.0361996	0.0361996
	-0.144799	0.0723993
	-0.0723993	0.051194
	-0.108599	0.0626996
	-0.217198	0.0886706
	-0.0361996	0.0361996
	0.891401	1.00196
	-0.0723993	0.051194
	0.9638	1.00065
	-0.0361996	0.0361996
	-0.0723993	0.051194
	0	0
	-0.0361996	0.0361996
	-0.180998	0.0809449
	-0.0361996	0.0361996
	-0.144799	0.0723993
	0.891401	1.00196
	-0.0723993	0.051194
	1	1
	-0.108599	0.0626996
	-0.0361996	0.0361996
	-0.0361996	0.0361996
	1.9638	1.41468
	-0.144799	0.0723993
	-0.144799	0.0723993
	-0.144799	0.0723993
	-0.0723993	0.051194
	-0.144799	0.0723993
	-0.0723993	0.051194
	0.891401	1.00196
	-0.0723993	0.051194
	-0.0723993	0.051194
	0	0
	-0.180998	0.0809449
	-0.108599	0.0626996
	-0.108599	0.0626996
	-0.108599	0.0626996
	-0.108599	0.0626996
	-0.108599	0.0626996
	-0.180998	0.0809449
	1	1
	-0.180998	0.0809449
	-0.0361996	0.0361996
	0	0
	-0.0361996	0.0361996
	-0.0361996	0.0361996
	-0.0723993	0.051194
	0	0
	0.927601	1.00131
	-0.108599	0.0626996
	1.9638	1.41468
	-0.108599	0.0626996
	-0.144799	0.0723993
	-0.0723993	0.051194
	1	1
	-0.0723993	0.051194
	-0.0723993	0.051194
	-0.0361996	0.0361996
	-0.180998	0.0809449
	0.927601	1.00131
	-0.144799	0.0723993
	-0.0723993	0.051194
	-0.0361996	0.0361996
	-0.0361996	0.0361996
	-0.144799	0.0723993
	-0.0723993	0.051194
	-0.0723993	0.051194
	-0.144799	0.0723993
	-0.180998	0.0809449
	0.9638	1.00065
	0.927601	1.00131
	0.855201	1.00262
	0.9638	1.00065
	-0.108599	0.0626996
	-0.108599	0.0626996
	-0.0723993	0.051194
	-0.144799	0.0723993
	-0.144799	0.0723993
	-0.253397	0.0957752
	-0.108599	0.0626996
	-0.144799	0.0723993
	-0.108599	0.0626996
	0.927601	1.00131
	-0.0361996	0.0361996
	-0.0361996	0.0361996
	0.891401	1.00196
	-0.0361996	0.0361996
	-0.0723993	0.051194
	-0.0723993	0.051194
	1.9638	1.41468
	-0.253397	0.0957752
	-0.0723993	0.051194
	1	1
	0.819002	1.00327
	-0.108599	0.0626996
	0.927601	1.00131
	0	0
	-0.0723993	0.051194
	-0.0361996	0.0361996
	-0.0723993	0.051194
	0.855201	1.00262
	0.927601	1.00131
	-0.180998	0.0809449
	-0.0723993	0.051194
	-0.180998	0.0809449
	-0.0361996	0.0361996
	-0.0361996	0.0361996
	-0.180998	0.0809449
	0.891401	1.00196
	-0.0361996	0.0361996
	-0.289597	0.102388
	-0.180998	0.0809449
	-0.144799	0.0723993
	-0.108599	0.0626996
	-0.108599	0.0626996
	0.927601	1.00131
	-0.0723993	0.051194
	-0.0361996	0.0361996
	-0.144799	0.0723993
	-0.108599	0.0626996
	-0.108599	0.0626996
	-0.0723993	0.051194
	-0.108599	0.0626996
	0.891401	1.00196
	-0.108599	0.0626996
	-0.108599	0.0626996
	-0.0361996	0.0361996
	-0.108599	0.0626996
	-0.217198	0.0886706
	-0.0361996	0.0361996
	-0.217198	0.0886706
	-0.0723993	0.051194
	-0.0723993	0.051194
	-0.180998	0.0809449
	-0.108599	0.0626996
	-0.506795	0.135447
	-0.217198	0.0886706
	-0.398196	0.120061
	-0.289597	0.102388
	-0.434396	0.125399
	-0.0723993	0.051194
	-0.108599	0.0626996
	-0.0361996	0.0361996
	0	0
	-0.144799	0.0723993
	0	0
	-0.0361996	0.0361996
	-0.0361996	0.0361996
	0	0
	0	0
	-0.0361996	0.0361996
	-0.0361996	0.0361996
	-0.0361996	0.0361996
	-0.0361996	0.0361996
	-0.108599	0.0626996
	-0.0723993	0.051194
	0.855201	1.00262
	0.927601	1.00131
	-0.108599	0.0626996
	-0.0723993	0.051194
	-0.0723993	0.051194
	-0.253397	0.0957752
	-0.108599	0.0626996
	-0.0723993	0.051194
	-0.217198	0.0886706
	-0.0723993	0.051194
	-0.144799	0.0723993
	-0.144799	0.0723993
	-0.0723993	0.051194
	-0.0723993	0.051194
	-0.0361996	0.0361996
	-0.0361996	0.0361996
	1.8914	1.4156
	-0.180998	0.0809449
	-0.108599	0.0626996
	-0.144799	0.0723993
	-0.144799	0.0723993
	0	0
	-0.0723993	0.051194
	-0.0723993	0.051194
	-0.0723993	0.051194
	-0.108599	0.0626996
	-0.144799	0.0723993
	-0.0723993	0.051194
	-0.0723993	0.051194
	-0.0361996	0.0361996
	-0.253397	0.0957752
	-0.0361996	0.0361996
	-0.0723993	0.051194
	-0.0361996	0.0361996
	-0.0723993	0.051194
	0	0
	-0.0723993	0.051194
	-0.180998	0.0809449
	0.927601	1.00131
	-0.253397	0.0957752
	-0.0723993	0.051194
	-0.0361996	0.0361996
	-0.0361996	0.0361996
	-0.180998	0.0809449
	-0.108599	0.0626996
	-0.0723993	0.051194
	1	1
	0.927601	1.00131
	1	1
	0.927601	1.00131
	-0.108599	0.0626996
	-0.108599	0.0626996
	-0.144799	0.0723993
	-0.180998	0.0809449
	-0.108599	0.0626996
	-0.0723993	0.051194
	-0.144799	0.0723993
	-0.0723993	0.051194
	-0.144799	0.0723993
	-0.0723993	0.051194
	0.891401	1.00196
	-0.108599	0.0626996
	0.891401	1.00196
	-0.217198	0.0886706
	0.927601	1.00131
	-0.0361996	0.0361996
	-0.144799	0.0723993
	-0.0361996	0.0361996
	-0.0361996	0.0361996
	-0.0723993	0.051194
	-0.108599	0.0626996
	-0.108599	0.0626996
	0	0
	-0.0361996	0.0361996
	-0.0361996	0.0361996
	-0.0723993	0.051194
	-0.108599	0.0626996
	-0.0723993	0.051194
	0	0
	-0.0361996	0.0361996
	0	0
	-0.0723993	0.051194
	-0.0723993	0.051194
	0	0
	0.855201	1.00262
	-0.0723993	0.051194
	0	0
	-0.108599	0.0626996
	-0.180998	0.0809449
	-0.144799	0.0723993
	-0.0361996	0.0361996
	-0.0723993	0.051194
	-0.108599	0.0626996
	-0.0723993	0.051194
	-0.0361996	0.0361996
	-0.0723993	0.051194
	1.8552	1.41607
	-0.144799	0.0723993
	0.855201	1.00262
	-0.144799	0.0723993
	0.855201	1.00262
	-0.0723993	0.051194
	-0.0361996	0.0361996
	0	0
	-0.0361996	0.0361996
	-0.144799	0.0723993
	-0.0723993	0.051194
	-0.108599	0.0626996
	-0.108599	0.0626996
	-0.180998	0.0809449
	0.855201	1.00262
	-0.0723993	0.051194
	-0.144799	0.0723993
	-0.0723993	0.051194
	-0.180998	0.0809449
	0.9638	1.00065
	-0.144799	0.0723993
	-0.0723993	0.051194
	-0.0723993	0.051194
	-0.144799	0.0723993
	0.927601	1.00131
	-0.108599	0.0626996
	-0.0361996	0.0361996
	-0.0723993	0.051194
	-0.0361996	0.0361996
	-0.108599	0.0626996
	-0.108599	0.0626996
	-0.108599	0.0626996
	-0.108599	0.0626996
	-0.108599	0.0626996
	-0.144799	0.0723993
	-0.108599	0.0626996
	-0.108599	0.0626996
	0.782802	1.00392
	-0.0361996	0.0361996
	-0.108599	0.0626996
	-0.144799	0.0723993
	0.891401	1.00196
	0.9638	1.00065
	-0.108599	0.0626996
	-0.180998	0.0809449
	-0.0361996	0.0361996
	-0.0723993	0.051194
	0	0
	-0.144799	0.0723993
	-0.108599	0.0626996
	0.855201	1.00262
	-0.0723993	0.051194
	-0.217198	0.0886706
	-0.108599	0.0626996
	-0.180998	0.0809449
	0.9638	1.00065
	-0.144799	0.0723993
	-0.0723993	0.051194
	-0.108599	0.0626996
	-0.108599	0.0626996
	-0.0361996	0.0361996
	-0.144799	0.0723993
	-0.0723993	0.051194
	-0.180998	0.0809449
	-0.0723993	0.051194
	-0.108599	0.0626996
	-0.108599	0.0626996
	-0.0361996	0.0361996
	0.9638	1.00065
	-0.0723993	0.051194
	-0.108599	0.0626996
	-0.0723993	0.051194
	-0.217198	0.0886706
	-0.0723993	0.051194
	-0.144799	0.0723993
	-0.108599	0.0626996
	0.891401	1.00196
	-0.0361996	0.0361996
	0.855201	1.00262
	-0.0361996	0.0361996
	0.782802	1.00392
	-0.0723993	0.051194
	-0.108599	0.0626996
	-0.0723993	0.051194
	-0.180998	0.0809449
	0	0
	-0.0723993	0.051194
	-0.0361996	0.0361996
	-0.108599	0.0626996
	0.927601	1.00131
	-0.108599	0.0626996
	1	1
	-0.0723993	0.051194
	-0.108599	0.0626996
	-0.0723993	0.051194
	0	0
	-0.144799	0.0723993
	-0.0361996	0.0361996
	-0.108599	0.0626996
	-0.180998	0.0809449
	-0.0723993	0.051194
	-0.0361996	0.0361996
	-0.108599	0.0626996
	-0.0723993	0.051194
	0.927601	1.00131
	-0.108599	0.0626996
	0.855201	1.00262
	-0.108599	0.0626996
	0	0
	-0.108599	0.0626996
	-0.0361996	0.0361996
	-0.108599	0.0626996
	-0.0723993	0.051194
	0.927601	1.00131
	-0.108599	0.0626996
	-0.0723993	0.051194
	0.9638	1.00065
	-0.144799	0.0723993
	-0.0723993	0.051194
	-0.108599	0.0626996
	0	0
	1.9276	1.41514
	-0.108599	0.0626996
	-0.0723993	0.051194
	-0.180998	0.0809449
	2	1.41421
	-0.108599	0.0626996
	0	0
	-0.0723993	0.051194
	-0.0361996	0.0361996
	-0.108599	0.0626996
	-0.0361996	0.0361996
	0	0
	0	0
	-0.217198	0.0886706
	-0.144799	0.0723993
	-0.108599	0.0626996
	-0.0723993	0.051194
	-0.0361996	0.0361996
	-0.108599	0.0626996
	-0.217198	0.0886706
	-0.108599	0.0626996
	-0.0723993	0.051194
	-0.108599	0.0626996
	-0.144799	0.0723993
	-0.0723993	0.051194
	-0.0361996	0.0361996
	-0.0723993	0.051194
	0.782802	1.00392
	-0.0723993	0.051194
	-0.0361996	0.0361996
	-0.0361996	0.0361996
	-0.144799	0.0723993
	-0.108599	0.0626996
	0	0
	-0.0361996	0.0361996
	0.927601	1.00131
	0.782802	1.00392
	-0.0723993	0.051194
	-0.0361996	0.0361996
	-0.0361996	0.0361996
	-0.0723993	0.051194
	0	0
	0	0
	-0.0361996	0.0361996
	-0.0361996	0.0361996
	-0.0361996	0.0361996
	-0.217198	0.0886706
	0.891401	1.00196
	0.9638	1.00065
	-0.180998	0.0809449
	0	0
	-0.0723993	0.051194
	-0.0723993	0.051194
	0.927601	1.00131
	-0.0361996	0.0361996
	-0.0361996	0.0361996
	-0.0723993	0.051194
	-0.108599	0.0626996
	-0.0361996	0.0361996
	-0.0361996	0.0361996
	0	0
	-0.0361996	0.0361996
	-0.108599	0.0626996
	-0.0723993	0.051194
	-0.0723993	0.051194
	-0.0723993	0.051194
	-0.0723993	0.051194
	-0.0723993	0.051194
	-0.108599	0.0626996
	-0.144799	0.0723993
	-0.0723993	0.051194
	-0.144799	0.0723993
	0.927601	1.00131
	-0.0723993	0.051194
	-0.0361996	0.0361996
	-0.108599	0.0626996
	-0.108599	0.0626996
	-0.108599	0.0626996
	-0.0361996	0.0361996
	0	0
	0	0
	-0.0723993	0.051194
	-0.0723993	0.051194
	-0.144799	0.0723993
	-0.108599	0.0626996
	-0.0723993	0.051194
	-0.0361996	0.0361996
	2	1.41421
	0.927601	1.00131
	0.927601	1.00131
	-0.0723993	0.051194
	1	1
	-0.144799	0.0723993
	-0.0723993	0.051194
	-0.108599	0.0626996
	0	0
	-0.180998	0.0809449
	-0.108599	0.0626996
	1	1
	-0.108599	0.0626996
	0.891401	1.00196
	-0.0361996	0.0361996
	0	0
	-0.108599	0.0626996
	-0.108599	0.0626996
	-0.0723993	0.051194
	-0.0361996	0.0361996
	-0.0723993	0.051194
	0	0
	1.9638	1.41468
	-0.144799	0.0723993
	0.9638	1.00065
	-0.0361996	0.0361996
	-0.108599	0.0626996
	1	1
	-0.0723993	0.051194
	0.891401	1.00196
	-0.144799	0.0723993
	0.927601	1.00131
	-0.0361996	0.0361996
	-0.217198	0.0886706
	-0.0723993	0.051194
	0.891401	1.00196
	-0.0361996	0.0361996
	-0.0361996	0.0361996
	-0.0723993	0.051194
	1.8552	1.41607
	-0.108599	0.0626996
	-0.0723993	0.051194
	-0.108599	0.0626996
	-0.180998	0.0809449
	2.8914	1.73319
	-0.144799	0.0723993
	0.9638	1.00065
	-0.0361996	0.0361996
	2	1.41421
	-0.0361996	0.0361996
	0	0
	-0.0361996	0.0361996
	-0.0723993	0.051194
	-0.0361996	0.0361996
	-0.108599	0.0626996
	0	0
	-0.0723993	0.051194
	0	0
	-0.217198	0.0886706
	-0.217198	0.0886706
	0.927601	1.00131
	-0.0723993	0.051194
	-0.108599	0.0626996
	0.9638	1.00065
	1.9638	1.41468
	-0.0361996	0.0361996
	0.819002	1.00327
	-0.0361996	0.0361996
	-0.108599	0.0626996
	-0.0723993	0.051194
	-0.0723993	0.051194
	-0.0361996	0.0361996
	0.9638	1.00065
	-0.0723993	0.051194
	-0.108599	0.0626996
	1	1
	1.9638	1.41468
	-0.0361996	0.0361996
	-0.108599	0.0626996
	-0.180998	0.0809449
	-0.0361996	0.0361996
	-0.180998	0.0809449
	-0.108599	0.0626996
	-0.108599	0.0626996
	0	0
	-0.108599	0.0626996
	-0.108599	0.0626996
	-0.144799	0.0723993
	-0.180998	0.0809449
	0.9638	1.00065
	0.927601	1.00131
	0.891401	1.00196
	-0.0361996	0.0361996
	-0.0723993	0.051194
	-0.108599	0.0626996
	-0.0361996	0.0361996
	-0.0723993	0.051194
	-0.0361996	0.0361996
	-0.0361996	0.0361996
	0.855201	1.00262
	-0.0361996	0.0361996
	-0.0361996	0.0361996
	1.9638	1.41468
	0	0
	-0.0361996	0.0361996
	-0.0361996	0.0361996
	-0.0723993	0.051194
	-0.108599	0.0626996
	0.9638	1.00065
	0	0
	-0.0723993	0.051194
	-0.0723993	0.051194
	-0.108599	0.0626996
	1	1
	-0.0723993	0.051194
	-0.0723993	0.051194
	-0.0361996	0.0361996
	-0.0723993	0.051194
	0	0
	1	1
	0	0
	0	0
	-0.144799	0.0723993
	-0.144799	0.0723993
	-0.0723993	0.051194
	-0.0723993	0.051194
	-0.0361996	0.0361996
	-0.0361996	0.0361996
	-0.108599	0.0626996
	-0.144799	0.0723993
	0	0
	-0.0723993	0.051194
	-0.108599	0.0626996
	0.9638	1.00065
	0.891401	1.00196
	0.855201	1.00262
	-0.0723993	0.051194
	-0.0361996	0.0361996
	1	1
	-0.108599	0.0626996
	0	0
	-0.180998	0.0809449
	-0.0723993	0.051194
	0	0
	-0.108599	0.0626996
	-0.108599	0.0626996
	-0.0723993	0.051194
	0	0
	0	0
	-0.108599	0.0626996
	0.9638	1.00065
	-0.108599	0.0626996
	-0.0361996	0.0361996
	0.891401	1.00196
	1	1
	-0.144799	0.0723993
	-0.144799	0.0723993
	-0.108599	0.0626996
	-0.0361996	0.0361996
	2.9638	1.73243
	0.9638	1.00065
	0	0
	-0.144799	0.0723993
	1.9276	1.41514
	0	0
	-0.108599	0.0626996
	-0.180998	0.0809449
	0.891401	1.00196
	-0.108599	0.0626996
	-0.144799	0.0723993
	-0.0361996	0.0361996
	-0.0361996	0.0361996
	0	0
	-0.0361996	0.0361996
	0.891401	1.00196
	0	0
	-0.0361996	0.0361996
	-0.108599	0.0626996
	-0.144799	0.0723993
	0.855201	1.00262
	0	0
	-0.144799	0.0723993
	0	0
	-0.0723993	0.051194
	0	0
	0.891401	1.00196
	1.9276	1.41514
	-0.108599	0.0626996
	-0.0361996	0.0361996
	-0.144799	0.0723993
	-0.0723993	0.051194
	0.819002	1.00327
	-0.180998	0.0809449
	-0.108599	0.0626996
	0	0
	0.9638	1.00065
	-0.108599	0.0626996
	-0.108599	0.0626996
	-0.0723993	0.051194
	-0.0723993	0.051194
	-0.0723993	0.051194
	-0.0361996	0.0361996
	0	0
	-0.0361996	0.0361996
	0	0
	0.927601	1.00131
	-0.144799	0.0723993
	-0.108599	0.0626996
	0.9638	1.00065
	-0.0361996	0.0361996
	-0.0361996	0.0361996
	-0.0723993	0.051194
	0	0
	-0.0361996	0.0361996
	-0.0361996	0.0361996
	1.9638	1.41468
	0	0
	-0.0723993	0.051194
	-0.144799	0.0723993
	-0.0723993	0.051194
	-0.0723993	0.051194
	-0.180998	0.0809449
	-0.108599	0.0626996
	-0.0723993	0.051194
	-0.0723993	0.051194
	0.927601	1.00131
	-0.108599	0.0626996
	-0.0723993	0.051194
	-0.0361996	0.0361996
	-0.0361996	0.0361996
	-0.0723993	0.051194
	0	0
	0	0
	-0.144799	0.0723993
	-0.0723993	0.051194
	-0.0723993	0.051194
	-0.0723993	0.051194
	-0.108599	0.0626996
	-0.0723993	0.051194
	-0.0361996	0.0361996
	0.819002	1.00327
	-0.108599	0.0626996
	-0.108599	0.0626996
	0.9638	1.00065
	-0.0361996	0.0361996
	0	0
	0	0
	-0.108599	0.0626996
	-0.108599	0.0626996
	-0.0361996	0.0361996
	-0.0723993	0.051194
	-0.108599	0.0626996
	1.9638	1.41468
	0.891401	1.00196
	0.891401	1.00196
	-0.0361996	0.0361996
	-0.144799	0.0723993
	-0.0723993	0.051194
	0	0
	-0.0723993	0.051194
	0.927601	1.00131
	-0.108599	0.0626996
	-0.0361996	0.0361996
	-0.0723993	0.051194
	0	0
	-0.108599	0.0626996
	-0.0723993	0.051194
	-0.108599	0.0626996
	-0.0723993	0.051194
	0.9638	1.00065
	-0.0723993	0.051194
	-0.0723993	0.051194
	-0.0723993	0.051194
	-0.108599	0.0626996
	-0.0361996	0.0361996
	-0.0723993	0.051194
	0.9638	1.00065
	-0.180998	0.0809449
	-0.0723993	0.051194
	0	0
	1	1
	-0.144799	0.0723993
	-0.108599	0.0626996
	-0.144799	0.0723993
	0.927601	1.00131
	-0.108599	0.0626996
	-0.108599	0.0626996
	-0.108599	0.0626996
	0	0
	-0.108599	0.0626996
	0.9638	1.00065
	0.927601	1.00131
	-0.0723993	0.051194
	-0.0361996	0.0361996
	-0.108599	0.0626996
	-0.0361996	0.0361996
	0	0
	-0.144799	0.0723993
	-0.0361996	0.0361996
	1	1
	-0.0723993	0.051194
	0.927601	1.00131
	-0.108599	0.0626996
	0.891401	1.00196
	-0.0361996	0.0361996
	-0.0361996	0.0361996
	-0.0361996	0.0361996
	-0.144799	0.0723993
	-0.0723993	0.051194
	-0.0723993	0.051194
	-0.108599	0.0626996
	-0.217198	0.0886706
	0.927601	1.00131
	-0.0361996	0.0361996
	-0.108599	0.0626996
	0	0
	-0.108599	0.0626996
	0.9638	1.00065
	-0.108599	0.0626996
	0	0
	-0.0723993	0.051194
	-0.0361996	0.0361996
	-0.0723993	0.051194
	0.927601	1.00131
	-0.108599	0.0626996
	0.891401	1.00196
	-0.0723993	0.051194
	-0.0361996	0.0361996
	-0.108599	0.0626996
	-0.0723993	0.051194
	0	0
	-0.0361996	0.0361996
	-0.0361996	0.0361996
	0.819002	1.00327
	-0.0723993	0.051194
	-0.108599	0.0626996
	-0.0723993	0.051194
	0.9638	1.00065
	-0.108599	0.0626996
	0	0
	-0.108599	0.0626996
	-0.0723993	0.051194
	-0.108599	0.0626996
	-0.0723993	0.051194
	-0.0361996	0.0361996
	-0.0361996	0.0361996
	-0.0361996	0.0361996
	-0.0361996	0.0361996
	0	0
	0.927601	1.00131
	-0.144799	0.0723993
	0.927601	1.00131
	-0.0361996	0.0361996
	1	1
	-0.144799	0.0723993
	-0.108599	0.0626996
	-0.0361996	0.0361996
	0.9638	1.00065
	-0.108599	0.0626996
	1	1
	-0.0723993	0.051194
	-0.0723993	0.051194
	-0.108599	0.0626996
	0.9638	1.00065
	-0.108599	0.0626996
	-0.108599	0.0626996
	-0.0723993	0.051194
	-0.0723993	0.051194
	-0.0361996	0.0361996
	-0.180998	0.0809449
	-0.0723993	0.051194
	0.9638	1.00065
	-0.0723993	0.051194
	0.927601	1.00131
	0	0
	-0.0723993	0.051194
	0.891401	1.00196
	0	0
	-0.0361996	0.0361996
	-0.0723993	0.051194
	-0.0361996	0.0361996
	0	0
	-0.0361996	0.0361996
	-0.108599	0.0626996
	0	0
	-0.0723993	0.051194
	-0.0723993	0.051194
	-0.0723993	0.051194
	-0.0361996	0.0361996
	-0.0361996	0.0361996
	-0.108599	0.0626996
	0.9638	1.00065
	-0.0361996	0.0361996
	-0.108599	0.0626996
	-0.0361996	0.0361996
	-0.0361996	0.0361996
	-0.144799	0.0723993
	0	0
	0.9638	1.00065
	-0.108599	0.0626996
	-0.108599	0.0626996
	0.891401	1.00196
	-0.253397	0.0957752
	0.9638	1.00065
	-0.0361996	0.0361996
	0.9638	1.00065
	-0.0723993	0.051194
	-0.0361996	0.0361996
	0	0
	-0.0723993	0.051194
	-0.0361996	0.0361996
	-0.0361996	0.0361996
	0	0
	-0.0361996	0.0361996
	-0.108599	0.0626996
	-0.0723993	0.051194
	-0.0723993	0.051194
	-0.0723993	0.051194
	-0.0723993	0.051194
	0	0
	2	1.41421
	-0.0361996	0.0361996
	-0.0723993	0.051194
	0.710403	1.00523
	0.9638	1.00065
	0.9638	1.00065
	-0.0361996	0.0361996
	-0.0723993	0.051194
	0.927601	1.00131
	-0.0723993	0.051194
	0	0
	0	0
	0	0
	-0.0723993	0.051194
	-0.144799	0.0723993
	-0.108599	0.0626996
	0.927601	1.00131
	-0.144799	0.0723993
	-0.144799	0.0723993
	0.927601	1.00131
	-0.0361996	0.0361996
	-0.0723993	0.051194
	-0.0361996	0.0361996
	0.819002	1.00327
	-0.0723993	0.051194
	-0.0723993	0.051194
	0.855201	1.00262
	0	0
	-0.108599	0.0626996
	-0.0361996	0.0361996
	-0.0723993	0.051194
	-0.0361996	0.0361996
	-0.0723993	0.051194
	0.891401	1.00196
	-0.108599	0.0626996
	-0.108599	0.0626996
	-0.180998	0.0809449
	-0.0361996	0.0361996
	-0.217198	0.0886706
	-0.325797	0.108599
	-0.253397	0.0957752
	-0.217198	0.0886706
	-0.361996	0.114473
	-0.434396	0.125399
	-0.289597	0.102388
	-0.325797	0.108599
	-0.434396	0.125399
	-0.325797	0.108599
	-0.180998	0.0809449
	-0.180998	0.0809449
	-0.180998	0.0809449
	-0.108599	0.0626996
	-0.108599	0.0626996
	-0.0723993	0.051194
	-0.0723993	0.051194
	-0.144799	0.0723993
	-0.217198	0.0886706
	-0.144799	0.0723993
	0	0
	0.927601	1.00131
	0.927601	1.00131
	-0.253397	0.0957752
	-0.180998	0.0809449
	0.927601	1.00131
	1	1
	-0.0723993	0.051194
	-0.0723993	0.051194
	-0.0361996	0.0361996
	-0.0723993	0.051194
	-0.144799	0.0723993
	0.927601	1.00131
	2	1.41421
	1	1
	0.855201	1.00262
	-0.108599	0.0626996
	-0.0723993	0.051194
	0	0
	0.9638	1.00065
	-0.108599	0.0626996
	0	0
	0	0
	-0.180998	0.0809449
	-0.144799	0.0723993
	-0.108599	0.0626996
	-0.0723993	0.051194
	-0.144799	0.0723993
	-0.0723993	0.051194
	-0.253397	0.0957752
	-0.217198	0.0886706
	-0.217198	0.0886706
	0.891401	1.00196
	-0.108599	0.0626996
	-0.180998	0.0809449
	-0.180998	0.0809449
	-0.144799	0.0723993
	-0.108599	0.0626996
	1	1
	-0.144799	0.0723993
	0	0
	-0.0723993	0.051194
	-0.0723993	0.051194
	-0.180998	0.0809449
	-0.0723993	0.051194
	1.9638	1.41468
	-0.0723993	0.051194
	-0.108599	0.0626996
	-0.0361996	0.0361996
	-0.0723993	0.051194
	-0.0723993	0.051194
	-0.0361996	0.0361996
	-0.108599	0.0626996
	0.891401	1.00196
	-0.108599	0.0626996
	0	0
	0	0
	-0.0361996	0.0361996
	-0.0723993	0.051194
	-0.0361996	0.0361996
	0.927601	1.00131
	-0.0723993	0.051194
	0.927601	1.00131
	-0.0361996	0.0361996
	-0.0723993	0.051194
	-0.0361996	0.0361996
	-0.0361996	0.0361996
	1	1
	-0.0723993	0.051194
	-0.180998	0.0809449
	0.891401	1.00196
	-0.0723993	0.051194
	0	0
	-0.0361996	0.0361996
	1.8552	1.41607
	-0.0361996	0.0361996
	-0.0361996	0.0361996
	0.927601	1.00131
	0	0
	0.782802	1.00392
	0.891401	1.00196
	-0.108599	0.0626996
	-0.0723993	0.051194
	-0.0723993	0.051194
	0.9638	1.00065
	0	0
	1.9276	1.41514
	-0.0361996	0.0361996
	-0.0723993	0.051194
	-0.0723993	0.051194
	1	1
	-0.108599	0.0626996
	-0.0361996	0.0361996
	0	0
	-0.108599	0.0626996
	-0.0723993	0.051194
	-0.0361996	0.0361996
	-0.144799	0.0723993
	-0.0723993	0.051194
	-0.0723993	0.051194
	-0.108599	0.0626996
	-0.144799	0.0723993
	0.9638	1.00065
	-0.0723993	0.051194
	0.855201	1.00262
	-0.108599	0.0626996
	-0.0723993	0.051194
	-0.0361996	0.0361996
	-0.144799	0.0723993
	1	1
	0	0
	-0.144799	0.0723993
	0	0
	-0.0723993	0.051194
	-0.0361996	0.0361996
	-0.0361996	0.0361996
	0	0
	-0.0361996	0.0361996
	-0.0361996	0.0361996
	-0.217198	0.0886706
	-0.108599	0.0626996
	-0.144799	0.0723993
	-0.180998	0.0809449
	0	0
	0.855201	1.00262
	-0.0723993	0.051194
	0	0
	-0.108599	0.0626996
	-0.0723993	0.051194
	0.855201	1.00262
	-0.108599	0.0626996
	-0.0361996	0.0361996
	-0.0723993	0.051194
	-0.108599	0.0626996
	-0.0361996	0.0361996
	-0.0723993	0.051194
	-0.0723993	0.051194
	-0.0723993	0.051194
	-0.253397	0.0957752
	0	0
	-0.0361996	0.0361996
	-0.180998	0.0809449
	-0.0361996	0.0361996
	-0.0361996	0.0361996
	-0.217198	0.0886706
	-0.144799	0.0723993
	-0.0361996	0.0361996
	0.891401	1.00196
	0	0
	0	0
	-0.0723993	0.051194
	0.891401	1.00196
	-0.0361996	0.0361996
	-0.0723993	0.051194
	2	1.41421
	-0.0723993	0.051194
	-0.0723993	0.051194
	-0.0723993	0.051194
	-0.108599	0.0626996
	-0.0361996	0.0361996
	-0.0723993	0.051194
	0	0
	0.927601	1.00131
	-0.144799	0.0723993
	-0.108599	0.0626996
	1	1
	-0.0723993	0.051194
	-0.144799	0.0723993
	0	0
	-0.0723993	0.051194
	-0.0361996	0.0361996
	-0.0723993	0.051194
	-0.144799	0.0723993
	-0.108599	0.0626996
	0.9638	1.00065
	-0.0361996	0.0361996
	-0.0723993	0.051194
	-0.0361996	0.0361996
	-0.0361996	0.0361996
	-0.108599	0.0626996
	-0.180998	0.0809449
	-0.0723993	0.051194
	-0.0723993	0.051194
	-0.0723993	0.051194
	0	0
	-0.0723993	0.051194
	-0.108599	0.0626996
	-0.0361996	0.0361996
	0	0
	-0.108599	0.0626996
	-0.108599	0.0626996
	1	1
	-0.0361996	0.0361996
	-0.180998	0.0809449
	-0.0361996	0.0361996
	-0.0723993	0.051194
	-0.0361996	0.0361996
	-0.108599	0.0626996
	-0.0723993	0.051194
	-0.108599	0.0626996
	-0.0723993	0.051194
	-0.180998	0.0809449
	-0.108599	0.0626996
	0	0
	0.9638	1.00065
	-0.0723993	0.051194
	-0.144799	0.0723993
	-0.0723993	0.051194
	-0.108599	0.0626996
	-0.217198	0.0886706
	0	0
	-0.108599	0.0626996
	-0.180998	0.0809449
	-0.108599	0.0626996
	-0.0723993	0.051194
	-0.0723993	0.051194
	-0.0723993	0.051194
	-0.0361996	0.0361996
	0	0
	-0.0723993	0.051194
	-0.0723993	0.051194
	-0.0361996	0.0361996
	0	0
	-0.0361996	0.0361996
	-0.144799	0.0723993
	0	0
	-0.0361996	0.0361996
	-0.0361996	0.0361996
	-0.108599	0.0626996
	-0.108599	0.0626996
	2.9638	1.73243
	-0.0361996	0.0361996
	-0.0361996	0.0361996
	-0.0723993	0.051194
	0.9638	1.00065
	-0.0723993	0.051194
	-0.217198	0.0886706
	-0.0361996	0.0361996
	-0.217198	0.0886706
	-0.0361996	0.0361996
	-0.0361996	0.0361996
	0.9638	1.00065
	-0.0723993	0.051194
	-0.0361996	0.0361996
	0	0
	-0.0361996	0.0361996
	-0.144799	0.0723993
	-0.0723993	0.051194
	-0.108599	0.0626996
	-0.0361996	0.0361996
	0.819002	1.00327
	0.891401	1.00196
	-0.180998	0.0809449
	0	0
	-0.108599	0.0626996
	-0.0723993	0.051194
	-0.180998	0.0809449
	-0.0723993	0.051194
	-0.0361996	0.0361996
	-0.0361996	0.0361996
	-0.0361996	0.0361996
	1.9638	1.41468
	-0.0361996	0.0361996
	-0.0723993	0.051194
	-0.0361996	0.0361996
	-0.0361996	0.0361996
	-0.0361996	0.0361996
	-0.0723993	0.051194
	-0.0723993	0.051194
	-0.180998	0.0809449
	0.927601	1.00131
	-0.144799	0.0723993
	0.855201	1.00262
	-0.0361996	0.0361996
	0	0
	-0.0361996	0.0361996
	-0.108599	0.0626996
	-0.180998	0.0809449
	0.891401	1.00196
	-0.0723993	0.051194
	-0.253397	0.0957752
	0.855201	1.00262
	-0.0361996	0.0361996
	-0.0723993	0.051194
	-0.0723993	0.051194
	0.9638	1.00065
	-0.0361996	0.0361996
	-0.0723993	0.051194
	-0.108599	0.0626996
	-0.0723993	0.051194
	-0.325797	0.108599
	0.565604	1.00783
	-0.325797	0.108599
	-0.434396	0.125399
	-0.470595	0.13052
	-0.325797	0.108599
	-0.289597	0.102388
	0.746603	1.00458
	0.601804	1.00718
	-0.289597	0.102388
	0.819002	1.00327
	-0.144799	0.0723993
	-0.0361996	0.0361996
	-0.0361996	0.0361996
	-0.108599	0.0626996
	-0.0723993	0.051194
	-0.0723993	0.051194
	0.9638	1.00065
	0.9638	1.00065
	0	0
	-0.253397	0.0957752
	-0.144799	0.0723993
	-0.0361996	0.0361996
	-0.0361996	0.0361996
	0.9638	1.00065
	0.927601	1.00131
	-0.0723993	0.051194
	1.8914	1.4156
	-0.0723993	0.051194
	0	0
	-0.0361996	0.0361996
	0	0
	-0.0361996	0.0361996
	-0.0361996	0.0361996
	-0.0723993	0.051194
	-0.0723993	0.051194
	1.9638	1.41468
	0.927601	1.00131
	0	0
	-0.0361996	0.0361996
	-0.0361996	0.0361996
	-0.108599	0.0626996
	-0.0361996	0.0361996
	-0.0723993	0.051194
	-0.180998	0.0809449
	-0.0723993	0.051194
	-0.108599	0.0626996
	-0.0361996	0.0361996
	-0.0723993	0.051194
	0.891401	1.00196
	0	0
	-0.108599	0.0626996
	-0.217198	0.0886706
	-0.0361996	0.0361996
	-0.180998	0.0809449
	0	0
	-0.0723993	0.051194
	-0.108599	0.0626996
	-0.108599	0.0626996
	-0.0361996	0.0361996
	1	1
	-0.0361996	0.0361996
	-0.108599	0.0626996
	-0.0361996	0.0361996
	-0.0361996	0.0361996
	-0.108599	0.0626996
	0.9638	1.00065
	-0.144799	0.0723993
	0.9638	1.00065
	-0.144799	0.0723993
	-0.108599	0.0626996
	-0.0361996	0.0361996
	-0.0361996	0.0361996
	-0.108599	0.0626996
	0.927601	1.00131
	-0.0361996	0.0361996
	-0.0361996	0.0361996
	-0.144799	0.0723993
	-0.0723993	0.051194
	0.891401	1.00196
	0.927601	1.00131
	-0.0361996	0.0361996
	-0.0723993	0.051194
	-0.108599	0.0626996
	1	1
	-0.0723993	0.051194
	1.9276	1.41514
	0.927601	1.00131
	-0.180998	0.0809449
	-0.144799	0.0723993
	0	0
	-0.0723993	0.051194
	-0.0361996	0.0361996
	0	0
	-0.0361996	0.0361996
	0.9638	1.00065
	-0.0723993	0.051194
	0	0
	-0.0723993	0.051194
	-0.144799	0.0723993
	-0.0361996	0.0361996
	1	1
	-0.144799	0.0723993
	0.927601	1.00131
	-0.108599	0.0626996
	-0.0361996	0.0361996
	-0.0361996	0.0361996
	-0.0361996	0.0361996
	0	0
	-0.144799	0.0723993
	-0.108599	0.0626996
	-0.108599	0.0626996
	0	0
	-0.0723993	0.051194
	-0.144799	0.0723993
	-0.0361996	0.0361996
	-0.108599	0.0626996
	0.9638	1.00065
	-0.0361996	0.0361996
	-0.108599	0.0626996
	-0.0723993	0.051194
	-0.108599	0.0626996
	-0.108599	0.0626996
	-0.0723993	0.051194
	-0.108599	0.0626996
	-0.0361996	0.0361996
	0.927601	1.00131
	-0.0361996	0.0361996
	0	0
	-0.108599	0.0626996
	-0.144799	0.0723993
	0	0
	0	0
	-0.0361996	0.0361996
	-0.0361996	0.0361996
	-0.144799	0.0723993
	0.891401	1.00196
	-0.108599	0.0626996
	-0.0361996	0.0361996
	-0.108599	0.0626996
	-0.108599	0.0626996
	-0.108599	0.0626996
	0	0
	-0.0361996	0.0361996
	-0.0361996	0.0361996
	-0.108599	0.0626996
	-0.180998	0.0809449
	-0.144799	0.0723993
	-0.0361996	0.0361996
	-0.0723993	0.051194
	0.927601	1.00131
	-0.0361996	0.0361996
	-0.0361996	0.0361996
	-0.108599	0.0626996
	0	0
	-0.108599	0.0626996
	-0.0361996	0.0361996
	0.855201	1.00262
	-0.144799	0.0723993
	-0.108599	0.0626996
	-0.180998	0.0809449
	-0.0723993	0.051194
	-0.0361996	0.0361996
	-0.108599	0.0626996
	-0.0723993	0.051194
	0.9638	1.00065
	-0.108599	0.0626996
	0	0
	-0.0361996	0.0361996
	0.927601	1.00131
	-0.108599	0.0626996
	-0.0361996	0.0361996
	-0.0361996	0.0361996
	-0.0361996	0.0361996
	-0.0361996	0.0361996
	-0.0361996	0.0361996
	-0.108599	0.0626996
	0	0
	-0.0723993	0.051194
	0	0
	-0.0723993	0.051194
	-0.0723993	0.051194
	0.891401	1.00196
	-0.0361996	0.0361996
	-0.144799	0.0723993
	0	0
	-0.108599	0.0626996
	-0.0361996	0.0361996
	1.9276	1.41514
	-0.0361996	0.0361996
	-0.108599	0.0626996
	-0.144799	0.0723993
	-0.0361996	0.0361996
	-0.0723993	0.051194
	-0.217198	0.0886706
	0.891401	1.00196
	0.927601	1.00131
	-0.0723993	0.051194
	-0.108599	0.0626996
	0	0
	0	0
	-0.0361996	0.0361996
	-0.144799	0.0723993
	-0.0361996	0.0361996
	-0.0723993	0.051194
	-0.144799	0.0723993
	-0.0723993	0.051194
	-0.253397	0.0957752
	-0.0361996	0.0361996
	-0.108599	0.0626996
	-0.180998	0.0809449
	-0.0723993	0.051194
	-0.144799	0.0723993
	-0.144799	0.0723993
	-0.144799	0.0723993
	-0.0723993	0.051194
	0.891401	1.00196
	-0.144799	0.0723993
	-0.0361996	0.0361996
	-0.0723993	0.051194
	-0.217198	0.0886706
	-0.144799	0.0723993
	0.927601	1.00131
	-0.0723993	0.051194
	-0.0361996	0.0361996
	-0.108599	0.0626996
	-0.144799	0.0723993
	0	0
	0	0
	-0.108599	0.0626996
	0	0
	-0.0723993	0.051194
	-0.144799	0.0723993
	-0.144799	0.0723993
	-0.0361996	0.0361996
	-0.0723993	0.051194
	-0.144799	0.0723993
	-0.0361996	0.0361996
	-0.108599	0.0626996
	-0.0361996	0.0361996
	0.819002	1.00327
	1	1
	-0.180998	0.0809449
	-0.0361996	0.0361996
	-0.0723993	0.051194
	-0.0361996	0.0361996
	-0.0723993	0.051194
	-0.0361996	0.0361996
	-0.108599	0.0626996
	-0.0723993	0.051194
	-0.0361996	0.0361996
	-0.180998	0.0809449
	0.927601	1.00131
	-0.0361996	0.0361996
	-0.144799	0.0723993
	-0.108599	0.0626996
	-0.108599	0.0626996
	0.855201	1.00262
	-0.180998	0.0809449
	-0.0723993	0.051194
	-0.144799	0.0723993
	-0.108599	0.0626996
	1	1
	-0.108599	0.0626996
	0	0
	0.891401	1.00196
	-0.0723993	0.051194
	-0.144799	0.0723993
	-0.0723993	0.051194
	-0.0723993	0.051194
	-0.144799	0.0723993
	-0.0723993	0.051194
	-0.144799	0.0723993
	-0.0723993	0.051194
	0	0
	-0.108599	0.0626996
	-0.217198	0.0886706
	-0.0361996	0.0361996
	-0.0723993	0.051194
	-0.180998	0.0809449
	-0.0723993	0.051194
	-0.108599	0.0626996
	-0.144799	0.0723993
	-0.0361996	0.0361996
	-0.0361996	0.0361996
	0	0
	-0.0361996	0.0361996
	-0.0361996	0.0361996
	-0.0723993	0.051194
	-0.144799	0.0723993
	-0.0723993	0.051194
	-0.0723993	0.051194
	-0.108599	0.0626996
	-0.0723993	0.051194
	-0.0361996	0.0361996
	0.927601	1.00131
	0.9638	1.00065
	0.927601	1.00131
	-0.0723993	0.051194
	0.9638	1.00065
	-0.144799	0.0723993
	-0.0723993	0.051194
	0.891401	1.00196
	-0.0361996	0.0361996
	-0.0361996	0.0361996
	-0.0723993	0.051194
	-0.144799	0.0723993
	-0.180998	0.0809449
	-0.0361996	0.0361996
	0.9638	1.00065
	-0.0723993	0.051194
	-0.0723993	0.051194
	-0.144799	0.0723993
	-0.0723993	0.051194
	-0.0723993	0.051194
	-0.108599	0.0626996
	0.891401	1.00196
	-0.0723993	0.051194
	-0.108599	0.0626996
	0	0
	-0.0723993	0.051194
	0	0
	-0.0361996	0.0361996
	-0.144799	0.0723993
	1	1
	0	0
	-0.0723993	0.051194
	-0.0723993	0.051194
	0	0
	-0.0361996	0.0361996
	-0.0361996	0.0361996
	-0.0361996	0.0361996
	-0.0361996	0.0361996
	-0.0723993	0.051194
	-0.0361996	0.0361996
	-0.108599	0.0626996
	-0.144799	0.0723993
	-0.0723993	0.051194
	0	0
	0.9638	1.00065
	-0.0361996	0.0361996
	-0.108599	0.0626996
	-0.0361996	0.0361996
	0	0
	0.9638	1.00065
	0.891401	1.00196
	-0.144799	0.0723993
	-0.180998	0.0809449
	-0.0723993	0.051194
	-0.108599	0.0626996
	-0.0361996	0.0361996
	-0.0723993	0.051194
	-0.108599	0.0626996
	-0.108599	0.0626996
	-0.0361996	0.0361996
	-0.180998	0.0809449
	-0.0723993	0.051194
	-0.108599	0.0626996
	-0.0723993	0.051194
	0.927601	1.00131
	-0.0361996	0.0361996
	-0.108599	0.0626996
	-0.0361996	0.0361996
	-0.144799	0.0723993
	-0.0723993	0.051194
	-0.0723993	0.051194
	0.891401	1.00196
	0.927601	1.00131
	-0.144799	0.0723993
	-0.108599	0.0626996
	0	0
	0	0
	-0.0723993	0.051194
	-0.0361996	0.0361996
	-0.0723993	0.051194
	-0.0361996	0.0361996
	-0.0361996	0.0361996
	-0.0361996	0.0361996
	-0.0361996	0.0361996
	-0.0723993	0.051194
	-0.0361996	0.0361996
	-0.0723993	0.051194
	-0.108599	0.0626996
	-0.0361996	0.0361996
	1	1
	-0.108599	0.0626996
	-0.217198	0.0886706
	-0.0361996	0.0361996
	-0.0361996	0.0361996
	0	0
	-0.108599	0.0626996
	-0.108599	0.0626996
	-0.0723993	0.051194
	-0.180998	0.0809449
	-0.0723993	0.051194
	-0.144799	0.0723993
	-0.0361996	0.0361996
	-0.144799	0.0723993
	0.9638	1.00065
	0.927601	1.00131
	-0.144799	0.0723993
	-0.0361996	0.0361996
	0	0
	-0.144799	0.0723993
	-0.0361996	0.0361996
	-0.144799	0.0723993
	-0.253397	0.0957752
	-0.108599	0.0626996
	-0.0723993	0.051194
	-0.144799	0.0723993
	-0.0723993	0.051194
	0	0
	0	0
	0.9638	1.00065
	-0.144799	0.0723993
	-0.144799	0.0723993
	-0.0361996	0.0361996
	-0.108599	0.0626996
	-0.108599	0.0626996
	0	0
	-0.144799	0.0723993
	-0.0361996	0.0361996
	-0.0361996	0.0361996
	-0.144799	0.0723993
	0.927601	1.00131
	0.9638	1.00065
	-0.180998	0.0809449
	-0.144799	0.0723993
	-0.0361996	0.0361996
	-0.0723993	0.051194
	-0.0723993	0.051194
	-0.108599	0.0626996
	-0.108599	0.0626996
	-0.0361996	0.0361996
	-0.0361996	0.0361996
	-0.144799	0.0723993
	-0.0361996	0.0361996
	0.9638	1.00065
	-0.0361996	0.0361996
	-0.0361996	0.0361996
	-0.144799	0.0723993
	-0.144799	0.0723993
	0	0
	-0.144799	0.0723993
	-0.0723993	0.051194
	0.855201	1.00262
	-0.144799	0.0723993
	-0.0361996	0.0361996
	-0.0361996	0.0361996
	0.782802	1.00392
	-0.0361996	0.0361996
	-0.0361996	0.0361996
	-0.0723993	0.051194
	-0.0723993	0.051194
	-0.0361996	0.0361996
	0.819002	1.00327
	-0.0361996	0.0361996
	-0.0723993	0.051194
	-0.0361996	0.0361996
	-0.108599	0.0626996
	-0.144799	0.0723993
	-0.108599	0.0626996
	-0.0723993	0.051194
	-0.108599	0.0626996
	-0.108599	0.0626996
	1.7828	1.41699
	-0.0723993	0.051194
	0.891401	1.00196
	-0.0361996	0.0361996
	0	0
	-0.144799	0.0723993
	-0.108599	0.0626996
	-0.144799	0.0723993
	0.927601	1.00131
	-0.0361996	0.0361996
	-0.0723993	0.051194
	-0.108599	0.0626996
	-0.0361996	0.0361996
	-0.0723993	0.051194
	-0.0361996	0.0361996
	0.9638	1.00065
	0	0
	0.927601	1.00131
	-0.0723993	0.051194
	-0.0723993	0.051194
	-0.0723993	0.051194
	-0.180998	0.0809449
	-0.0723993	0.051194
	-0.0723993	0.051194
	-0.0723993	0.051194
	-0.0361996	0.0361996
	0	0
	0	0
	-0.108599	0.0626996
	-0.108599	0.0626996
	-0.0361996	0.0361996
	-0.144799	0.0723993
	-0.144799	0.0723993
	-0.0723993	0.051194
	-0.0361996	0.0361996
	0	0
	-0.0361996	0.0361996
	-0.108599	0.0626996
	-0.0361996	0.0361996
	-0.0361996	0.0361996
	-0.0723993	0.051194
	-0.0723993	0.051194
	-0.0723993	0.051194
	-0.0723993	0.051194
	-0.0723993	0.051194
	-0.0361996	0.0361996
	0	0
	-0.0723993	0.051194
	-0.108599	0.0626996
	-0.144799	0.0723993
	-0.0723993	0.051194
	-0.108599	0.0626996
	-0.0361996	0.0361996
	1	1
	-0.108599	0.0626996
	-0.180998	0.0809449
	-0.144799	0.0723993
	-0.0361996	0.0361996
	0	0
	0.855201	1.00262
	0	0
	-0.144799	0.0723993
	0	0
	0	0
	-0.108599	0.0626996
	-0.0361996	0.0361996
	-0.0723993	0.051194
	-0.0361996	0.0361996
	0	0
	-0.0723993	0.051194
	-0.0723993	0.051194
	0	0
	0.927601	1.00131
	-0.0723993	0.051194
	-0.108599	0.0626996
	-0.0361996	0.0361996
	-0.108599	0.0626996
	0	0
	-0.108599	0.0626996
	0.746603	1.00458
	-0.0723993	0.051194
	-0.144799	0.0723993
	-0.180998	0.0809449
	-0.108599	0.0626996
	-0.0723993	0.051194
	-0.0723993	0.051194
	0	0
	1.819	1.41653
	-0.0361996	0.0361996
	0	0
	-0.0361996	0.0361996
	0.927601	1.00131
	-0.144799	0.0723993
	-0.0361996	0.0361996
	-0.0723993	0.051194
	-0.0361996	0.0361996
	-0.0723993	0.051194
	-0.0723993	0.051194
	-0.0723993	0.051194
	-0.0361996	0.0361996
	-0.0723993	0.051194
	-0.0361996	0.0361996
	-0.0361996	0.0361996
	-0.0361996	0.0361996
	0	0
	-0.0361996	0.0361996
	-0.0723993	0.051194
	0	0
	-0.0361996	0.0361996
	-0.0361996	0.0361996
	2	1.41421
	-0.108599	0.0626996
	0	0
	-0.0723993	0.051194
	-0.0723993	0.051194
	-0.0723993	0.051194
	-0.0361996	0.0361996
	-0.108599	0.0626996
	-0.0723993	0.051194
	-0.0723993	0.051194
	0.891401	1.00196
	-0.0723993	0.051194
	0	0
	0	0
	-0.180998	0.0809449
	-0.0723993	0.051194
	0	0
	-0.0361996	0.0361996
	0	0
	-0.108599	0.0626996
	-0.0361996	0.0361996
	-0.108599	0.0626996
	-0.0361996	0.0361996
	-0.144799	0.0723993
	-0.108599	0.0626996
	0	0
	0.891401	1.00196
	-0.0723993	0.051194
	0.9638	1.00065
	0.9638	1.00065
	-0.180998	0.0809449
	-0.0361996	0.0361996
	-0.0361996	0.0361996
	0	0
	-0.108599	0.0626996
	0	0
	-0.0723993	0.051194
	-0.0361996	0.0361996
	0	0
	-0.0361996	0.0361996
	-0.0361996	0.0361996
	-0.0361996	0.0361996
	0	0
	0	0
	0	0
	-0.0723993	0.051194
	-0.0723993	0.051194
	0	0
	0	0
	-0.0361996	0.0361996
	-0.0361996	0.0361996
	0	0
	0	0
	-0.180998	0.0809449
	0.9638	1.00065
	-0.0361996	0.0361996
	-0.0723993	0.051194
	0.891401	1.00196
	0	0
	1	1
	0	0
	-0.0723993	0.051194
	-0.0361996	0.0361996
	-0.0723993	0.051194
	-0.108599	0.0626996
	0.9638	1.00065
	-0.0723993	0.051194
	-0.108599	0.0626996
	-0.0361996	0.0361996
	-0.0361996	0.0361996
	-0.0723993	0.051194
	-0.0361996	0.0361996
	0	0
	0	0
	0	0
	-0.217198	0.0886706
	-0.108599	0.0626996
	-0.0723993	0.051194
	-0.0723993	0.051194
	-0.0361996	0.0361996
	-0.0361996	0.0361996
	-0.0361996	0.0361996
	-0.0361996	0.0361996
	0	0
	0	0
	-0.0723993	0.051194
	1	1
	-0.108599	0.0626996
	-0.0361996	0.0361996
	-0.0361996	0.0361996
	0	0
	-0.0723993	0.051194
	-0.0361996	0.0361996
	-0.0723993	0.051194
	-0.0723993	0.051194
	-0.0723993	0.051194
	-0.108599	0.0626996
	-0.0723993	0.051194
	-0.108599	0.0626996
	-0.0723993	0.051194
	-0.0723993	0.051194
	0	0
	-0.0361996	0.0361996
	-0.0361996	0.0361996
	0	0
	0	0
	-0.0361996	0.0361996
	0	0
	0.891401	1.00196
	-0.0361996	0.0361996
	-0.0723993	0.051194
	0.9638	1.00065
	0	0
	-0.108599	0.0626996
	0	0
	-0.0361996	0.0361996
	-0.0723993	0.051194
	0	0
	0	0
	-0.0361996	0.0361996
	-0.0723993	0.051194
	-0.0723993	0.051194
	-0.0361996	0.0361996
	-0.0361996	0.0361996
	-0.0361996	0.0361996
	-0.0361996	0.0361996
	-0.180998	0.0809449
	-0.0723993	0.051194
	-0.0361996	0.0361996
	0	0
	-0.0723993	0.051194
	-0.0361996	0.0361996
	-0.0361996	0.0361996
	-0.0361996	0.0361996
	0.927601	1.00131
	0.891401	1.00196
	-0.0361996	0.0361996
	-0.0361996	0.0361996
	0	0
	-0.0723993	0.051194
	-0.0361996	0.0361996
	-0.0361996	0.0361996
	0	0
	0	0
	-0.0723993	0.051194
	-0.0361996	0.0361996
	0	0
	0	0
	-0.0361996	0.0361996
	-0.0361996	0.0361996
	-0.0723993	0.051194
	-0.0361996	0.0361996
	-0.0361996	0.0361996
	-0.0723993	0.051194
	-0.0361996	0.0361996
	-0.0723993	0.051194
	-0.0723993	0.051194
	0	0
	0	0
	-0.0361996	0.0361996
	-0.0361996	0.0361996
	-0.0723993	0.051194
	-0.108599	0.0626996
	0	0
	-0.0361996	0.0361996
	0.9638	1.00065
	-0.0361996	0.0361996
	0	0
	0.9638	1.00065
	-0.0723993	0.051194
	-0.108599	0.0626996
	-0.0723993	0.051194
	-0.180998	0.0809449
	-0.144799	0.0723993
	-0.0361996	0.0361996
	-0.217198	0.0886706
	-0.144799	0.0723993
	-0.0723993	0.051194
	-0.108599	0.0626996
	-0.180998	0.0809449
	-0.0361996	0.0361996
	-0.144799	0.0723993
	-0.0361996	0.0361996
	-0.0723993	0.051194
	-0.0361996	0.0361996
	-0.0361996	0.0361996
	-0.0361996	0.0361996
	-0.0361996	0.0361996
	0	0
	0	0
	0	0
	-0.108599	0.0626996
	-0.0361996	0.0361996
	-0.0361996	0.0361996
	2	1.41421
	-0.0361996	0.0361996
	0	0
	0.9638	1.00065
	-0.0361996	0.0361996
	0	0
	1	1
	0	0
	-0.0723993	0.051194
	0	0
	-0.108599	0.0626996
	0	0
	-0.0723993	0.051194
	0	0
	-0.0723993	0.051194
	-0.0723993	0.051194
	-0.0361996	0.0361996
	-0.108599	0.0626996
	0	0
	0	0
	-0.0361996	0.0361996
	0	0
	-0.108599	0.0626996
	0	0
	0	0
	-0.0361996	0.0361996
	-0.0361996	0.0361996
	-0.0723993	0.051194
	-0.0723993	0.051194
	0	0
	-0.0361996	0.0361996
	-0.108599	0.0626996
	-0.108599	0.0626996
	-0.0361996	0.0361996
	-0.0361996	0.0361996
	-0.0723993	0.051194
	-0.0361996	0.0361996
	0	0
	-0.0723993	0.051194
	0	0
	-0.0723993	0.051194
	-0.0361996	0.0361996
	-0.0361996	0.0361996
	-0.0361996	0.0361996
	0	0
	0	0
	0	0
	-0.0361996	0.0361996
	0	0
	0	0
	-0.0361996	0.0361996
	-0.0361996	0.0361996
	0	0
	0	0
	-0.0361996	0.0361996
	0	0
	-0.0723993	0.051194
	-0.0723993	0.051194
	-0.0361996	0.0361996
	-0.0361996	0.0361996
	-0.0361996	0.0361996
	0	0
	0	0
	0	0
	0.927601	1.00131
	0	0
	-0.0361996	0.0361996
	-0.0361996	0.0361996
	-0.0361996	0.0361996
	-0.0723993	0.051194
	-0.0723993	0.051194
	-0.0361996	0.0361996
	-0.0361996	0.0361996
	-0.0361996	0.0361996
	0	0
	-0.0361996	0.0361996
	0	0
	-0.0361996	0.0361996
	-0.0723993	0.051194
	0.9638	1.00065
	-0.0723993	0.051194
	-0.0723993	0.051194
	-0.0723993	0.051194
	-0.0361996	0.0361996
	-0.0723993	0.051194
	0	0
	0	0
	0	0
	-0.0361996	0.0361996
	0	0
	-0.0723993	0.051194
	0	0
	0	0
	0	0
	0	0
	0	0
	-0.0361996	0.0361996
	-0.0361996	0.0361996
	-0.0723993	0.051194
	0	0
	0	0
	0	0
	0	0
	0	0
	0	0
	0	0
	0	0
	0	0
	-0.0361996	0.0361996
	-0.0361996	0.0361996
	0	0
	0	0
	0	0
	0	0
	-0.0361996	0.0361996
	-0.0723993	0.051194
	-0.0361996	0.0361996
	-0.0723993	0.051194
	0	0
	-0.0361996	0.0361996
	0	0
	-0.0723993	0.051194
	-0.0723993	0.051194
	-0.108599	0.0626996
	0	0
	0	0
	0	0
	-0.0361996	0.0361996
	0	0
	0	0
	0	0
	-0.0361996	0.0361996
	-0.0361996	0.0361996
	0	0
	0	0
	1	1
	-0.0723993	0.051194
	-0.0361996	0.0361996
	0	0
	-0.0361996	0.0361996
	0	0
	0	0
	-0.0361996	0.0361996
	0	0
	0	0
	0	0
	0	0
	0	0
	-0.0361996	0.0361996
	-0.0361996	0.0361996
	0	0
	-0.0361996	0.0361996
	0	0
	0	0
	-0.0361996	0.0361996
	-0.0361996	0.0361996
	-0.108599	0.0626996
	-0.0361996	0.0361996
	0	0
	-0.0361996	0.0361996
	0	0
	-0.0361996	0.0361996
	0	0
	-0.108599	0.0626996
	-0.0361996	0.0361996
	-0.0361996	0.0361996
	0	0
	-0.0361996	0.0361996
	0.9638	1.00065
	0	0
	0	0
	-0.0361996	0.0361996
	0	0
	0	0
	0	0
	-0.0361996	0.0361996
	0	0
	-0.0361996	0.0361996
	2	1.41421
	2	1.41421
	0.9638	1.00065
	0.927601	1.00131
	1.9276	1.41514
	1	1
	1	1
	0	0
	0.9638	1.00065
	1.9638	1.41468
	-0.0361996	0.0361996
	-0.108599	0.0626996
	-0.0361996	0.0361996
	0	0
	-0.0723993	0.051194
	0	0
	0	0
	0	0
	0	0
	0	0
	0	0
	0	0
	0	0
	-0.0723993	0.051194
	0	0
	0	0
	0	0
	-0.0361996	0.0361996
	0	0
	-0.0723993	0.051194
	-0.0361996	0.0361996
	0	0
	0	0
	0	0
	0	0
	1	1
	0	0
	0	0
	0	0
	-0.0361996	0.0361996
	-0.0723993	0.051194
	0	0
	-0.0361996	0.0361996
	-0.0361996	0.0361996
	0	0
	0	0
	1	1
	0	0
	-0.0361996	0.0361996
	0	0
	0	0
	0	0
	-0.0361996	0.0361996
	0	0
	0	0
	0	0
	-0.0361996	0.0361996
	0	0
	-0.0361996	0.0361996
	0	0
	0	0
	0	0
	0	0
	0	0
	0	0
	0	0
	-0.0361996	0.0361996
	0	0
	0	0
	0	0
	-0.0361996	0.0361996
	-0.0361996	0.0361996
	0	0
	-0.0723993	0.051194
	-0.0361996	0.0361996
	0	0
	0	0
	0	0
	0	0
	0	0
	0	0
	0	0
	-0.0361996	0.0361996
	-0.0361996	0.0361996
	0	0
	0	0
	0	0
	0	0
	-0.0361996	0.0361996
	-0.0361996	0.0361996
	0	0
	0	0
	0	0
	0	0
	0	0
	0	0
	0	0
	0	0
	0	0
	0	0
	0	0
	0	0
	0	0
	0	0
	-0.0361996	0.0361996
	0	0
	-0.0361996	0.0361996
	0	0
	-0.0361996	0.0361996
	-0.0361996	0.0361996
	-0.0361996	0.0361996
	-0.0361996	0.0361996
	0	0
	-0.0361996	0.0361996
	-0.0361996	0.0361996
	0	0
	0	0
	0	0
	0	0
	0	0
	0	0
	0	0
	-0.0361996	0.0361996
	-0.0361996	0.0361996
	0	0
	-0.0361996	0.0361996
	0	0
	-0.0361996	0.0361996
	-0.0361996	0.0361996
	0	0
	0	0
	0	0
	0	0
	-0.0361996	0.0361996
	0	0
	-0.0361996	0.0361996
	0	0
	0	0
	0	0
	0	0
	-0.0361996	0.0361996
	0	0
	0	0
	0	0
	0	0
	-0.0361996	0.0361996
	0	0
	0	0
	0	0
	0	0
	0	0
	0	0
	0	0
	-0.0361996	0.0361996
	0	0
	0	0
	0	0
	0	0
	0	0
	-0.108599	0.0626996
	0	0
	-0.0361996	0.0361996
	-0.0723993	0.051194
	-0.0361996	0.0361996
	0	0
	-0.0723993	0.051194
	0	0
	0	0
	0	0
	0	0
	0	0
	0	0
	0	0
	-0.0723993	0.051194
	0	0
	0	0
	0	0
	0	0
	-0.0361996	0.0361996
	-0.0361996	0.0361996
	0	0
	0	0
	-0.0361996	0.0361996
	0	0
	0	0
	-0.0361996	0.0361996
	0	0
	0	0
	-0.0723993	0.051194
	-0.0361996	0.0361996
	-0.0723993	0.051194
	0	0
	0	0
	0	0
	0	0
	0	0
	0	0
	-0.0723993	0.051194
	0	0
	0	0
	-0.0361996	0.0361996
	0	0
	0	0
	0	0
	0	0
	0	0
	-0.0361996	0.0361996
	0	0
	-0.0361996	0.0361996
	0	0
	0	0
	-0.0361996	0.0361996
	0	0
	-0.0361996	0.0361996
	0	0
	0	0
	0	0
	0	0
	-0.0361996	0.0361996
	0	0
	-0.0361996	0.0361996
	0	0
	0	0
	-0.0361996	0.0361996
	0	0
	0	0
	0	0
	-0.0361996	0.0361996
	0	0
	0	0
	0	0
	0	0
	-0.0723993	0.051194
	0	0
	-0.0361996	0.0361996
	0	0
	0	0
	-0.0723993	0.051194
	0	0
	0	0
	0	0
	0	0
	-0.0361996	0.0361996
	-0.0361996	0.0361996
	0	0
	0	0
	0	0
	0	0
	0	0
	0	0
	0	0
	0	0
	0	0
	0	0
	0	0
	0	0
	0	0
	0	0
	0	0
	-0.108599	0.0626996
	0	0
	0	0
	0	0
	-0.0361996	0.0361996
	0	0
	0	0
	0	0
	0	0
	0	0
	0	0
	0	0
	0	0
	0	0
	-0.0361996	0.0361996
	0	0
	0	0
	0	0
	0	0
	0	0
	0	0
	0	0
	0	0
	-0.0361996	0.0361996
	0	0
	0	0
	0	0
	-0.0361996	0.0361996
	-0.0361996	0.0361996
	0	0
	-0.0723993	0.051194
	0	0
	0	0
	0	0
	0	0
	0	0
	0	0
	0	0
	-0.0361996	0.0361996
	0	0
	0	0
	0	0
	0	0
	-0.0361996	0.0361996
	-0.108599	0.0626996
	-0.0361996	0.0361996
	0	0
	0	0
	-0.0723993	0.051194
	-0.0723993	0.051194
	-0.108599	0.0626996
	-0.398196	0.120061
	-0.687793	0.157791
	-0.579194	0.144799
	-0.723993	0.16189
	-1.19459	0.207951
	-2.31678	0.289597
	-1.84618	0.258517
	-1.88238	0.261039
	-2.60637	0.307164
	-1.99098	0.268464
	-1.30319	0.217198
	-1.12219	0.201551
	-0.398196	0.120061
	-0.470595	0.13052
	-0.180998	0.0809449
	-0.144799	0.0723993
	-0.0361996	0.0361996
	-0.0361996	0.0361996
	-0.0723993	0.051194
	0	0
	-0.0361996	0.0361996
	0	0
	-0.0361996	0.0361996
	0	0
	2	1.41421
	1	1
	0	0
	2	1.41421
	2	1.41421
	1	1
	3	1.73205
	2	1.41421
	1	1
	0	0
	-0.0361996	0.0361996
	1	1
	0	0
	0	0
	-0.0361996	0.0361996
	-0.0361996	0.0361996
	0	0
	0	0
	0	0
	-0.0361996	0.0361996
	-0.0361996	0.0361996
	0	0
	-0.0361996	0.0361996
	-0.0361996	0.0361996
	0	0
	0	0
	0	0
	0	0
	0	0
	0	0
	-0.0361996	0.0361996
	0	0
	0	0
	-0.0361996	0.0361996
	0	0
	0	0
	0	0
	1	1
	0	0
	0	0
	-0.0361996	0.0361996
	0	0
	0	0
	0	0
	0	0
	0	0
	-0.0361996	0.0361996
	0	0
	0	0
	0	0
	0	0
	0	0
	0	0
	0	0
	0	0
	-0.0361996	0.0361996
	-0.0361996	0.0361996
	-0.0361996	0.0361996
	0	0
	0	0
	0	0
	0	0
	0	0
	0	0
	0	0
	-0.0361996	0.0361996
	0	0
	0	0
	-0.0361996	0.0361996
	0	0
	0	0
	0	0
	-0.0361996	0.0361996
	-0.0361996	0.0361996
	0	0
	0	0
	-0.0723993	0.051194
	0	0
	0	0
	0	0
	0	0
	-0.0361996	0.0361996
	-0.0361996	0.0361996
	-0.0361996	0.0361996
	0	0
	0	0
	-0.0361996	0.0361996
	-0.0723993	0.051194
	0	0
	0	0
	0	0
	0	0
	-0.0361996	0.0361996
	0	0
	0	0
	0	0
	0	0
	-0.0361996	0.0361996
	0	0
	0	0
	-0.0361996	0.0361996
	0	0
	0	0
	0	0
	-0.0361996	0.0361996
	0	0
	0	0
	0	0
	0	0
	0	0
	0	0
	0	0
	-0.0361996	0.0361996
	0	0
	0	0
	0	0
	0	0
	-0.0723993	0.051194
	0	0
	0	0
	-0.0723993	0.051194
	0	0
	0	0
	0	0
	0	0
	-0.0361996	0.0361996
	0	0
	0	0
	-0.0361996	0.0361996
	0	0
	-0.0361996	0.0361996
	0	0
	0	0
	0	0
	0	0
	0	0
	-0.0361996	0.0361996
	0	0
	-0.0361996	0.0361996
	0	0
	1	1
	0	0
	0	0
	0	0
	0	0
	0	0
	0	0
	0	0
	0	0
	0	0
	0	0
	0	0
	0	0
	0	0
	-0.0361996	0.0361996
	-0.0361996	0.0361996
	0	0
	0	0
	0	0
	1	1
	-0.0361996	0.0361996
	0	0
	-0.0361996	0.0361996
	-0.0723993	0.051194
	0	0
	0	0
	0	0
	0	0
	0	0
	0	0
	0	0
	0	0
	-0.0361996	0.0361996
	-0.0361996	0.0361996
	0	0
	0	0
	-0.0361996	0.0361996
	-0.0361996	0.0361996
	0	0
	-0.0361996	0.0361996
	0	0
	-0.0361996	0.0361996
	-0.0723993	0.051194
	0.0678292	1.76243
	25.9679	7.48672
	37.3704	8.97257
	38.9134	9.02703
	44.9858	9.35333
	17.8998	7.84372
	40.8184	9.08045
	36.8682	8.79867
	35.4428	8.86027
	42.0808	9.24757
	27.375	8.20964
